"id","status","sort","user_created","date_created","user_updated","date_updated","brand_name","model","type","price","price_before","discount_info","image","partner_name","partner_link_url","partner_link_rel_2","partner_link_title","ceneo_url","ceneo_link_rel_2","ceneo_link_title","maximum_cooling_power","max_cooling_area_manufacturer","max_cooling_area_ro","maximum_heating_power","max_heating_area_manufacturer","max_heating_area_ro","usage","colors","max_loudness","min_loudness","swing","max_air_flow","number_of_fan_speeds","max_performance_dry","temperature_range","max_cooling_temperature","min_cooling_temperature","min_heating_temperature","max_heating_temperature","mesh_filter","hepa_filter","hepa_filter_price","hepa_service_life","carbon_filter","carbon_filter_price","carbon_service_life","ionization","uvc","uv_light_generator","mobile_app","mobile_features","remote_control","functions","refrigerant_kind","needs_to_be_completed","refrigerant_amount","rated_voltage","rated_power_heating_consumption","rated_power_cooling_consumption","eer","cop","cooling_energy_class","heating_energy_class","width","height","depth","weight","manual","capability_points","capability","profitability_points","profitability","ranking","review_link","discharge_pipe","discharge_pipe_length","discharge_pipe_diameter","sealing","drain_hose","mode_cooling","mode_heating","mode_dry","mode_fan","mode_purify","max_performance_dry_condition","ranking_hidden","functions_and_equipment_condi","small","main_ranking","is_promo","gallery"
11,"published",,"5ca02cd3-a310-4eb0-ac06-14c3eb99c0f1","2022-03-23T15:58:22.000Z","ce682939-7d3b-4f32-85de-df7f56fffb04","2024-08-29T07:42:45.000Z","Eberg","COOLY C35HD","przenośny",1799,,,"00fb6cbb-6047-4a25-bd9d-783e683d9040",,,"[]",,"https://www.ceneo.pl/92953125#crid=349962&pid=16557","[""nofollow""]",,3.22,35,32,2.93,35,29,"wewnętrznie","[""czarny"",""biały""]",65,51,"1",280,3,36,"13-32",32,18,13,27,"1","0",,,"0",,,"0","0",,"1","[""Wi-Fi 2,4 GHZ""]","1","[""Tryb sleep (tryb nocny)"",""Automatycznie odszranianie"",""Blokada rodzicielska"",""Programator"",""Kółka jezdne""]","R290","NIE",260,,1035,1230,2.6,2.8,"A","A+",43.5,71.5,35,31,"5b1bde39-be82-4619-ab85-17f0103681c5",,,,85,41,"https://ranking-oczyszczaczy.pl/recenzje-klimatyzatorow-powietrza/eberg-cooly-c35hd/","1",150,15,"brak","1","1","1","1","1","0",,false,"[""Filtr HEPA"",""Swing""]","nie","nie",false,"[]"
12,"published",,"5ca02cd3-a310-4eb0-ac06-14c3eb99c0f1","2022-03-24T13:11:40.000Z","cc69ec5a-41ac-4c72-81cb-b851e58049a6","2025-05-20T11:37:34.000Z","Fersk","Vind 2 WiFi HEPA","przenośny",2299,,,"69be6d27-ab62-43a3-8c82-fb05d250d382","Fersk","https://fersk.pl/klimatyzatory-przenosne/fersk-vind-2-wifi-hepa-white/","[""nofollow""]",,,"[]",,3.52,40,35,3.3,40,33,"wewnętrznie","[""biały"",""srebrny""]",64,50,"1",400,3,28,"16-30",30,16,16,30,"1","1",99,6,"0",,,"0","0",,"1","[""Wi-Fi 2,4 GHZ""]","1","[""Automatycznie odszranianie"",""Tryb automatyczny"",""Blokada rodzicielska"",""Programator"",""Kółka jezdne""]","R290","NIE",265,,1500,1350,2.61,2.64,"A","A+",36,73,34,29.5,"ceccbdd0-ac61-4c6f-b20c-8d4754ac244d",75,,100,100,1,"https://ranking-oczyszczaczy.pl/recenzje-klimatyzatorow-powietrza/fersk-vind-2-wifi/","1",150,15,"rękaw uszczelniający w zestawie - dł. 4m","1","1","1","1","1","1",,false,"[""Urządzenie 5w1"",""2 kolory"",""Filtr HEPA"",""Uszczelka na okno w zestawie"",""Swing"",""Funkcja grzania"",""Wi-Fi""]","nie","tak",true,"[]"
13,"published",,"5ca02cd3-a310-4eb0-ac06-14c3eb99c0f1","2022-03-25T12:03:19.000Z","cc69ec5a-41ac-4c72-81cb-b851e58049a6","2025-05-20T11:07:23.000Z","Fral","SuperCool FSC14.1","przenośny",3590,,,"a1ad2e7d-290a-4166-98d0-d8142013ceee",,,"[]",,"https://www.ceneo.pl/16761973#crid=467168&pid=16557","[""nofollow""]",,4,40,40,4,40,40,"wewnętrznie i zewnętrznie","[""czarny""]",54,48,"0",450,3,70,"15-30",30,17,15,25,"1","0",,,"0",,,"0","0",,"1","[""Wi-Fi 2,4 GHZ""]","1","[""Automatycznie odszranianie"",""Blokada rodzicielska"",""Programator"",""Kółka jezdne""]","R410a","No",455,,1580,1700,2.67,3.14,"A","A++",30,76,55,30.5,"d772ae16-4ef6-4bb4-81ae-f2a87acda397",,,,75,49,"https://ranking-oczyszczaczy.pl/recenzje-klimatyzatorow-powietrza/fral-supercool-fsc14/","1",150,15,"brak","1","1","1","1","1","0",,true,,"nie","nie",false,"[]"
14,"published",,"5ca02cd3-a310-4eb0-ac06-14c3eb99c0f1","2022-03-29T08:39:07.000Z","cc69ec5a-41ac-4c72-81cb-b851e58049a6","2025-05-20T11:51:13.000Z","Blaupunkt","Moby Blue S 1111E ’21 (UV-C)","przenośny",2199,,,"df0bdc45-129a-4219-9eed-a71f909d6acd","Homespot","https://homespot.pl/blaupunkt-moby-blue-s-1111e-klimatyzator-przenosny-copy","[""nofollow""]",,,"[]",,3.2,30,32,2.9,30,29,"wewnętrznie","[""biały""]",65,26,"1",280,3,28.8,"13-32",32,18,13,27,"1","0",,,"0",,,"0","1","[""1""]","0","[""Wi-Fi 2,4 GHZ""]","1","[""Tryb sleep (tryb nocny)"",""Funkcja autodiagnozy"",""Automatycznie odszranianie"",""Programator"",""Kółka jezdne""]","R290","No",260,,1035,1230,2.6,2.8,"A","A+",43.5,72,36,31,"43d99818-4b89-473f-be34-fc6e35069ec1",,,,80,7,"https://ranking-oczyszczaczy.pl/recenzje-klimatyzatorow-powietrza/blaupunkt-moby-blue-s-1111e/","1",150,15,"brak","1","1","1","1","1","0",,true,,"nie","nie",false,"[]"
15,"published",,"5ca02cd3-a310-4eb0-ac06-14c3eb99c0f1","2022-03-31T09:44:01.000Z","cc69ec5a-41ac-4c72-81cb-b851e58049a6","2025-05-20T11:51:47.000Z","Volteno","VO1988","przenośny",1699,,,"0198ed35-f8ba-4245-9dbc-0e412cbd4c88",,,"[""nofollow"",""noopener""]",,"https://www.ceneo.pl/81413378#crid=455788&pid=16557","[""nofollow""]",,3.52,43,35,1,1,10,"wewnętrznie","[""biały""]",65,,"0",400,2,28,"17-31",31,17,1,1,"1","0",,,"0",,,"0","0",,"0","[""Wi-Fi 2,4 GHZ""]","1","[""Automatycznie odszranianie"",""Kółka jezdne""]","R290","No",230,,,1357,2.6,,"A",,42,72.2,36,28,"02ee6528-fad4-48e5-8655-eb35f5c9dfbc",,,,72,12,"https://ranking-oczyszczaczy.pl/recenzje-klimatyzatorow-powietrza/volteno-vo1988/","1",150,15,"brak","1","1","0","1","1","0",,true,,"nie","nie",false,"[]"
16,"published",,"5ca02cd3-a310-4eb0-ac06-14c3eb99c0f1","2022-03-31T11:19:59.000Z","cc69ec5a-41ac-4c72-81cb-b851e58049a6","2025-05-20T11:54:26.000Z","Kaisai","KPC-09AK29","przenośny",1450.79,,,"54f81739-c4a2-44b2-87d6-85b7087dd8f5",,,"[""nofollow"",""noopener""]",,"https://www.ceneo.pl/90770693;0284-0.htm#crid=463409&pid=16557","[""nofollow""]",,2.6,16,26,1,1,10,"wewnętrznie","[""biały""]",53,49,"0",320,3,34.32,"16-35",35,16,1,1,"1","0",,,"0",,,"0","0",,"0","[""Wi-Fi 2,4 GHZ""]","1","[""Funkcja autodiagnozy"",""Tryb sleep (tryb nocny)"",""Automatycznie odszranianie"",""Tryb automatyczny"",""Programator"",""Kółka jezdne""]","R290","No",220,,,1010,2.6,,"A",,31.5,39.5,77,27,"e1622f4e-3f59-42c8-af75-c676c8a158d1",,,,62,17,"https://ranking-oczyszczaczy.pl/recenzje-klimatyzatorow-powietrza/kaisai-kpc-09ak29/","1",150,15,"brak","1","1","0","1","1","0",,true,,"nie","nie",false,"[]"
18,"published",,"5ca02cd3-a310-4eb0-ac06-14c3eb99c0f1","2022-03-31T12:18:55.000Z","cc69ec5a-41ac-4c72-81cb-b851e58049a6","2025-05-20T11:33:14.000Z","Sencor","SAC MT9020C","przenośny",1696,,,"5b16f416-b3f1-4b99-9798-754aa2d5a090",,,"[""nofollow"",""noopener""]",,"https://www.ceneo.pl/80863993#crid=349772&pid=16557","[""nofollow""]",,2.64,31,26,1,,10,"wewnętrznie","[""biały"",""czarny""]",65,,"1",290,4,28,"18-32",32,18,1,1,"1","0",,,"0",,,"0","0",,"0","[""Wi-Fi 2,4 GHZ""]","1","[""Tryb sleep (tryb nocny)"",""Automatycznie odszranianie"",""Programator"",""Kółka jezdne""]","R290","No",205,,,1000,2.6,,"A",,44,69.5,32.5,29,"3b08de3f-5a9f-47b7-857f-85b444ecc77f",55,,70,70,3,"https://ranking-oczyszczaczy.pl/recenzje-klimatyzatorow-powietrza/sencor-sac-mt9020c/","1",150,15,"uszczelka okienna w zestawie","1","1","0","1","1","0",,true,,"nie","nie",false,"[]"
19,"published",,"5ca02cd3-a310-4eb0-ac06-14c3eb99c0f1","2022-03-31T12:45:50.000Z","cc69ec5a-41ac-4c72-81cb-b851e58049a6","2025-05-20T11:56:18.000Z","Electrolux","EXP34U338CW","przenośny",1699,,,"2205b8e6-426f-4bb1-8fcc-1a937da486d2",,,"[""nofollow"",""noopener""]",,"https://www.ceneo.pl/64645826#crid=362640&pid=16557","[""nofollow""]",,3.4,38,34,1,,10,"wewnętrznie","[""biały""]",64,,"1",386,3,38.4,"16-32",32,16,1,1,"1","0",,,"0",,,"0","0",,"0","[""Wi-Fi 2,4 GHZ""]","1","[""Tryb sleep (tryb nocny)"",""Automatycznie odszranianie"",""Tryb automatyczny"",""Programator"",""Kółka jezdne""]","R290","No",210,,,1300,2.6,,"A",,47.6,71,38.5,33.5,"5511c7ad-f264-45a4-a290-4ad0a4c91c59",,,,80,26,"https://ranking-oczyszczaczy.pl/recenzje-klimatyzatorow-powietrza/electrolux-exp34u338cw/","1",150,15,"brak","1","1","0","1","1","0",,true,,"nie","nie",false,"[]"
20,"draft",,"7af31cec-b274-4ba7-b864-6b9a58ef0531","2022-03-31T12:58:12.000Z","7af31cec-b274-4ba7-b864-6b9a58ef0531","2022-04-01T13:13:50.000Z","TCL","TestModel","ścienne",989,1766,,,,,"[""nofollow"",""noopener""]",,,"[""nofollow"",""noopener""]",,,,0,,,0,"wewnętrznie","[""czarny""]",12,,"0",12,,,,,50,,,"0","0",,,"0",,,"0","0",,"0","[""Wi-Fi 2,4 GHZ""]","0",,,,,,,12,,,,,,,,,,,0,,0,,,"0",,,,"0","1","0","1","0","0",,false,,"nie","nie",false,"[]"
21,"published",,"5ca02cd3-a310-4eb0-ac06-14c3eb99c0f1","2022-03-31T13:00:50.000Z","cc69ec5a-41ac-4c72-81cb-b851e58049a6","2025-05-20T11:59:06.000Z","Sencor","SAC MT9021C","przenośny",1769,,,"70db20de-b646-4df6-a765-9c349622dfe5",,,"[""nofollow"",""noopener""]",,"https://www.ceneo.pl/92612118#crid=349641&pid=16557","[""nofollow""]",,2.64,31,26,1,,10,"wewnętrznie","[""czarny"",""biały""]",65,,"1",290,4,24,"18-32",32,18,1,1,"1","0",,,"0",,,"0","0",,"0","[""Wi-Fi 2,4 GHZ""]","1","[""Tryb sleep (tryb nocny)"",""Funkcja samoodparowania kondensatu"",""Automatycznie odszranianie"",""Tryb automatyczny"",""Programator"",""Kółka jezdne""]","R290","No",205,,,1000,2.6,,"A",,44,69.5,32.5,29,"b731a987-376a-478c-ab14-093b86a6b1f4",,,,63,30,"https://ranking-oczyszczaczy.pl/recenzje-klimatyzatorow-powietrza/sencor-sac-mt9021c/","1",150,15,"uszczelka okienna w zestawie","1","1","0","1","1","0",,true,,"nie","nie",false,"[]"
22,"published",,"5ca02cd3-a310-4eb0-ac06-14c3eb99c0f1","2022-03-31T13:20:47.000Z","cc69ec5a-41ac-4c72-81cb-b851e58049a6","2025-05-20T11:13:51.000Z","Whirlpool","PACW29COL","przenośny",1428,,,"5a701586-4045-450c-9ed3-6d1e886a4593",,,"[""nofollow"",""noopener""]",,"https://www.ceneo.pl/80432684#crid=463407&pid=16557","[""nofollow""]",,2.8,18,28,1,,10,"wewnętrznie","[""biały""]",64,59,"1",380,3,31.2,"21-35",35,21,1,1,"1","1",,,"0",,,"0","0",,"0","[""Wi-Fi 2,4 GHZ""]","1","[""Tryb sleep (tryb nocny)"",""2 tryby automatyczne"",""Automatycznie odszranianie"",""Programator"",""Kółka jezdne"",""Wygaszanie podświetlania""]","R290","No",280,,,1200,2.6,,"A",,44.8,74.4,40,34,"95b53f92-f74d-4929-a5f5-88cdef604bb0",,,,75,34,"https://ranking-oczyszczaczy.pl/recenzje-klimatyzatorow-powietrza/whirlpool-pacw29col/","1",150,16,"listwa okienna w zestawie","1","1","0","1","1","0",,false,,"nie","nie",false,"[]"
23,"published",,"5ca02cd3-a310-4eb0-ac06-14c3eb99c0f1","2022-04-01T11:33:27.000Z","cc69ec5a-41ac-4c72-81cb-b851e58049a6","2025-05-20T12:00:58.000Z","Volteno","VO1982","przenośny",1999.99,,,"eb0b7367-0b62-4a2b-84e1-5d4c8e182dc4",,,"[""nofollow"",""noopener""]",,"https://www.ceneo.pl/81864490#crid=455786&pid=16557","[""nofollow""]",,4.1,50,41,,,0,"wewnętrznie","[""biały""]",65,,"1",400,3,31,"7-31",31,7,,,"1","0",,,"0",,,"0","0",,"0","[""Wi-Fi 2,4 GHZ""]","1","[""Tryb sleep (tryb nocny)"",""Automatycznie odszranianie"",""Programator"",""Kółka jezdne""]","R290","No",260,,,1550,2.6,,"A",,47,75.2,38.2,33,"a1d8169c-1ab7-414c-8fb4-e9e8502ed1c5",,,,82,38,"https://ranking-oczyszczaczy.pl/recenzje-klimatyzatorow-powietrza/volteno-vo1982/","1",150,15,"listwa okienna w zestawie","1","1","0","1","1","0",,true,,"nie","nie",false,"[]"
24,"published",,"5ca02cd3-a310-4eb0-ac06-14c3eb99c0f1","2022-04-01T12:20:02.000Z","e7bcdc1c-c375-4e8c-80b7-b5e5af3507f6","2024-07-23T09:57:56.000Z","Electrolux","EXP34U338HW","przenośny",2497,,,"41469e5c-1e1a-43b0-a5d0-18398e11210d",,,"[""nofollow"",""noopener""]",,"https://www.ceneo.pl/64645821#crid=350309&pid=16557","[""nofollow""]",,3.4,38,34,2.7,38,27,"wewnętrznie","[""biały""]",64,,"1",386,4,38.4,"5-35",35,16,5,27,"1","0",,,"0",,,"0","0",,"0","[""Wi-Fi 2,4 GHZ""]","1","[""Tryb sleep (tryb nocny)"",""Automatycznie odszranianie"",""Tryb automatyczny"",""Programator"",""Kółka jezdne""]","R290","No",210,,1000,1300,2.6,2.8,"A","A+",47.6,71,38.5,33.5,"1390f2e5-49ef-402d-8f95-bd0e7df9a8de",100,,90,76,2,"https://ranking-oczyszczaczy.pl/recenzje-klimatyzatorow-powietrza/electrolux-exp34u338hw/","1",150,15,"brak","1","1","1","1","1","0",,true,"[""Swing""]","nie","nie",false,"[]"
25,"published",,"5ca02cd3-a310-4eb0-ac06-14c3eb99c0f1","2022-04-01T13:08:36.000Z","cc69ec5a-41ac-4c72-81cb-b851e58049a6","2025-05-20T11:09:07.000Z","Warmtec","KP35W","przenośny",2399,,,"6d01fbf8-aafb-44ae-8b69-35f46ff73788","Wentsystem","https://wentsystem.com/product-pol-8602-Klimatyzator-przenosny-Warmtec-KP35W-Wi-Fi.html","[""nofollow""]",,,"[]",,3.5,40,35,2.9,40,29,"wewnętrznie","[""biały""]",54,,"0",540,3,36,"13-32",32,18,13,27,"1","0",,,"0",,,"0","0",,"1","[""Wi-Fi 2,4 GHZ""]","1","[""Tryb sleep (tryb nocny)"",""Automatycznie odszranianie"",""Tryb automatyczny"",""Blokada rodzicielska"",""Programator"",""Kółka jezdne""]","R290","No",235,,1035,1330,2.61,2.8,"A","A+",43.5,71.5,35,31,"1e5e26ff-a1e4-44da-b28b-84270b11b365",,,,88,46,"https://ranking-oczyszczaczy.pl/recenzje-klimatyzatorow-powietrza/warmtec-kp35w/","1",150,13,"listwa okienna w zestawie","1","1","1","1","1","0",,false,,"nie","nie",false,"[]"
26,"published",,"5ca02cd3-a310-4eb0-ac06-14c3eb99c0f1","2022-04-04T06:49:56.000Z","cc69ec5a-41ac-4c72-81cb-b851e58049a6","2025-05-20T12:03:16.000Z","TCL","TAC-09CPB/H","przenośny",1899.99,,,"4122d61e-1e3d-41c2-8113-5ca3f36a8cd6",,,"[""nofollow"",""noopener""]",,"https://www.ceneo.pl/94299111#crid=349771&pid=16557","[""nofollow""]",,2.6,30,26,,,0,"wewnętrznie","[""biały""]",65,48,"1",290,3,24,"18-32",32,18,,,"1","0",,,"0",,,"0","0",,"1","[""Wi-Fi 2,4 GHZ""]","1","[""Tryb sleep (tryb nocny)"",""Funkcja autodiagnoza"",""Automatyczny system odparowania wody"",""Automatycznie odszranianie"",""Tryb automatyczny"",""Blokada rodzicielska"",""Programator"",""Kółka jezdne""]","R290","No",245,,,2600,2.6,,"A",,42,70,32,29,"2108d062-fede-487d-9746-31c26a9158ed",,,,58,4,"https://ranking-oczyszczaczy.pl/recenzje-klimatyzatorow-powietrza/tcl-tac-09cpb-h/","1",150,15,"brak","1","1","0","1","1","0",,true,,"nie","nie",false,"[]"
27,"published",,"5ca02cd3-a310-4eb0-ac06-14c3eb99c0f1","2022-04-04T07:55:39.000Z","cc69ec5a-41ac-4c72-81cb-b851e58049a6","2025-05-20T12:05:17.000Z","Electrolux","EXP26U338CW","przenośny",2299,,,"51a8416c-1edf-4c67-9f9b-7568fa0189a2",,,"[""nofollow"",""noopener""]",,"https://www.ceneo.pl/69604712#crid=349651&pid=16557","[""nofollow""]",,2.6,20,26,,,0,"wewnętrznie","[""biały""]",64,,"1",390,4,28.8,"16-32",32,16,,,"1","0",,,"0",,,"0","0",,"0","[""Wi-Fi 2,4 GHZ""]","1","[""Tryb sleep (tryb nocny)"",""Automatycznie odszranianie"",""Tryb automatyczny"",""Programator"",""Kółka jezdne""]","R290","No",200,,,100,2.6,,"A",,47.6,71,38.5,31.5,"000e2028-5f0e-4116-bd2e-ce55b3512534",,,,69,9,"https://ranking-oczyszczaczy.pl/recenzje-klimatyzatorow-powietrza/electrolux-exp26u338cw/","1",150,15,"brak","1","1","0","1","1","0",,true,,"nie","nie",false,"[]"
28,"published",,"5ca02cd3-a310-4eb0-ac06-14c3eb99c0f1","2022-04-04T08:44:19.000Z","cc69ec5a-41ac-4c72-81cb-b851e58049a6","2025-05-20T12:07:55.000Z","Ravanson","PM-9500S","przenośny",1099,,,"edb956f4-1479-46f0-be82-3b74ed43db7a",,,"[""nofollow"",""noopener""]",,"https://www.ceneo.pl/29283601#crid=349289&pid=16557","[""nofollow""]",,2.6,26,26,,,0,"wewnętrznie","[""biały""]",65,,"1",380,2,24,"16-31",31,16,,,"1","0",,,"0",,,"0","0",,"0","[""Wi-Fi 2,4 GHZ""]","1","[""Tryb sleep (tryb nocny)"",""Automatycznie odszranianie"",""Programator"",""Kółka jezdne""]","R290","No",220,,,1010,2.6,,"A",,37,73,32,21,"bc6cfc25-dc1b-4f94-9814-d591c3e074fc",,,,75,14,"https://ranking-oczyszczaczy.pl/recenzje-klimatyzatorow-powietrza/ravanson-pm-9500s/","1",150,15,"brak","1","1","0","1","1","0",,true,,"nie","nie",false,"[]"
29,"published",,"5ca02cd3-a310-4eb0-ac06-14c3eb99c0f1","2022-04-04T09:27:42.000Z","cc69ec5a-41ac-4c72-81cb-b851e58049a6","2025-05-20T12:08:23.000Z","Trotec","PAC 2010 SH","przenośny",1196,,,"64d028be-6fe0-4964-9e4d-2c0295391951",,,"[""nofollow"",""noopener""]",,"https://www.ceneo.pl/95160143#crid=355649&pid=16557","[""nofollow""]",,2.05,26,21,1.8,26,18,"wewnętrznie","[""biały""]",65,,"0",319,2,19.2,"16-31",31,16,16,31,"1","0",,,"0",,,"0","0",,"0","[""Wi-Fi 2,4 GHZ""]","1","[""Funkcja autodiagnoza"",""Automatycznie odszranianie"",""Programator"",""Kółka jezdne""]","R290","No",140,,890,785,2.6,2.3,"A","A",32,70,30,21,"e6cd8f60-e0bf-4bbc-b2f0-1ef8f2e8ed6a",,,,50,19,"https://ranking-oczyszczaczy.pl/recenzje-klimatyzatorow-powietrza/trotec-pac-2010-sh/","1",150,15,"brak","1","1","1","1","1","0",,true,,"nie","nie",false,"[]"
30,"published",,"5ca02cd3-a310-4eb0-ac06-14c3eb99c0f1","2022-04-04T13:22:13.000Z","cc69ec5a-41ac-4c72-81cb-b851e58049a6","2025-05-20T11:41:04.000Z","Eberg","Qubo Q40HD","przenośny",2199,,,"482612a0-ce8c-40fe-955f-d20df6703758",,,"[""nofollow"",""noopener""]",,"https://www.ceneo.pl/62184140#crid=349495&pid=16557","[""nofollow""]",,4.1,50,40,4,50,40,"wewnętrznie i zewnętrznie","[""biały""]",65,48,"1",450,3,70,"15-30",30,17,15,25,"1","0",,,"0",,,"0","0",,"0","[""Wi-Fi 2,4 GHZ""]","1","[""Tryb sleep (tryb nocny)"",""Automatycznie odszranianie"",""Programator"",""Kółka jezdne""]","R290","No",270,,1500,1700,,,"A","A",30,76,53.2,30.5,"9b403c54-d559-4c01-8aa8-13b709769a1b",,,,80,23,"https://ranking-oczyszczaczy.pl/recenzje-klimatyzatorow-powietrza/eberg-qubo-q40hd/","1",150,15,"brak","1","1","1","1","1","0",,false,,"nie","nie",false,"[]"
31,"published",,"5ca02cd3-a310-4eb0-ac06-14c3eb99c0f1","2022-04-04T14:00:46.000Z","cc69ec5a-41ac-4c72-81cb-b851e58049a6","2025-05-20T12:09:46.000Z","ColumbiaVAC","KLC9100","przenośny",1299,,,"845421c6-be72-4d4d-99de-9dc5c371ef03",,,"[""nofollow"",""noopener""]",,"https://www.ceneo.pl/81864581#crid=349746&pid=16557","[""nofollow""]",,2.64,25,26,,,0,"wewnętrznie","[""biały""]",65,,"0",350,2,24,"16-31",31,16,,,"1","0",,,"0",,,"0","0",,"1","[""Wi-Fi 2,4 GHZ""]","1","[""Tryb sleep (tryb nocny)"",""Automatycznie odszranianie"",""Tryb automatyczny"",""Blokada rodzicielska"",""Programator"",""Kółka jezdne""]","R290","No",210,,,1010,2.6,,"A",,35.4,69.8,33.8,23,"c0e81289-d5ff-44fd-aaf5-61c1ae97e886",,,,63,28,"https://ranking-oczyszczaczy.pl/recenzje-klimatyzatorow-powietrza/columbia-vac-klc9100/","1",150,15,"listwa okienna w zestawie","1","1","0","1","1","0",,true,,"nie","nie",false,"[]"
32,"published",,"5ca02cd3-a310-4eb0-ac06-14c3eb99c0f1","2022-04-06T10:20:16.000Z","cc69ec5a-41ac-4c72-81cb-b851e58049a6","2025-05-22T07:03:56.000Z","Adler","AD 7909","przenośny",1199,,,"c107685f-d3c5-4c21-af7a-d29129ca59f7",,,"[""nofollow"",""noopener""]",,"https://www.ceneo.pl/76732464#crid=349422&pid=16557","[""nofollow""]",,2.1,20,21,,,0,"wewnętrznie","[""biały""]",65,,"0",300,2,17,"16-31",31,16,,,"1","0",,,"0",,,"0","0",,"0","[""Wi-Fi 2,4 GHZ""]","1","[""Automatycznie odszranianie"",""Programator"",""Kółka jezdne""]","R290","No",130,,,792,2.6,,"A",,41.3,73.2,32,20.26,,,,,50,32,"https://ranking-oczyszczaczy.pl/recenzje-klimatyzatorow-powietrza/adler-ad7909/","1",150,15,"listwa montażowa w zestawie","1","1","0","1","1","0",,false,"[""Urządzenie 3w1""]","nie","tak",false,"[]"
33,"draft",,"5ca02cd3-a310-4eb0-ac06-14c3eb99c0f1","2022-04-06T10:57:28.000Z","7af31cec-b274-4ba7-b864-6b9a58ef0531","2022-05-24T13:01:16.000Z","Sencor","SFN 9011SL","przenośny",499,,,"c84470d0-6d6e-4fd1-94eb-0f71a3914f6d",,,"[""nofollow"",""noopener""]",,"https://www.ceneo.pl/30020799#crid=363407&pid=16557","[""nofollow""]",,,,0,,,0,"wewnętrznie","[""czarny"",""srebrny""]",66,,"1",1248.6,3,,,,,,,"1","0",,,"0",,,"0","0",,"0","[""Wi-Fi 2,4 GHZ""]","1","[""Tryb sleep (tryb nocny)"",""Automatycznie odszranianie"",""Programator"",""Kółka jezdne""]",,,,,,999,,,"A",,40.8,88.9,28.2,7.2,"511f0051-60e7-4586-8f81-d4c1553df47e",,0,,0,,"https://ranking-oczyszczaczy.pl/recenzje-klimatyzatorow-powietrza/sencor-sfn-9011-sl/","0",,,"brak","1","1","0","0","1","0",,false,,"nie","nie",false,"[]"
34,"published",,"5ca02cd3-a310-4eb0-ac06-14c3eb99c0f1","2022-04-06T11:51:54.000Z","cc69ec5a-41ac-4c72-81cb-b851e58049a6","2025-05-20T12:11:37.000Z","Dimplex","PC35-AMB","przenośny",2299,,,"5c31a6f4-39cd-4472-8034-ddb293ec8d58",,,"[""nofollow"",""noopener""]",,"https://www.ceneo.pl/44570331#crid=348478&pid=16557","[""nofollow""]",,3.5,40,35,3.5,40,35,"wewnętrznie","[""biały""]",65,32,"0",450,3,60,"15-30",30,17,15,25,"1","0",,,"0",,,"0","0",,"0","[""Wi-Fi 2,4 GHZ""]","1","[""Tryb sleep (tryb nocny)"",""Automatycznie odszranianie"",""Programator"",""Kółka jezdne""]","R290","No",245,,1125,1345,2.6,3.1,"A","A++",30,77.8,50.5,29.5,"39f7c415-085d-492b-b555-8193cb53382f",,,,87,36,"https://ranking-oczyszczaczy.pl/recenzje-klimatyzatorow-powietrza/dimplex-pc-35amb/","1",150,15,"adapter okienny w zestawie","1","1","1","1","1","0",,true,,"nie","nie",false,"[]"
35,"published",,"5ca02cd3-a310-4eb0-ac06-14c3eb99c0f1","2022-04-07T09:01:23.000Z","cc69ec5a-41ac-4c72-81cb-b851e58049a6","2025-05-20T11:13:44.000Z","Blaupunkt","Arrifana 1414L","przenośny",2599,,,"b1e0d8e0-7fe0-4790-9cf6-5e5201554b4f","Homespot","https://homespot.pl/blaupunkt-arrifana-1414l-klimatyzator-przenosny?_ga=2.126669006.233848724.1649238845-54974378.1648043918","[""nofollow""]","Klimatyzator Blaupunkt Arrifana 1414L","https://www.ceneo.pl/109981126#cid=25918&crid=465498&pid=16557","[""nofollow"",""noopener""]","Klimatyzator Blaupunkt Arrifana 1414L",4,45,40,4,45,40,"wewnętrznie i zewnętrznie","[""biały""]",65,29,"1",450,4,69.6,"15-30",30,17,15,25,"1","0",,,"0",,,"0","0",,"0",0,"1","[""Tryb sleep (tryb nocny)"",""Funkcja autorestart"",""Automatycznie odszranianie"",""Tryb automatyczny"",""Blokada rodzicielska"",""Programator"",""Kółka jezdne""]","R290","No",270,,1290,1535,2.6,3.1,"A","A++",32.5,79,54,31,"25bfe70b-10bd-4a73-a524-d8c206e687c1",,,,79,,"https://ranking-oczyszczaczy.pl/recenzje-klimatyzatorow-powietrza/blaupunkt-arrifana-1414l/","1",150,15,"listwa okienna w zestawie","1","1","1","1","1","0",,false,"[""Praca na balkonie"",""Urządzenie 4w1""]","nie","nie",false,"[]"
36,"published",,"5ca02cd3-a310-4eb0-ac06-14c3eb99c0f1","2022-04-07T09:55:40.000Z","cc69ec5a-41ac-4c72-81cb-b851e58049a6","2025-05-20T12:12:42.000Z","Clatronic","CL 3671","przenośny",1097.99,,,"6a64a522-bd41-4c9e-86e7-05285185e37a",,,"[""nofollow"",""noopener""]",,"https://www.ceneo.pl/53865452#crid=355636&pid=16557","[""nofollow""]",,2.05,33,21,,,0,"wewnętrznie","[""biały""]",65,,"0",380,2,,"16-31",31,16,,,"1","0",,,"0",,,"0","0",,"0","[""Wi-Fi 2,4 GHZ""]","1","[""Automatycznie odszranianie"",""Programator"",""Kółka jezdne""]","R290","No",270,,,780,2.6,,"A",,33,68,28,18,"59a6819d-3567-4d06-ae3c-fca7e26b9c92",,,,50,40,"https://ranking-oczyszczaczy.pl/recenzje-klimatyzatorow-powietrza/clatronic-cl-3671/","1",150,15,"brak","1","1","0","1","1","0",,true,,"nie","nie",false,"[]"
37,"published",,"5ca02cd3-a310-4eb0-ac06-14c3eb99c0f1","2022-04-07T10:53:25.000Z","cc69ec5a-41ac-4c72-81cb-b851e58049a6","2025-05-20T12:13:41.000Z","Blaupunkt","Moby Blue S 1111T","przenośny",1999,,,"d28a4a8e-0b71-4d78-9a98-559e7cac81dc","Homespot","https://homespot.pl/blaupunkt-moby-blue-s-111t-klimatyzator-powietrza?_ga=2.123746505.233848724.1649238845-54974378.1648043918","[""nofollow""]",,,"[""nofollow"",""noopener""]",,3.2,30,32,2.9,30,29,"wewnętrznie","[""biały""]",65,26,"1",280,3,28.8,"13-32",32,18,13,27,"1","0",,,"0",,,"0","0",,"1","[""Wi-Fi 2,4 GHZ"",""Asystent Google""]","1","[""Funkcja autodiagnoza"",""Tryb sleep (tryb nocny)"",""Automatycznie odszranianie"",""Programator"",""Blokada rodzicielska"",""Kółka jezdne"",""Tryb automatyczny""]","R290","No",260,,1035,1230,2.6,2.8,"A","A+",43.5,72,36,31,"f1a7cb60-ef54-424c-a9f7-1678ab4c46c8",,,,76,44,"https://ranking-oczyszczaczy.pl/recenzje-klimatyzatorow-powietrza/blaupunkt-moby-blue-s-1111t/","1",150,13,"brak","1","1","1","1","1","0",,true,,"nie","nie",false,"[]"
38,"published",,"5ca02cd3-a310-4eb0-ac06-14c3eb99c0f1","2022-04-07T12:29:00.000Z","cc69ec5a-41ac-4c72-81cb-b851e58049a6","2025-05-20T12:14:01.000Z","Kalorik","TKG ACM 1008","przenośny",1459,,,"b1b2c118-8dd7-4c44-b292-88f5d0867616",,,"[""nofollow"",""noopener""]",,"https://www.ceneo.pl/81413379#crid=457504&pid=16557","[""nofollow""]",,3.53,20,35,,,0,"wewnętrznie","[""biały""]",65,,"0",400,3,28.8,"17-30",30,17,,,"1","0",,,"0",,,"0","0",,"0","[""Wi-Fi 2,4 GHZ""]","1","[""Funkcja autodiagnoza"",""Tryb sleep (tryb nocny)"",""Automatyczny system odparowania wody"",""Automatycznie odszranianie"",""Kółka jezdne""]","R290","No",230,,,1357,2.6,,"A",,42,74,37.5,28,"710f231f-8780-45d6-b921-950edb7dff60",,,,74,48,"https://ranking-oczyszczaczy.pl/recenzje-klimatyzatorow-powietrza/kalorik-tkg-acm-1008/","1",150,15,"brak","1","1","0","1","1","0",,true,,"nie","nie",false,"[]"
39,"published",,"5ca02cd3-a310-4eb0-ac06-14c3eb99c0f1","2022-04-07T13:09:04.000Z","cc69ec5a-41ac-4c72-81cb-b851e58049a6","2025-05-20T12:14:45.000Z","Torell","SKYLED-FGA24","przenośny",1143.9,,,"282630de-bdfc-46f2-8152-7e3806fd2aaf",,,"[""nofollow"",""noopener""]",,"https://www.ceneo.pl/80803610","[""nofollow""]",,2.3,20,23,,,0,"wewnętrznie","[""biały""]",65,54,"0",310,2,18.2,"18-32",32,18,,,"1","0",,,"0",,,"0","0",,"0","[""Wi-Fi 2,4 GHZ""]","1","[""Tryb sleep (tryb nocny)"",""Automatycznie odszranianie"",""Tryb automatyczny"",""Programator"",""Kółka jezdne""]","R290","No",220,,,840,2.6,,"A",,38.3,75.2,30.5,23,"05b67fc0-8437-4ff6-a65e-b2f6bf6b2abd",,,,48,6,"https://ranking-oczyszczaczy.pl/recenzje-klimatyzatorow-powietrza/torell-skyled-24-2/","1",150,12.7,"brak","1","1","0","1","1","0",,true,,"nie","nie",false,"[]"
40,"published",,"5ca02cd3-a310-4eb0-ac06-14c3eb99c0f1","2022-04-07T14:16:28.000Z","cc69ec5a-41ac-4c72-81cb-b851e58049a6","2025-05-20T11:07:53.000Z","Warmtec","Morso KP40W WiFi","przenośny",2599,,,"ff9206e0-44b0-4cb6-9a12-d36c53fe33d0",,,"[""nofollow"",""noopener""]",,"https://www.ceneo.pl/94297621#crid=348361&pid=16557","[""nofollow""]",,4,46,40,3.2,46,32,"wewnętrznie i zewnętrznie","[""biały""]",65,53,"0",480,3,34,"16-31",31,16,16,31,"1","0",,,"0",,,"0","0",,"1","[""Wi-Fi 2,4 GHZ""]","1","[""Automatycznie odszranianie"",""Blokada rodzicielska"",""Programator"",""Kółka jezdne""]","R290","No",235,,1391,1538,2.6,2.3,"A","A",32,78,57,34,"23219386-6b4f-4e18-8049-e2e5f0f807c7",,,,91,11,"https://ranking-oczyszczaczy.pl/recenzje-klimatyzatorow-powietrza/warmtec-morso-kp40w/","1",150,15,"osłona na okno przesuwne w zestawie","1","1","1","1","1","0",,false,,"nie","nie",false,"[]"
41,"published",,"5ca02cd3-a310-4eb0-ac06-14c3eb99c0f1","2022-04-11T05:47:17.000Z","cc69ec5a-41ac-4c72-81cb-b851e58049a6","2025-05-20T11:08:01.000Z","Warmtec","Morso KP53W","przenośny",3099,,,"1fe61b19-b522-4b9a-9f82-67e139141831",,,"[]",,"https://www.ceneo.pl/91715711#crid=348423&pid=16557","[""nofollow""]",,5.3,60,53,3.8,60,38,"wewnętrznie i zewnętrznie","[""biały""]",65,53,"0",480,3,48,"16-31",31,16,16,31,"1","0",,,"0",,,"0","0",,"0","[""Wi-Fi 2,4 GHZ""]","1","[""Automatycznie odszranianie"",""Programator"",""Kółka jezdne""]","R290","No",235,,1700,2000,2.65,2.3,"A","A",32.1,76.7,58,34,"96610be5-afd3-4fe6-b5e3-cddbb35faabd",,,,90,16,"https://ranking-oczyszczaczy.pl/recenzje-klimatyzatorow-powietrza/warmtec-morso-kp53w/","1",150,15,"brak","1","1","1","1","1","0",,false,,"nie","nie",false,"[]"
42,"published",,"5ca02cd3-a310-4eb0-ac06-14c3eb99c0f1","2022-04-11T06:59:15.000Z","cc69ec5a-41ac-4c72-81cb-b851e58049a6","2025-05-20T12:15:19.000Z","Haus_and_Luft","HL-KP-20","przenośny",1699,,,"aae7444f-e32d-41c8-a2c4-0e2381765014",,,"[""nofollow"",""noopener""]",,"https://www.ceneo.pl/94765865#crid=445049&pid=16557","[""nofollow""]",,3.5,42,35,,,0,"wewnętrznie","[""biały""]",65,,"1",380,3,,"7-35",35,7,,,"1","0",,,"0",,,"0","0",,"0","[""Wi-Fi 2,4 GHZ""]","1","[""Automatycznie odszranianie"",""Programator"",""Kółka jezdne""]","R290","No",265,,,1350,2.6,,"A",,42,74,36,29.5,"b10ea588-fbb8-4c5d-9823-082f0aee744d",,,,86,21,"https://ranking-oczyszczaczy.pl/recenzje-klimatyzatorow-powietrza/haus-luft-hl-kp-20/","1",150,15,"zestaw montażowy okienny w zestawie","1","1","0","1","1","0",,true,,"nie","nie",false,"[]"
43,"published",,"5ca02cd3-a310-4eb0-ac06-14c3eb99c0f1","2022-04-13T12:29:13.000Z","cc69ec5a-41ac-4c72-81cb-b851e58049a6","2025-05-20T12:16:08.000Z","Ravanson","PM-9500","przenośny",1099,,,"a734a093-221e-4c22-84e7-29d0c991eb77",,,"[""nofollow"",""noopener""]",,"https://www.ceneo.pl/13076767#crid=349773&pid=16557","[""nofollow""]",,2.6,26,26,,,0,"wewnętrznie","[""biały""]",65,,"0",380,2,24,"16-31",31,16,,,"1","0",,,"0",,,"0","0",,"0","[""Wi-Fi 2,4 GHZ""]","1","[""Tryb sleep (tryb nocny)"",""Automatycznie odszranianie"",""Programator"",""Kółka jezdne""]","R290","No",220,,,1010,2.6,,"A",,37,73,32,21,"e93f6880-9889-43a9-ae57-0005211e7887",,,,55,25,"https://ranking-oczyszczaczy.pl/recenzje-klimatyzatorow-powietrza/ravanson-pm-9500/","1",150,15,"brak","1","1","0","1","1","0",,true,,"nie","nie",false,"[]"
44,"published",,"5ca02cd3-a310-4eb0-ac06-14c3eb99c0f1","2022-04-13T12:58:48.000Z","cc69ec5a-41ac-4c72-81cb-b851e58049a6","2025-05-20T12:22:13.000Z","Blaupunkt","Moby Blue S 09E","przenośny",1799,,,"2bc55105-93a5-4911-8c9e-ccd890600130","Homespot","https://homespot.pl/blaupunkt-moby-blue-s-09e-klimatyzator-powietrza","[""nofollow""]",,,"[""nofollow"",""noopener""]",,2.6,28,26,,,0,"wewnętrznie","[""biały""]",65,25,"1",290,3,28.8,"18-32",32,18,,,"1","0",,,"0",,,"0","0",,"0","[""Wi-Fi 2,4 GHZ""]","1","[""Tryb sleep (tryb nocny)"",""Automatyczny system odparowania wody"",""Automatycznie odszranianie"",""Programator"",""Kółka jezdne""]","R290","No",205,,,1000,2.6,,"A",,42,70,32,29,"80c407a1-c309-4020-a5c0-04b5df7bf4f0",,,,85,29,"https://ranking-oczyszczaczy.pl/recenzje-klimatyzatorow-powietrza/blaupunkt-moby-blue-s-09e/","1",150,15,"brak","1","1","0","1","1","0",,true,,"nie","nie",false,"[]"
45,"published",,"5ca02cd3-a310-4eb0-ac06-14c3eb99c0f1","2022-04-13T13:37:48.000Z","cc69ec5a-41ac-4c72-81cb-b851e58049a6","2025-05-20T12:22:40.000Z","Vaco","Arrifana VAC0909W","przenośny",1848,,,"d0f379a8-1c0c-4672-8895-79f932cf9945",,,"[""nofollow"",""noopener""]",,"https://www.ceneo.pl/80803609#crid=348642&pid=16557","[""nofollow""]",,2.5,25,25,2.3,25,23,"wewnętrznie","[""biały""]",65,26,"1",280,3,27.6,"13-32",32,18,13,27,"1","0",,,"0",,,"0","0",,"1","[""Wi-Fi 2,4 GHZ"",""Asystent Google"",""Amazon echo""]","1","[""Tryb sleep (tryb nocny)"",""Automatycznie odszranianie"",""Blokada rodzicielska"",""Programator"",""Kółka jezdne"",""Tryb automatyczny""]","R290","No",265,,780,840,3,3,"A","A+",43.5,71.5,35,30,"1bb602c8-1cf6-43cb-a17d-fbb1c61da90d",,,,77,33,"https://ranking-oczyszczaczy.pl/recenzje-klimatyzatorow-powietrza/vaco-arrifana-vac0909w/","1",150,13,"listwa okienna w zestawie","1","1","1","1","1","0",,true,,"nie","nie",false,"[]"
46,"published",,"5ca02cd3-a310-4eb0-ac06-14c3eb99c0f1","2022-04-13T14:45:48.000Z","cc69ec5a-41ac-4c72-81cb-b851e58049a6","2025-05-20T12:23:08.000Z","Adler","AD 7925","przenośny",1599,,,"81d93879-46eb-4c52-9283-a74cec4db118",,,"[""nofollow"",""noopener""]",,"https://www.ceneo.pl/102465084#crid=467888&pid=16557","[""nofollow""]",,3.5,45,35,1300,,13000,"wewnętrznie","[""biały""]",65,,"0",450,2,28,"15-31",31,15,,,"1","0",,,"0",,,"0","0",,"0","[""Wi-Fi 2,4 GHZ""]","1","[""Tryb sleep (tryb nocny)"",""Automatycznie odszranianie"",""Blokada rodzicielska"",""Programator"",""Kółka jezdne""]","R290","No",210,,,1300,2.6,,"A",,38,83,40.6,28,"ae4d987f-65b2-4283-b3c5-3abb876c6563",,,,90,37,"https://ranking-oczyszczaczy.pl/recenzje-klimatyzatorow-powietrza/adler-ad-7925/","1",150,15,"brak","0","1","0","1","1","0",,true,,"nie","nie",false,"[]"
47,"published",,"5ca02cd3-a310-4eb0-ac06-14c3eb99c0f1","2022-04-14T10:47:54.000Z","cc69ec5a-41ac-4c72-81cb-b851e58049a6","2025-05-20T12:24:33.000Z","Warmtec","Senja KP32W","przenośny",1999,,,"6dcb1f35-272a-4034-a5ef-284ea460e37e",,,"[""nofollow"",""noopener""]",,"https://www.ceneo.pl/93808169#crid=348809&pid=1a6557","[""nofollow""]",,3.2,35,32,2.9,35,29,"wewnętrznie","[""biały""]",65,,"1",540,3,36,"13-32",32,18,13,27,"1","0",,,"0",,,"0","0",,"1","[""Wi-Fi 2,4 GHZ""]","1","[""Tryb sleep (tryb nocny)"",""Automatycznie odszranianie"",""Blokada rodzicielska"",""Programator"",""Kółka jezdne""]","R290","No",260,,1000,1230,2.6,2.8,"A","A+",43.5,71.5,35,31,"7249fd44-37d2-457c-b41e-bdb916bb6a31",,,,78,42,"https://ranking-oczyszczaczy.pl/recenzje-klimatyzatorow-powietrza/warmtec-kp32w/","1",150,13,"osłona na okno przesuwne w zestawie","1","1","1","1","1","0",,true,,"nie","nie",false,"[]"
48,"published",,"5ca02cd3-a310-4eb0-ac06-14c3eb99c0f1","2022-04-15T10:33:02.000Z","cc69ec5a-41ac-4c72-81cb-b851e58049a6","2025-05-20T12:26:49.000Z","Blaupunkt","Arrifana 15","przenośny",3499,,,"3df7558f-b77f-48ba-b201-1e958ac1ad6d",,,"[""nofollow"",""noopener""]",,"https://www.ceneo.pl/43472560#crid=358755&pid=16557","[""nofollow""]",,4.4,35,44,,,0,"wewnętrznie","[""biały""]",56,43,"1",450,3,80,"18-35",35,18,,,"1","0",,,"0",,,"0","0",,"0","[""Wi-Fi 2,4 GHZ""]","1","[""Automatyczny system odparowania wody"",""Funkcja autodiagnoza"",""Automatycznie odszranianie"",""Kółka jezdne"",""Programator"",""Tryb automatyczny""]","R410a","No",700,,,1680,2.62,,"A",,36.5,77.5,56.8,40,"993f6ddf-8857-49b6-a080-d1277c4457ec",,,,67,45,"https://ranking-oczyszczaczy.pl/recenzje-klimatyzatorow-powietrza/blaupunkt-arrifana-0015/","1",150,15,"brak","1","1","0","1","1","0",,true,,"nie","nie",false,"[]"
49,"published",,"5ca02cd3-a310-4eb0-ac06-14c3eb99c0f1","2022-04-15T11:30:52.000Z","cc69ec5a-41ac-4c72-81cb-b851e58049a6","2025-05-20T12:27:15.000Z","Kalorik","TKG ACM 1010","przenośny",999,,,"174c4dbc-aa98-4c5d-bba0-8b5d5bbfb4d8",,,"[""nofollow"",""noopener""]",,"https://www.ceneo.pl/83138693#crid=349774&pid=16557","[""nofollow""]",,2.06,40,21,,,0,"wewnętrznie","[""biały""]",65,,"0",300,3,17,"17-30",30,17,,,"1","0",,,"0",,,"0","0",,"0","[""Wi-Fi 2,4 GHZ""]","1","[""Funkcja autodiagnoza"",""Automatyczny system odparowania wody"",""Automatycznie odszranianie"",""Kółka jezdne"",""Programator""]","R290","No",130,,,792,2.6,,"A",,32.8,67.8,30.5,19,"603ba4fd-e526-4cc8-8be0-bb58d24604a2",,,,70,50,"https://ranking-oczyszczaczy.pl/recenzje-klimatyzatorow-powietrza/kalorik-acm-1010/","1",150,15,"brak","1","1","0","1","1","0",,true,,"nie","nie",false,"[]"
50,"published",,"5ca02cd3-a310-4eb0-ac06-14c3eb99c0f1","2022-04-15T12:02:16.000Z","cc69ec5a-41ac-4c72-81cb-b851e58049a6","2025-05-20T12:27:45.000Z","Kalorik","TKG ACM 1007","przenośny",1279,,,"b3169b96-b146-496f-8df5-3e44f2a01afc",,,"[""nofollow"",""noopener""]",,"https://www.ceneo.pl/55205073#crid=362765&pid=16557","[""nofollow""]",,2.63,50,26,,,0,"wewnętrznie","[""biały""]",65,,"0",400,3,26.4,"16-31",31,16,,,"1","0",,,"0",,,"0","0",,"0","[""Wi-Fi 2,4 GHZ""]","1","[""Funkcja autodiagnoza"",""Automatyczny system odparowania wody"",""Automatycznie odszranianie"",""Kółka jezdne"",""Programator""]","R290","No",230,,,1010,2.6,,"A",,42,72.2,36,25,"5f1afc62-b1c7-43f4-917e-1fbcec043417",,,,78,8,"https://ranking-oczyszczaczy.pl/recenzje-klimatyzatorow-powietrza/kalorik-tkg-acm-1007/","1",150,15,"brak","1","1","0","1","1","0",,true,,"nie","nie",false,"[]"
51,"published",,"5ca02cd3-a310-4eb0-ac06-14c3eb99c0f1","2022-04-15T12:42:15.000Z","cc69ec5a-41ac-4c72-81cb-b851e58049a6","2025-05-20T12:28:44.000Z","Vaco","Arrifana VAC12W","przenośny",1879,,,"53c5ec08-2e6b-4438-9072-2852b880685f",,,"[""nofollow"",""noopener""]",,"https://www.ceneo.pl/80066570#crid=348667&pid=16557","[""nofollow""]",,3.2,34,32,,,0,"wewnętrznie","[""biały""]",65,24,"1",300,4,36,"18-32",32,18,,,"1","0",,,"0",,,"0","0",,"1","[""Wi-Fi 2,4 GHZ"",""Asystent Google"",""Amazon echo""]","1","[""Tryb sleep (tryb nocny)"",""Funkcja autodiagnoza"",""Automatycznie odszranianie"",""Kółka jezdne"",""Programator""]","R290","No",235,,,1200,2.6,,"A",,43.5,71.5,35,31,"ce4d2c53-9e64-4a95-b7bd-11299e14e666",,,,61,13,"https://ranking-oczyszczaczy.pl/recenzje-klimatyzatorow-powietrza/vaco-arrifana-vac12w/","1",150,13,"listwa montażowa do okien przesuwnych w zestawie","1","1","0","1","1","0",,true,,"nie","nie",false,"[]"
52,"published",,"5ca02cd3-a310-4eb0-ac06-14c3eb99c0f1","2022-04-19T11:55:09.000Z","cc69ec5a-41ac-4c72-81cb-b851e58049a6","2025-05-20T12:29:47.000Z","Sencor","SAC MT7020C","przenośny",1596,,,"53736b96-e8d2-40ea-afaf-6dfa941394e5",,,"[""nofollow"",""noopener""]",,"https://www.ceneo.pl/79755447#crid=457132&pid=16557","[""nofollow""]",,2.05,18,21,,,0,"wewnętrznie","[""biały""]",65,,"1",330,4,19.2,"18-35",35,18,,,"1","0",,,"0",,,"0","0",,"0","[""Wi-Fi 2,4 GHZ""]","1","[""Tryb sleep (tryb nocny)"",""Automatycznie odszranianie"",""Tryb automatyczny"",""Kółka jezdne"",""Programator""]","R290","No",230,,,785,2.6,,"A",,27,69.5,48,27,"962f799a-008c-4ee9-ad95-5a4ba7e28a83",,,,54,18,"https://ranking-oczyszczaczy.pl/recenzje-klimatyzatorow-powietrza/sencor-sac-mt7020c/","1",150,15,"brak","1","1","0","1","1","0",,true,,"nie","nie",false,"[]"
53,"published",,"5ca02cd3-a310-4eb0-ac06-14c3eb99c0f1","2022-04-19T12:24:12.000Z","cc69ec5a-41ac-4c72-81cb-b851e58049a6","2025-05-20T12:31:38.000Z","Sencor","SAC MT1231C","przenośny",2749,,,"358ebe82-82ab-47f6-a833-b4901437dd86",,,"[""nofollow"",""noopener""]",,"https://www.ceneo.pl/93734422#crid=457501&pid=16557","[""nofollow""]",,3.5,23,35,,,0,"wewnętrznie","[""czarny"",""biały""]",63,,"0",420,4,84,"17-30",30,17,,,"1","0",,,"0",,,"0","0",,"0","[""Wi-Fi 2,4 GHZ""]","1","[""Tryb sleep (tryb nocny)"",""Automatycznie odszranianie"",""Programator"",""Kółka jezdne""]","R290","No",220,,,1600,2.6,,"A",,46.7,76.5,39.7,33,"ab03034f-f799-442c-8ec7-8876d7cdf9b3",,,,55,22,"https://ranking-oczyszczaczy.pl/recenzje-klimatyzatorow-powietrza/sencor-sac-mt-1231c/","1",150,15,"brak","1","1","0","1","1","0",,true,,"nie","nie",false,"[]"
54,"published",,"5ca02cd3-a310-4eb0-ac06-14c3eb99c0f1","2022-04-19T13:26:43.000Z","cc69ec5a-41ac-4c72-81cb-b851e58049a6","2025-05-20T12:32:57.000Z","Clatronic","CL 3716","przenośny",1403.39,,,"8fc288b2-c36d-48ac-9000-61226fd6687f",,,"[""nofollow"",""noopener""]",,"https://www.ceneo.pl/80332556#crid=349770&pid=16557","[""nofollow""]",,2.64,26,26,,,0,"wewnętrznie","[""czarny""]",65,,"0",400,2,,"16-31",31,16,,,"1","0",,,"0",,,"0","0",,"1","[""Wi-Fi 2,4 GHZ"",""Asystent Google"",""Amazon Alexa""]","1","[""Tryb uśpienia"",""Automatycznie odszranianie"",""Blokada rodzicielska"",""Programator"",""Kółka jezdne""]","R290","No",210,,,1010,2.6,,"A",,35.4,69.8,33.8,22,"211e7b4d-04c0-4ac6-aaf5-8809248ebf39",,,,58,27,"https://ranking-oczyszczaczy.pl/recenzje-klimatyzatorow-powietrza/clatronic-cl-3716/","1",150,15,"brak","1","1","0","1","1","0",,true,,"nie","nie",false,"[]"
55,"published",,"5ca02cd3-a310-4eb0-ac06-14c3eb99c0f1","2022-04-24T20:55:22.000Z","cc69ec5a-41ac-4c72-81cb-b851e58049a6","2025-05-20T12:33:36.000Z","Artnico","AC-1A","przenośny",799,,,"79db7e1e-1972-414c-be58-304609cdba7d","Allegro",,"[""nofollow""]",,,"[""nofollow"",""noopener""]",,1,30,10,,,0,"wewnętrznie","[""biały""]",65,,"0",999,2,,"16-31",31,16,,,"1","0",,,"0",,,"0","0",,"0","[""Wi-Fi 2,4 GHZ""]","1","[""Tryb sleep (tryb nocny)"",""Automatycznie odszranianie"",""Tryb automatyczny"",""Programator"",""Kółka jezdne""]","R290","No",,,,2050,2.61,,"A",,32,68,28,19.5,"48011d19-814a-4a81-9106-47e9e6341172",,,,0,31,"https://ranking-oczyszczaczy.pl/recenzje-klimatyzatorow-powietrza/artnico-ac-1a/","1",145,15,"brak","1","1","0","1","1","0",,true,,"nie","nie",false,"[]"
56,"published",,"5ca02cd3-a310-4eb0-ac06-14c3eb99c0f1","2022-04-24T21:31:11.000Z","cc69ec5a-41ac-4c72-81cb-b851e58049a6","2025-05-20T11:22:18.000Z","Welltec","ACH0909","przenośny",3450,,,"3ca707f3-00f6-4197-a1e1-89f00ae88001",,,"[""nofollow"",""noopener""]",,"https://www.ceneo.pl/93512048#crid=537824&pid=16557","[""nofollow"",""noopener""]",,2.6,45,26,2.6,45,26,"wewnętrznie i zewnętrznie","[""biały""]",58,55,"0",400,4,49.92,"15-30",30,17,15,25,"1","0",,,"1",,,"0","0",,"1","[""Wi-Fi 2,4 GHZ""]","1","[""Funkcja autodiagnoza"",""Tryb sleep (tryb nocny)"",""Automatycznie odszranianie"",""Tryb automatyczny"",""Programator"",""Kółka jezdne""]","R290","No",200,,850,1095,2.6,3.1,"A","A++",32.5,79,54,30.5,"704a5b91-74ab-4b02-8fa8-f3737d82412f",,,,64,35,"https://ranking-oczyszczaczy.pl/recenzje-klimatyzatorow-powietrza/welltec-ach0909/","1",150,15,"uszczelka okienna oraz listwa okienna w zestawie","1","1","1","1","1","0",,false,"[""Praca na balkonie"",""Uszczelka na okno w zestawie"",""Urządzenie 3w1"",""Filtr węglowy"",""Wi-Fi""]","nie","tak",false,"[]"
57,"published",,"5ca02cd3-a310-4eb0-ac06-14c3eb99c0f1","2022-04-26T22:54:39.000Z","cc69ec5a-41ac-4c72-81cb-b851e58049a6","2025-05-20T11:30:01.000Z","Ravanson","KM9900+","przenośny",1499,,,"310a78ce-dece-4569-86f4-e587180fe8e5","Allegro","https://allegro.pl/oferta/klimatyzator-przenosny-2-6kw-mobilny-45m2-zwezka-9334986328?utm_source=admitad&utm_medium=afiliacja&admitad_uid=c8bb99201600bfe107bdbc7ce169ec51","[""nofollow""]",,,"[""nofollow"",""noopener""]",,2.63,32,26,,,,"wewnętrznie","[""biały""]",64,,"1",380,3,24,"16-31",31,16,,,"1","0",,,"0",,,"0","0",,"0","[""Wi-Fi 2,4 GHZ""]","1","[""Tryb sleep (tryb nocny)"",""Automatycznie odszranianie"",""Programator"",""Kółka jezdne""]","R290","No",220,,,1010,2.6,,"A",,32,36,73,24,"491900d0-d926-491b-b8f9-966f24e62c08",,,,0,39,"https://ranking-oczyszczaczy.pl/recenzje-klimatyzatorow-powietrza/ravanson-km9900-plus/","1",150,15,"brak","1","1","0","1","1","0",,true,,"nie","nie",false,"[]"
58,"published",,"5ca02cd3-a310-4eb0-ac06-14c3eb99c0f1","2022-05-03T18:23:55.000Z","cc69ec5a-41ac-4c72-81cb-b851e58049a6","2025-05-20T11:12:32.000Z","Fral","SuperCool FSC14.2","przenośny",2990,,,"62f14e26-8c34-4c79-a51f-f152ac620646",,,"[""nofollow"",""noopener""]",,"https://www.ceneo.pl/25678197#crid=526237&pid=16557","[""nofollow"",""noopener""]",,4,45,40,4,45,40,"wewnętrznie i zewnętrznie","[""biały""]",54,48,"1",480,3,70,"15-30",30,17,15,25,"1","0",,,"0",,,"0","0",,"1","[""Wi-Fi 2,4 GHZ""]","1","[""Funkcja autorestartu"",""Automatycznie odszranianie"",""Blokada rodzicielska"",""Programator"",""Kółka jezdne""]","R290","No",270,,1290,1535,2.67,3.14,"A","A++",33,76,55,30.5,"aa468c54-7f46-42c2-9f77-dcbbd4c85688",,,,86,43,"/recenzje-klimatyzatorow-powietrza/fral-supercool-fsc14-2/","1",150,15,"uszczelka okienna w zestawie","1","1","1","1","1","0",,false,"[""2 kolory"",""Praca na balkonie"",""Wi-Fi"",""Urządzenie 4w1""]","nie","tak",false,"[1,2,3,4,18,19,20,21,22,23,24,25,26,27]"
59,"published",,"5ca02cd3-a310-4eb0-ac06-14c3eb99c0f1","2022-05-03T18:50:25.000Z","cc69ec5a-41ac-4c72-81cb-b851e58049a6","2025-05-20T11:13:18.000Z","Welltec","ACH1212","przenośny",3750,,,"c3528c31-73f6-4fd4-b186-cd326a65ec3e",,,"[""nofollow""]",,"https://www.ceneo.pl/93512047#crid=537825&pid=16557","[""nofollow"",""noopener""]",,3.5,65,35,3.5,65,35,"wewnętrznie i zewnętrznie","[""biały""]",58,48,"1",450,3,60,"15-30",35,17,15,25,"1","0",,,"1",48,,"0","0",,"1","[""Wi-Fi 2,4 GHZ""]","1","[""Tryb sleep (tryb nocny)"",""Funkcja autodiagnoza"",""Funkcja autorestart"",""Automatycznie odszranianie"",""Tryb automatyczny"",""Programator"",""Kółka jezdne""]","R290","No",220,,1070,1315,2.6,3.1,"A","A++",32.5,79,54,30.5,"f7fb2986-b81a-4020-aaa0-8f7dfbf39d79",,,,82,47,"https://ranking-oczyszczaczy.pl/recenzje-klimatyzatorow-powietrza/welltec-ach1212/","1",150,14.5,"uszczelka okienna w zestawie","1","1","1","1","1","0",,false,"[""Praca na balkonie"",""Urządzenie 4w1"",""Wi-Fi"",""Uszczelka na okno gratis""]","nie","tak",false,"[]"
60,"published",,"5ca02cd3-a310-4eb0-ac06-14c3eb99c0f1","2022-05-03T19:04:07.000Z","cc69ec5a-41ac-4c72-81cb-b851e58049a6","2025-05-20T11:33:20.000Z","Welltec","ACH1414","przenośny",3950,,,"58934a96-e029-43c0-9c81-0b33e1ddf168",,,"[""nofollow""]",,"https://www.ceneo.pl/93512046#cid=25918&crid=436347&pid=16557","[""nofollow"",""noopener""]",,4,75,40,4,75,40,"wewnętrznie i zewnętrznie","[""biały""]",58,48,"1",450,3,70,"15-30",30,17,15,25,"1","0",,,"1",48,,"0","0",,"1","[""Wi-Fi 2,4 GHZ""]","1","[""Tryb sleep (tryb nocny)"",""Funkcja autodiagnoza"",""Funkcja autorestart"",""Automatycznie odszranianie"",""Tryb automatyczny"",""Blokada rodzicielska"",""Programator"",""Kółka jezdne""]","R290","No",270,,1290,1535,2.6,3.1,"A","A++",32.5,79,54,30.5,"246fd945-f192-476e-a986-935d97992e11",,,,69,5,"https://ranking-oczyszczaczy.pl/recenzje-klimatyzatorow-powietrza/welltec-ach1414/","1",150,14.5,"uszczelka okienna w zestawie","1","1","1","1","1","0",,false,"[""Uszczelka na okno w zestawie"",""Urządzenie 4w1"",""Wi-Fi"",""Filtr węglowy""]","nie","tak",false,"[]"
61,"published",,"5ca02cd3-a310-4eb0-ac06-14c3eb99c0f1","2022-05-13T15:48:24.000Z","cc69ec5a-41ac-4c72-81cb-b851e58049a6","2025-05-20T12:35:10.000Z","Whirlpool","PACB12HP","przenośny",1600,,,"149e9f29-e6c2-4e23-8c6b-51c7965de8aa",,,"[]",,,"[]",,3.5,20,35,2,20,20,"wewnętrznie","[""czarny"",""biały"",""metaliczny""]",64,50,"1",380,3,40.8,"16-32",32,18,16,30,"1","1",,,"0",,,"0","0",,"0","[""Wi-Fi 2,4 GHZ""]","1","[""Wskaźnik zapełnienia zbiornika skroplin"",""Tryb sleep (tryb nocny)"",""2 tryby automatyczne"",""Funkcja autorestart"",""Przypomnienie o czyszczeniu filtra"",""Automatycznie odszranianie"",""Programator"",""Kółka jezdne"",""Wygaszanie podświetlania""]","R410a","No",590,,2050,1345,2.6,,"A","A",44.8,74.3,40.4,34,"c3d86d69-8252-47d7-b7fa-8ab668f305bc",,,,0,10,"https://ranking-oczyszczaczy.pl/recenzje-klimatyzatorow-powietrza/whirlpool-pacb12hp/","1",150,15,"listwa okienna w zestawie","1","1","1","1","1","1",,true,,"nie","nie",false,"[]"
62,"published",,"5ca02cd3-a310-4eb0-ac06-14c3eb99c0f1","2022-05-16T07:09:56.000Z","e7bcdc1c-c375-4e8c-80b7-b5e5af3507f6","2025-06-18T12:56:48.000Z","Lidl","Comfee","przenośny",799,,,"fc621676-8ffb-44b0-bea3-9f73880e76c6","Lidl","https://www.lidl.pl/p/comfee-mobilny-klimatyzator-smart-cool-7000-1-43-l-dzien-do-pomieszczen-do-25-m/p100347623","[""nofollow"",""noopener""]",,,"[""nofollow"",""noopener""]",,2.6,80,26,,,,"wewnętrznie","[""biały""]",65,,"0",320,2,28.8,"16-31",31,16,,,"1","0",,,"0",,,"0","0",,"0","[""Wi-Fi 2,4 GHZ""]","1","[""Automatycznie odszranianie"",""Programator"",""Kółka jezdne""]","R290","No",160,,,1000,2.6,,"A",,33,68,28,19,"6270a669-170a-465d-aad0-6ac20e5b5931",,,,0,15,"https://ranking-oczyszczaczy.pl/recenzje-klimatyzatorow-powietrza/lidl-silvercrest/","1",150,15,"brak","1","1","0","1","1","0",,true,,"nie","nie",false,"[]"
63,"published",,"e7bcdc1c-c375-4e8c-80b7-b5e5af3507f6","2022-12-13T14:54:26.000Z","e7bcdc1c-c375-4e8c-80b7-b5e5af3507f6","2025-06-17T09:44:39.000Z","Sharp","UL-C10EA-W","przenośny",2780,,,"25210374-7af3-48b0-afec-57880f617911",,,"[]",,"https://www.ceneo.pl/131927681#cid=38625&crid=576091&pid=16557","[""nofollow""]",,2.9,19,29,,,,"wewnętrznie","[""biały""]",65,62,"1",385,3,36,"16 - 30",30,16,,,"1","0",,,"0",,,"0","0",,"1","[""Wi-Fi 2,4 GHZ""]","1","[""Tryb automatyczny"",""Kółka jezdne"",""Blokada rodzicielska"",""Automatycznie odszranianie"",""Programator""]","R290","Nie",,,,935,2.9,,"A+","Brak",39.3,80.4,42.5,32.5,"07017574-726d-41d6-9455-8ba6e837ba60",,,,73,20,"https://ranking-oczyszczaczy.pl/recenzje-klimatyzatorow-powietrza/sharp-ul-c10ea-w","1",,,,"0","1","0","1","1","0",,false,"[""Uszczelka na okno w zestawie"",""Urządzenie 3w1"",""Tryb automatyczny""]","nie","tak",false,"[]"
64,"published",,"e7bcdc1c-c375-4e8c-80b7-b5e5af3507f6","2022-12-19T08:56:15.000Z","cc69ec5a-41ac-4c72-81cb-b851e58049a6","2025-05-20T12:37:46.000Z","Welltec","ACN18","przenośny",4950,,,"66199081-3a58-4117-81c6-f867cdfa0195",,,"[]",,"https://www.ceneo.pl/107834965;pla#cid=38625&crid=577785&pid=16557","[""nofollow""]",,5.2,100,52,4.7,100,47,"wewnętrznie","[""biały""]",50,48,"1",680,3,53,"16 - 31",31,16,16,31,"1","1",,,"0",,,"0","0",,"1","[""Wi-Fi 2,4 GHZ""]","1","[""Tryb automatyczny"",""Kółka jezdne"",""Czujnik temperatury"",""Funkcja Swing"",""Funkcja Autodiagnozy"",""Funkcja Sleep"",""Programator"",""automatyczne odprowadzanie skroplin wraz z ciepłym powietrzem""]","R290","Nie",,,2040,2000,2.6,2.3,"A","A",47,76.4,37,30,"41ba9259-7960-4e14-a359-334f86ab11d8",0,,,72,24,,"1",350,16.5,"uszczelka okienna Welltec WS400W","1","1","1","1","1","1",,true,,"nie","nie",false,"[]"
65,"draft",,"e8f7fd57-993b-428e-9d8a-6e9153811989","2022-12-29T09:32:31.000Z","cc69ec5a-41ac-4c72-81cb-b851e58049a6","2025-05-20T12:39:13.000Z","LG","PA11WS","przenośny",0,,,"584bd715-5de0-41ae-bf8f-25d5036fb2b7",,,"[""nofollow""]",,"https://www.ceneo.pl/110161435#cid=38625&crid=579571&pid=16557","[""nofollow"",""noopener""]",,2.6,,26,,,,"wewnętrznie","[""biały""]",53,42,"1",7,3,28.8,"16-32°C",,,,,"1","0",,,"0",,,"0","0",,"1","[""Wi-Fi 2,4 GHZ""]","1","[""Kółka jezdne"",""Blokada rodzicielska"",""Programator"",""Wygaszanie podświetlania"",""automatyczny restart w przypadku zaniku zasilania"",""automatyczny system odparowywania"",""\tPłynna regulacja temperaturą chłodzenia za sprawą inwertorowej sprężarki, podwójnie rotacyjnej.""]","R290","Nie",220,240,,805,3.1,,"A+",,49.3,77.3,46,30,,,,,82,,,"1",150,15,"Panel uszczelniający, dedykowany do okien przesuwnych (akcesorium).","0","1","0","1","1","1",,false,,"nie","nie",false,"[]"
66,"draft",,"e7bcdc1c-c375-4e8c-80b7-b5e5af3507f6","2023-06-02T08:30:15.000Z","cc69ec5a-41ac-4c72-81cb-b851e58049a6","2025-05-20T12:39:58.000Z","Sencore","SAC MT9078CH","przenośny",2699,,,"d842419b-c393-44d4-bd99-d4f5d2e10d75",,,"[]",,"https://www.ceneo.pl/151098643#cid=38625&crid=617088&pid=16557","[""nofollow""]",,2.5,35,,3.5,35,,"wewnętrznie","[""biały""]",64,47,"0",410,4,14.4,"18-32",,18,13,,"0","0",,,"0",,,"0","0",,"1","[""Wi-Fi 2,4 GHZ""]","1","[""Kółka jezdne"",""Tryb automatyczny"",""Programator""]","R290","Nie",,,,900,3.6,3.8,"A++","A+++",45,74.5,39.6,32,"2d0433ed-2773-4d06-bee1-0305430b4b16",,,,66,,,"1",,,"uszczelka okienna","0","1","1","1","1","0",,false,,"nie","nie",false,"[]"
67,"draft",,"e7bcdc1c-c375-4e8c-80b7-b5e5af3507f6","2023-06-02T09:56:24.000Z","cc69ec5a-41ac-4c72-81cb-b851e58049a6","2025-05-20T12:40:19.000Z","Sinclair","AMC-14P","przenośny",2595.3,,,"5bf715df-c6ab-4773-8a9f-d90ee48bd51c",,,"[]",,"https://www.ceneo.pl/85542893#cid=38625&crid=617114&pid=16557",0,,4,35,,4,35,,"wewnętrznie","[""biały"",""czarny""]",65,65,"0",450,3,60,"17 - 32",32,17,7,25,"1","0",,,"0",,,"0","0",,"1","[""Wi-Fi 2,4 GHZ""]","1","[""Programator"",""Kółka jezdne"",""Tryb automatyczny""]","R290","Nie",270,230,1290,1535,3.1,2.6,"A","A++",53.2,76,300,30.6,"78ba739c-ed90-4488-8bad-8349187a518b",,,,85,,,"1",150,15,"Zestaw okienny","0","1","1","1","1","0",,false,,"nie","nie",false,"[]"
68,"draft",,"e7bcdc1c-c375-4e8c-80b7-b5e5af3507f6","2023-06-02T12:28:38.000Z","cc69ec5a-41ac-4c72-81cb-b851e58049a6","2025-05-20T11:31:37.000Z","Sakura","STAC 14 CPB/NW","przenośny",2657.49,,,"95c88311-9552-40e1-bda7-b41822828b52",,,"[""nofollow"",""noopener""]",,,"[""nofollow"",""noopener""]",,4.1,45,,,,,"wewnętrznie","[""biały""]",56,46,"0",460,3,43.2,,,,,,"1","0",,,"0",,,"0","0",,"0","[""Wi-Fi 2,4 GHZ""]","1","[""Programator"",""Tryb automatyczny"",""Kółka jezdne""]","R290","nie",,,,1520,,,"A",,45,74.5,39.6,34,,,,,0,,,"1",,,"Uszczelka w zestawie","1","1","0","1","1","0",,false,,"nie","nie",false,"[]"
69,"draft",,"e7bcdc1c-c375-4e8c-80b7-b5e5af3507f6","2023-06-02T13:14:21.000Z","cc69ec5a-41ac-4c72-81cb-b851e58049a6","2025-05-20T12:42:09.000Z","Sencor","SAC MT1411C","przenośny",2499,,,"9abafd72-a020-483f-865c-315bdee7e883",,,"[""nofollow"",""noopener""]",,"https://www.ceneo.pl/87090979?se=TFLBI21z2REROs51Ts87_h7H0C1TBDZh&gclid=CjwKCAjwpuajBhBpEiwA_ZtfhYjtBaejcIEaTp6Xw4XPInpXw5XafhS0Ab8lnZOQyNiLUnOjCaZGWxoCnZgQAvD_BwE#cid=38625&crid=617171&pid=16557","[""nofollow""]",,4.1,53,,,,,"wewnętrznie","[""biały""]",65,,"0",420,4,90,"17 - 30",30,17,,,"1","0",,,"0",,,"0","0",,"0","[""Wi-Fi 2,4 GHZ""]","1","[""Tryb automatyczny"",""Programator"",""Kółka jezdne""]","R290","Nie",,,,1890,,,"A",,48,76.9,39.2,35,"18846d4c-2cb1-4a2a-964f-8978191c4f1a",,,,90,,,"1",,,"adaptor okienny","1","1","0","1","1","0",,false,,"nie","nie",false,"[]"
70,"draft",,"e7bcdc1c-c375-4e8c-80b7-b5e5af3507f6","2023-06-02T14:02:26.000Z","cc69ec5a-41ac-4c72-81cb-b851e58049a6","2025-05-20T12:43:43.000Z","Sencor ","SAC MT1240C","przenośny",2095,,,"3ab36734-2986-4ee2-9120-c9b673348c48",,,"[""nofollow"",""noopener""]",,"https://www.ceneo.pl/92612119#cid=38625&crid=617186&pid=16557","[""nofollow""]",,3.5,42,,,,,"wewnętrznie","[""biały"",""czarny""]",63,,"0",420,4,84,"17 - 35",35,17,,,"1","0",,,"0",,,"0","0",,"1","[""Wi-Fi 2,4 GHZ""]","1","[""Kółka jezdne"",""Blokada rodzicielska"",""Tryb automatyczny""]","R290","Nie",210,,,1450,,,"A",,46.7,76.5,39.7,32.5,"1b8aba90-637d-4ab3-a16d-188dc904404f",,,,80,,,"1",,,,"1","1","0","1","1","0",,false,,"nie","nie",false,"[]"
71,"draft",,"e7bcdc1c-c375-4e8c-80b7-b5e5af3507f6","2023-06-05T07:27:19.000Z","cc69ec5a-41ac-4c72-81cb-b851e58049a6","2025-05-20T11:32:05.000Z","Siguro","AC-I160W Breeze 16","przenośny",2474.38,,,"9ccdfed2-7efd-49a4-bc7a-63c1e2ae0f99",,,"[""nofollow"",""noopener""]",,,"[""nofollow"",""noopener""]",,4.69,32,,,,,"wewnętrznie","[""biały""]",65,56,"1",443,3,35,"16 - 32",32,16,,,"1","0",,,"0",,,"0","0",,"1","[""Wi-Fi 2,4 GHZ""]","0","[""Tryb automatyczny"",""Kółka jezdne"",""Programator""]","R290","Nie",265,,,1712,2.6,,,,,,,,,,,,0,,,"0",,,,"0","1","0","1","1","0",,false,,"nie","nie",false,"[]"
72,"published",,"f76fde35-7e8f-49bd-893d-9706def1e294","2024-04-10T10:54:13.000Z","e7bcdc1c-c375-4e8c-80b7-b5e5af3507f6","2025-06-17T09:54:32.000Z","Sharp","UL-C09EA-W","przenośny",1900,,,"cb06a944-398a-4ce7-86c6-a2fc39061f4b",,,"[""nofollow"",""noopener""]",,"https://www.ceneo.pl/131927680#crid=612927&pid=16557","[""noopener"",""nofollow""]","Sprawdź ofertę na Ceneo.pl",2.6,16,26,,,,,"[""biały""]",64,60,"1",250,3,36,"16-30",30,16,,,"1","0",,,"0",,,"0","0",,"0","[""Wi-Fi 2,4 GHZ""]","0","[""Programator"",""Blokada rodzicielska"",""Tryb automatyczny"",""Tryb nocny""]","R290","Nie",,,,1000,,2.6,"A",,28.6,70,32,,,,,,65,,"https://ranking-oczyszczaczy.pl/recenzje-klimatyzatorow-powietrza/sharp-ul-c09ea-w/","0",150,15,,"0","1","0","1","1","0",,false,"[""Swing"",""Urządzenie 3w1"",""Tryb automatyczny""]","tak","tak",false,"[28,29,30]"
73,"published",,"f76fde35-7e8f-49bd-893d-9706def1e294","2024-04-12T07:16:50.000Z","e7bcdc1c-c375-4e8c-80b7-b5e5af3507f6","2025-06-17T10:12:19.000Z","Electrolux","EXP34U339CW","przenośny",2498,,,"7b6b05f4-c0e2-429f-8d54-e29474dd0313",,,"[]",,"https://www.ceneo.pl/153516671#crid=680867&pid=16557","[""nofollow"",""noopener""]",,3.4,36,34,,,,"wewnętrznie","[""biały""]",64,,"1",386,3,38.4,"16-32",32,16,,,"1","0",,,"0",,,"0","0",,"1","[""Wi-Fi 2,4 GHZ"",""Asystent Google""]","0","[""Tryb sleep (tryb nocny)"",""Automatycznie odszranianie"",""Tryb automatyczny"",""Programator"",""Kółka jezdne""]","R290","No",210,,,1300,2.6,,"A",,47.2,70.6,38.3,33.5,"29decb92-19ed-4fad-983c-1417c80dac40",,,,94,26,"https://ranking-oczyszczaczy.pl/recenzje-klimatyzatorow-powietrza/electrolux-exp34u339cw/","1",180,15,"brak","1","1","0","1","1","0",,false,"[""Swing"",""Funkcja swing"",""Urządzenie 3w1"",""Wi-Fi""]","nie","tak",false,"[31,32,33]"
74,"published",,"f76fde35-7e8f-49bd-893d-9706def1e294","2024-04-12T09:21:35.000Z","cc69ec5a-41ac-4c72-81cb-b851e58049a6","2025-03-12T11:53:54.000Z","Electrolux","EXP34U339HW","przenośny",2699,,,"6e79d31a-7c23-4788-b7ec-f34cbd832fb6",,,"[""nofollow"",""noopener""]",,"https://www.ceneo.pl/152365816#crid=688721&pid=16557","[""nofollow""]",,3.4,38,34,2.7,38,27,"wewnętrznie","[""biały""]",64,,"1",386,3,38.4,"5-35",32,16,5,27,"1","0",,,"0",,,"0","0",,"1","[""Wi-Fi 2,4 GHZ"",""Asystent Google""]","0","[""Tryb sleep (tryb nocny)"",""Automatycznie odszranianie"",""Tryb automatyczny"",""Programator"",""Kółka jezdne""]","R290","No",210,,1000,1300,2.6,2.7,"A","A+",47.2,70.6,38.3,33.5,"c1cf9897-b977-4a3d-9619-84db2dae8c0e",100,,90,94,2,"https://ranking-oczyszczaczy.pl/recenzje-klimatyzatorow-powietrza/electrolux-exp34u339hw/","1",150,15,"brak","1","1","1","1","1","0",,false,"[""Swing"",""Urządzenie 4w1"",""Wi-Fi""]","nie","nie",false,"[34,35,36,37]"
75,"published",,"f76fde35-7e8f-49bd-893d-9706def1e294","2024-04-14T13:17:00.000Z","cc69ec5a-41ac-4c72-81cb-b851e58049a6","2025-05-20T12:52:57.000Z","Krexus","EX9145","przenośny",1199,1199,,"08262bfb-f47a-4237-a977-a42ee3ba64e1",,,"[""noopener""]",,"https://www.ceneo.pl/132104325#crid=681076&pid=16557","[""noopener"",""nofollow""]","Sprawdź ofertę na Ceneo.pl",,,,,,,"wewnętrznie","[""biały""]",65,,"0",290,2,30,"16-30",,,,,"1","0",,,"0",,,"0","0",,"1","[""Wi-Fi 2,4 GHZ""]","1","[""Programator"",""Kółka jezdne"",""tryb nocny""]","R290","Nie",,,,2.64,2.6,,"A",,,,,,,,,,64,,"https://ranking-oczyszczaczy.pl/recenzje-klimatyzatorow-powietrza/krexus-ex9145/","1",155,14.5,"Jest","1","1","0","1","1","0",,true,"[""Uszczelka na okno w zestawie""]","nie","nie",false,"[38,39,40]"
76,"published",,"f76fde35-7e8f-49bd-893d-9706def1e294","2024-04-15T09:40:58.000Z","cc69ec5a-41ac-4c72-81cb-b851e58049a6","2025-05-20T11:13:34.000Z","Whirlpool","PACF212CO W","przenośny",1499,,,"a6d93dae-f85a-4e1b-9b03-eeca83f899f2",,,"[]",,"https://www.ceneo.pl/151864424#crid=681585&pid=16557","[""nofollow"",""noopener""]","Sprawdź ofertę na Ceneo.pl",3.4,34,28,1,,10,"wewnętrznie","[""biały""]",61,59,"1",0,3,,"21-35",35,21,1,1,"1","0",,,"0",,,"0","0",,"0","[""Wi-Fi 2,4 GHZ""]","1","[""Tryb sleep (tryb nocny)"",""Programator"",""Kółka jezdne"",""Wygaszanie podświetlania"",""Tryb automatyczny"",""Blokada rodzicielska""]","R290","No",280,,,1300,2.6,,"A",,44.2,71.8,37.3,31.6,,,,,80,34,"https://ranking-oczyszczaczy.pl/recenzje-klimatyzatorow-powietrza/whirlpool-pacf212cow/","1",170,16,"listwa okienna w zestawie","1","1","0","1","1","0",,false,"[""Swing""]","nie","nie",false,"[]"
77,"published",,"f76fde35-7e8f-49bd-893d-9706def1e294","2024-04-17T13:52:04.000Z","cc69ec5a-41ac-4c72-81cb-b851e58049a6","2025-05-20T11:08:34.000Z","Warmtec","Morso+ KP40W WiFi","przenośny",2499,,,"07edfc78-7445-468b-9baa-96ceda834503",,,"[]",,"https://www.ceneo.pl/94297621#crid=348361&pid=16557","[""nofollow"",""noopener""]","Sprawdź ofertę na Ceneo.pl",4,46,40,4,46,32,"wewnętrznie i zewnętrznie","[""biały""]",65,47,"1",1140,3,70,"17-30",30,17,15,25,"1","0",,,"0",,,"0","0",,"1","[""Wi-Fi 2,4 GHZ""]","1","[""Blokada rodzicielska"",""Programator"",""Kółka jezdne"",""Tryb automatyczny""]","R290","No",235,,1391,1538,2.6,3.1,"A","A+",30,76,55,31,"23219386-6b4f-4e18-8049-e2e5f0f807c7",,,,90,11,"https://ranking-oczyszczaczy.pl/recenzje-klimatyzatorow-powietrza/warmtec-morso-plus-kp40w/","0",150,15,"osłona na okno przesuwne w zestawie","1","1","1","1","1","0",,false,"[""Swing"",""Praca na balkonie""]","nie","nie",false,"[46,47,48]"
78,"published",,"e7bcdc1c-c375-4e8c-80b7-b5e5af3507f6","2024-06-11T09:44:30.000Z","e7bcdc1c-c375-4e8c-80b7-b5e5af3507f6","2025-06-17T09:36:11.000Z","Electrolux","EXP26U339CW","przenośny",2149,,,"6090ea9f-8a3b-47a3-8134-241beb00b21c",,,"[""nofollow"",""noopener""]",,"https://www.ceneo.pl/153516672#cid=38506&crid=680880&pid=16557","[""nofollow""]",,2.6,26,26,,,,"wewnętrznie","[""biały""]",64,64,"1",386,3,28.8,"16 - 32",32,16,,,"1","0",,,"0",,,"0","0",,"1","[""Wi-Fi 2,4 GHZ""]","0","[""Tryb automatyczny"",""Blokada rodzicielska"",""Wskaźnik czyszczenia filtra"",""Kółka jezdne"",""Programator""]","R290","Nie",210,,,1300,2.6,,"A+",,47.2,70.5,38.3,31.5,"0f65ce86-bc9a-49d5-8ece-a536791514d0",,,,90,,"https://ranking-oczyszczaczy.pl/recenzje-klimatyzatorow-powietrza/electrolux-exp26u339cw/","1",180,15,,"1","1","0","1","1","0",,false,"[""Swing"",""Urządzenie 3w1"",""Wi-Fi""]","nie","tak",false,"[53,54,55]"
79,"published",,"e7bcdc1c-c375-4e8c-80b7-b5e5af3507f6","2024-06-11T10:57:11.000Z","ce682939-7d3b-4f32-85de-df7f56fffb04","2024-08-13T09:34:43.000Z","Sharp","UL-C12EA-W","przenośny",1899,,,"4e103c12-c8ce-4d13-8a30-2da94a5bd1d9",,,"[""nofollow"",""noopener""]",,"https://www.ceneo.pl/131927682#crid=612906&pid=16557","[""nofollow"",""noopener""]",,3.5,35,35,,,,"wewnętrznie","[""biały""]",65,65,"1",385,3,3.5,"16 - 30",30,16,,,"1","0",,,"0",,,"0","0",,"1","[""Wi-Fi 2,4 GHZ""]","1","[""Tryb automatyczny"",""Blokada rodzicielska"",""Programator"",""Kółka jezdne"",""Tryb Sleep""]","R290","nie",304,240,,1345,3.5,,"A",,39.4,80.4,42.5,34.5,"478afc62-b887-4b4c-aca4-3af8b758272b",,,,80,,"https://ranking-oczyszczaczy.pl/recenzje-klimatyzatorow-powietrza/sharp-ul-c12ea-w/","0",,,,"0","1","0","1","1","0",,false,"[""Swing"",""Urządzenie 3w1"",""Tryb automatyczny""]","nie","tak",false,"[49,50,51,52]"
80,"published",,"e7bcdc1c-c375-4e8c-80b7-b5e5af3507f6","2024-06-11T11:52:26.000Z","cc69ec5a-41ac-4c72-81cb-b851e58049a6","2025-05-07T10:03:49.000Z","Klarstein","Kraftwerk Smart 12K","przenośny",1235,,,"123f9725-c531-4f25-a345-1c94c9cd58dd",,,"[""noopener"",""nofollow""]",,"https://www.ceneo.pl/96839091#crid=680686&pid=16557","[""nofollow"",""noopener""]",,3.5,35,35,,,,"wewnętrznie","[""antracyt"",""biały"",""niebieski"",""różowy""]",65,50,"0",410,3,48,"18-32",32,18,,,"1","0",,,"0",,,"0","0",,"1","[""Wi-Fi 2,4 GHZ""]","1","[""Programator"",""Kółka jezdne"",""Tryb nocny""]","R290","Nie",,240,,1300,2.6,,"A",,35.5,82.2,38,27,"b0b5161d-a7de-42b2-b006-85dbd5ab581c",,,,66,,"https://ranking-oczyszczaczy.pl/recenzje-klimatyzatorow-powietrza/klarstein-kraftwerk-smart-12k/","1",150,15,,"0","1","0","1","1","0",,false,"[""Urządzenie 3w1"",""Wi-Fi""]","nie","nie",false,"[]"
81,"published",,"e7bcdc1c-c375-4e8c-80b7-b5e5af3507f6","2024-06-11T12:27:18.000Z","e7bcdc1c-c375-4e8c-80b7-b5e5af3507f6","2024-07-23T11:01:36.000Z","Sencor","SAC MT7011C","przenośny",1575,,,"4818249d-8b7e-4419-9b0b-6f72bdd8b55f",,,"[""nofollow"",""noopener""]",,"https://www.ceneo.pl/79755447#crid=687851&pid=16557","[""noopener"",""nofollow""]",,2.05,20,,,,,"wewnętrznie","[""biały""]",65,65,"0",350,3,,"18-35",35,18,,,"1","0",,,"0",,,"0","0",,"0","[""Wi-Fi 2,4 GHZ""]","1","[""Tryb automatyczny"",""Programator"",""Kółka jezdne""]","R410a","nie",420,,,890,2.62,,"A",,27,69.5,48,23.8,"15adebbe-678b-4915-b069-34a9af65219b",,,,,,"https://ranking-oczyszczaczy.pl/recenzje-klimatyzatorow-powietrza/sencor-sac-mt7011c/","1",145,13,,"1","1","1","0","1","0",,true,"[""Swing""]","nie","nie",false,"[56,57]"
82,"published",,"e7bcdc1c-c375-4e8c-80b7-b5e5af3507f6","2024-06-11T14:01:39.000Z","cc69ec5a-41ac-4c72-81cb-b851e58049a6","2025-05-20T11:08:27.000Z","Fersk","Lite","przenośny",1699,,,"e7253317-13d4-4e0b-82c5-69b34e2b2682","Fersk","https://fersk.pl/klimatyzatory-przenosne/fersk-lite/","[""nofollow"",""noopener""]",,,"[""nofollow"",""noopener""]",,2.6,26,26,,,,"wewnętrznie","[""biały""]",65,65,"1",360,3,19,"16-30",30,16,,,"1","1",,,"0",,,"0","0",,"1","[""Wi-Fi 2,4 GHZ""]","1","[""Automatycznie odszranianie"",""Tryb automatyczny"",""Blokada rodzicielska"",""Programator"",""Kółka jezdne""]","R290","Nie",265,,,935,2.61,,"A",,,,,,,,,,91,,"https://ranking-oczyszczaczy.pl/recenzje-klimatyzatorow-powietrza/fersk-lite/","0",,,,"0","1","0","1","1","1",,false,"[""Urządzenie 3w1"",""Filtr HEPA"",""Funkcja swing"",""Wi-Fi"",""Uszczelka na okno gratis""]","nie","tak",true,"[]"
83,"published",,"e7bcdc1c-c375-4e8c-80b7-b5e5af3507f6","2024-07-23T07:36:33.000Z","cc69ec5a-41ac-4c72-81cb-b851e58049a6","2025-05-07T10:03:31.000Z","VACO","Arrifana 16","przenośny",2499,,,"38ccaa7c-c2cf-4fe7-a3cd-8b1d169a493a","Homespot","https://homespot.pl/klimatyzatory-przenosne-vaco-arrifana-16","[""nofollow"",""noopener""]",,,"[""nofollow"",""noopener""]",,4.5,45,45,,,,"wewnętrznie","[""biały""]",64,,"1",450,3,50.4,"17 - 30",30,17,,,"1","0",,,"0",,,"0","0","[]","1","[""Wi-Fi 2,4 GHZ""]","1","[""Automatycznie odszranianie"",""Funkcja mist"",""Kółka jezdne"",""Programator""]","R290","nie",270,220,,1490,2.6,2.6,"A","A",,,,,"f8977558-f610-42b6-b4a5-b6624c2325cd",,,,89,,,"1",150,15,"rękaw uszczelniający","0","1","0","1","1","0",,false,"[""Uszczelka na okno w zestawie"",""Urządzenie 3w1"",""Swing"",""Wi-Fi""]","nie","nie",false,"[]"
84,"published",,"e7bcdc1c-c375-4e8c-80b7-b5e5af3507f6","2024-07-23T08:44:52.000Z","cc69ec5a-41ac-4c72-81cb-b851e58049a6","2025-03-19T10:47:00.000Z","VACO","MOBY BLUE 14","przenośny",2199,,,"103a0cb2-65ab-4add-b46c-d363932898cd","Homespot","https://homespot.pl/klimatyzatory-przenosne-vaco-moby-blue-14?_ga=2.243606661.1848885542.1721631181-1186725685.1721631181","[""noopener"",""nofollow""]",,,"[""nofollow"",""noopener""]",,3.9,55,39,3500,55,,"wewnętrznie","[""biały""]",64,,"1",420,4,45.6,"17 - 30",35,17,8,25,"0","0",,,"0",,,"0","0",,"1","[""Wi-Fi 2,4 GHZ""]","1","[""Tryb automatyczny"",""Kółka jezdne"",""Programator""]","R290","nie",,250,1350,1490,2.6,2.6,"A","A",44,77,41,33.4,"b8c901e4-5671-47bd-a789-0b13b20a951e",,,,90,,,"0",150,15,,"0","1","1","1","1","1",,false,"[""Swing"",""Uszczelka na okno w zestawie"",""Funkcja grzania"",""Urządzenie 4w1"",""Wi-Fi""]","nie","nie",false,"[]"
85,"published",,"e7bcdc1c-c375-4e8c-80b7-b5e5af3507f6","2024-07-23T09:56:36.000Z","e7bcdc1c-c375-4e8c-80b7-b5e5af3507f6","2025-06-17T10:02:48.000Z","Electrolux","EXP26U339HW","przenośny",2298,,,"88667330-0bf5-4bcb-b49b-fff79e62d7c2",,,"[""nofollow"",""noopener""]",,"https://www.ceneo.pl/152365815#cid=25918&crid=682486&pid=16557","[""noopener"",""nofollow""]",,2.6,26,26,2.6,26,,"wewnętrznie","[""biały""]",64,,"1",200,3,28.8,"16 - 32",32,16,16,32,"1","0",,,"0",,,"0","0",,"1","[""Wi-Fi 2,4 GHZ""]","0","[""Blokada rodzicielska"",""Programator"",""Kółka jezdne"",""Wygaszanie podświetlania"",""wskaźnik czyszczenia filtra""]","R290","Nie",,240,,2600,2.6,2.3,"A","A",47.2,70.5,38.3,33,"bcab7ae3-9a70-4a29-a568-24212d8e2c24",,,,76,,"https://ranking-oczyszczaczy.pl/recenzje-klimatyzatorow-powietrza/electrolux-exp26u339hw/","1",155,15,,"0","1","1","1","1","0",,false,"[""Swing"",""Urządzenie 4w1"",""Wi-Fi""]","nie","tak",false,"[]"
86,"published",,"ce682939-7d3b-4f32-85de-df7f56fffb04","2024-08-09T13:09:57.000Z","cc69ec5a-41ac-4c72-81cb-b851e58049a6","2025-03-18T12:39:41.000Z","LIN","TAC-09CPB PSL","przenośny",999,,,"2d2a7315-c382-4c06-bc91-9a474d046d6b",,,"[""nofollow"",""noopener""]",,"https://www.ceneo.pl/152365763#crid=686891&pid=16557","[""noopener"",""nofollow""]",,2.6,,26,,,,"wewnętrznie","[""czarny"",""biały""]",65,,"1",320,,,,,,,,"0","0",,,"0",,,"0","0",,"0","[""Wi-Fi 2,4 GHZ""]","0",,,"Nie",,,,2600,,,,,,,,,,,,,,,,"0",,,,"0","1","1","1","1","1",,false,,"tak","nie",false,"[]"
87,"published",,"ce682939-7d3b-4f32-85de-df7f56fffb04","2024-08-09T13:12:15.000Z","cc69ec5a-41ac-4c72-81cb-b851e58049a6","2025-03-18T12:21:04.000Z","Activejet","KPS-7000APP","przenośny",1119,,,"8d3541f9-63d6-4a6f-b2dd-fa00f65a6738",,,"[""nofollow"",""noopener""]",,"https://www.ceneo.pl/134762245#crid=686895&pid=16557","[""noopener"",""nofollow""]",,2,,20,,,,"wewnętrznie",,53,,"0",270,,,,,,,,"0","0",,,"0",,,"0","0",,"0","[""Wi-Fi 2,4 GHZ""]","0",,,"Nie",,,,750,,,,,,,,,,,,,,,,"0",,,,"0","1","1","1","1","1",,false,,"tak","nie",false,"[]"
88,"published",,"ce682939-7d3b-4f32-85de-df7f56fffb04","2024-08-09T13:13:43.000Z","cc69ec5a-41ac-4c72-81cb-b851e58049a6","2025-03-18T12:22:42.000Z","Duraterm","DRAC10-7","przenośny",996,,,"072e93c3-de79-4a06-b7cf-2b5f95254c9e",,,"[""nofollow"",""noopener""]",,"https://www.ceneo.pl/110774634#crid=686934&pid=16557","[""noopener"",""nofollow""]",,2.1,,21,,,,"wewnętrznie",,65,,"0",300,,,,,,,,"0","0",,,"0",,,"0","0",,"0","[""Wi-Fi 2,4 GHZ""]","0",,,"Nie",,,,2100,,,,,,,,,,,,,,,,"0",,,,"0","1","1","1","1","1",,false,,"tak","nie",false,"[]"
89,"published",,"ce682939-7d3b-4f32-85de-df7f56fffb04","2024-08-09T13:16:39.000Z","cc69ec5a-41ac-4c72-81cb-b851e58049a6","2025-03-18T12:18:50.000Z","Fral","Super Cool FSC03.1","przenośny",1649,,,"4380e411-2281-4b9a-b2db-991863eed83e",,,"[""nofollow"",""noopener""]",,"https://www.ceneo.pl/37127728#crid=686933&pid=16557","[""noopener"",""nofollow""]",,0.9,,9,,,,"wewnętrznie",,56,,"0",150,,,,,,,,"0","0",,,"0",,,"0","0",,"0","[""Wi-Fi 2,4 GHZ""]","0",,,"Nie",,,,0.8,,,,,,,,,,,,,,,,"0",,,,"0","1","1","1","1","1",,false,,"tak","nie",false,"[]"
90,"published",,"e7bcdc1c-c375-4e8c-80b7-b5e5af3507f6","2025-04-17T09:27:19.000Z","e7bcdc1c-c375-4e8c-80b7-b5e5af3507f6","2025-04-18T13:02:45.000Z","Alpina","9000 BTU","przenośny",779,,,"de7a1384-3e36-408f-b690-fa17b8c69e59",,,"[""nofollow"",""noopener""]",,,"[""nofollow"",""noopener""]",,2.6,60,24,,,,"wewnętrznie","[""biały""]",60,60,"0",290,2,,,,,,,"0","0",,,"0",,,"0","0",,"0","[""Wi-Fi 2,4 GHZ""]","1","[""Programator"",""Kółka jezdne""]","R290","Nie",,230,,1010,2.6,,"A",,36,72,36,15,,,,,,,"https://ranking-oczyszczaczy.pl/klimatyzator-przenosny/action/","1",150,12.7,,"1","1","0","1","1","0",,true,"[""Urządzenie 3w1""]","nie","nie",false,"[]"
91,"published",,"e7bcdc1c-c375-4e8c-80b7-b5e5af3507f6","2025-04-17T12:48:08.000Z","e7bcdc1c-c375-4e8c-80b7-b5e5af3507f6","2025-04-18T13:01:49.000Z","Klarstein","Max Breeze Smart","przenośny",3651,4859,,"b107fe26-4561-498f-a953-fd4f1158bcdd",,,"[""nofollow"",""noopener""]",,"https://www.ceneo.pl/107941794?srsltid=AfmBOoraE4CvKn5mF3F80rzjeVfphX7iGOhP6ysUaegBXj2jfauKuhQ_#crid=735074&pid=16557","[""nofollow"",""noopener""]",,4.4,,44,,,,"wewnętrznie","[""czarny""]",65,,"0",500,3,,"18-32",32,18,,,"1","0",,,"1",,,"0","0",,"1","[""Asystent Google"",""Wi-Fi 2,4 GHZ""]","1","[""Tryb automatyczny"",""Programator"",""Kółka jezdne""]","R290","Nie",,240,,1650,2.6,,"A",,45,81,43,43,"57607973-3932-4b55-ab7f-8b795005deb1",,,,58,,"https://ranking-oczyszczaczy.pl/recenzje-klimatyzatorow-powietrza/klarstein-max-breeze/","1",150,15,,"1","1","0","1","1","1",,true,"[""Urządzenie 3w1"",""Wi-Fi"",""Tryb automatyczny"",""Filtr węglowy"",""Uszczelka na okno gratis""]","nie","nie",false,"[]"
92,"published",,"e7bcdc1c-c375-4e8c-80b7-b5e5af3507f6","2025-04-18T13:01:25.000Z","e7bcdc1c-c375-4e8c-80b7-b5e5af3507f6","2025-06-17T09:49:24.000Z","TCL","TAC-12CPB MZW","przenośny",2198,,,"a1f2584a-b8bd-4d40-bc26-2c0d400e8556",,,"[""nofollow"",""noopener""]",,"https://www.ceneo.pl/151829104?srsltid=AfmBOortm_WADzeRjAcK4A0EnSXXaLr90vMAC3q6dCE4Jm6eYSYk17tQ#crid=735225&pid=16557","[""nofollow"",""noopener""]",,3.5,40,35,2.9,,29,"wewnętrznie","[""biały""]",65,,"0",390,3,,"18-32",32,18,18,32,"1","0",,,"0",,,"0","0",,"1","[""Wi-Fi 2,4 GHZ""]","1","[""Tryb automatyczny"",""Programator"",""Kółka jezdne""]","R290","Nie",,240,1100,1300,2.6,2.6,"A+","A+",45,74.5,39.6,32,"6d83f72b-72a3-46f2-afcd-580215de69e8",,,,70,,"https://ranking-oczyszczaczy.pl/recenzje-klimatyzatorow-powietrza/tcl-tac-12cpb/?srsltid=AfmBOopV6TjXRmxb5Jh1u8n_FyrIpvaftfaLfQ_A3XI_EfGNlHVl5-wV","1",150,15,,"0","1","1","1","1","0",,false,"[""Urządzenie 4w1"",""Wi-Fi"",""Tryb automatyczny""]","nie","tak",false,"[]"
94,"published",,"f76fde35-7e8f-49bd-893d-9706def1e294","2025-04-25T09:27:19.000Z","cc69ec5a-41ac-4c72-81cb-b851e58049a6","2025-05-20T12:46:17.000Z","Haier","AM12AA1GAA","przenośny",1899,,,"ae0b8e8f-8a8c-4dac-aca8-cf2d1937bab0",,,"[""nofollow"",""noopener""]",,"https://www.ceneo.pl/80515949#crid=735478&pid=16557","[""nofollow"",""noopener""]","Sprawdź na Ceneo.pl",3.52,,35,3300,,33,"wewnętrznie","[""biały""]",65,52,"1",350,2,28.8,"17-31",,,,,"1","0",,,"0",,,"0","0",,"0","[""Wi-Fi 2,4 GHZ""]","1","[""Kółka jezdne"",""Tryb automatyczny"",""24-godzinny timer""]","R290","No",245,,1350,1370,2.6,2.44,"A",,44.3,81.5,34,28,"694999b9-7f0a-4273-8d0a-4bfb2711eec0",,,,78,12,,"1",150,15,"brak","1","1","1","1","1","1",,true,"[""Funkcja swing"",""Funkcja grzania""]","nie","nie",false,"[]"
95,"published",,"f76fde35-7e8f-49bd-893d-9706def1e294","2025-04-25T09:38:13.000Z","cc69ec5a-41ac-4c72-81cb-b851e58049a6","2025-05-30T13:23:10.000Z","Whirlpool","PACF29CO B","przenośny",1699,,,"9f27ca49-87b4-4371-ac63-987d2e3bae78",,,"[""nofollow"",""noopener""]",,"https://www.ceneo.pl/149679620crid=463407&pid=16557","[""nofollow""]","Sprawdź na Ceneo.pl",2.8,17,28,1,,10,"wewnętrznie","[""czarny""]",64,59,"1",380,3,31.2,"21-35",35,21,1,1,"1","0",,,"0",,,"0","0",,"0","[""Wi-Fi 2,4 GHZ""]","1","[""Tryb sleep (tryb nocny)"",""Automatycznie odszranianie"",""Programator"",""Kółka jezdne"",""Wygaszanie podświetlania"",""Tryb automatyczny""]","R290","No",280,,,1100,2.54,,"A",,44.2,71.8,32.6,31,,,,,66,34,"https://ranking-oczyszczaczy.pl/recenzje-klimatyzatorow-powietrza/whirlpool-pacf29co-b/","1",150,16,"listwa okienna w zestawie","1","1","0","1","1","0",,false,"[""Funkcja swing"",""Tryb automatyczny"",""Urządzenie 3w1""]","nie","tak",false,"[]"
96,"published",,"f76fde35-7e8f-49bd-893d-9706def1e294","2025-04-25T13:13:57.000Z","e7bcdc1c-c375-4e8c-80b7-b5e5af3507f6","2025-06-17T09:50:39.000Z","Whirlpool","PACF212HP B","przenośny",1599,,,"62db8ef6-0717-4c92-a97a-e96263cd160d",,,"[]",,"https://www.ceneo.pl/152021841#crid=739184&pid=16557","[""nofollow"",""noopener""]","Sprawdź ofertę na Ceneo.pl",3.3,33,33,2.8,28,28,"wewnętrznie","[""czarny""]",60,55,"1",0,3,,"21-35",35,21,,,"1","0",,,"0",,,"0","0",,"0","[""Wi-Fi 2,4 GHZ""]","1","[""Tryb sleep (tryb nocny)"",""Programator"",""Kółka jezdne"",""Wygaszanie podświetlania"",""Tryb automatyczny"",""Blokada rodzicielska""]","R290","No",280,,1000,1300,2.6,2.8,"A","A",44.2,71.8,37.3,32,,,,,,34,"https://ranking-oczyszczaczy.pl/recenzje-klimatyzatorow-powietrza/whirlpool-pacf212hp-b/","1",170,16,,"1","1","1","1","1","0",,false,"[""Swing"",""Urządzenie 4w1"",""Funkcja swing"",""Tryb automatyczny"",""Funkcja grzania""]","nie","nie",false,"[]"
97,"published",,"f76fde35-7e8f-49bd-893d-9706def1e294","2025-05-09T09:04:28.000Z","f76fde35-7e8f-49bd-893d-9706def1e294","2025-05-20T12:56:03.000Z","Mission Air","Polar 4,7 kW","przenośny",2299,,,"d7b7fbf7-ca94-496d-92d3-17d6dc66ebb5",,"https://missionair.pl/pl/klimatyzatory-przenosne/klimatyzator-przenosny-polar-47kw-wifi","[""noopener"",""nofollow""]","Link do sklepu autoryzowanego partnera",,"[""nofollow"",""noopener""]",,4.7,47,47,3300,47,33,"wewnętrznie","[""biały""]",65,,"1",450,,50,"16-32",32,16,16,32,"1","0",,,"0",,,"0","0",,"1","[""Wi-Fi 2,4 GHZ""]","1","[""Tryb automatyczny"",""Blokada rodzicielska"",""Programator""]","R290","nie",265,,1300,1712,2.7,2.5,"A","A",47,35.3,76.2,32,,,,,,,"https://ranking-oczyszczaczy.pl/recenzje-klimatyzatorow-powietrza/mission-air-polar-47kw-wifi/","0",150,15,,"1","1","1","1","1","0",,false,"[""Urządzenie 4w1"",""Wi-Fi"",""Funkcja swing""]","nie","nie",false,"[]"
98,"published",,"f76fde35-7e8f-49bd-893d-9706def1e294","2025-06-03T11:36:32.000Z","f76fde35-7e8f-49bd-893d-9706def1e294","2025-06-03T14:05:34.000Z","Beko","BP113H","przenośny",2999,,,"79151574-5c94-45d6-b5d6-7b5caa117d7c",,,"[""nofollow"",""noopener""]",,"https://www.ceneo.pl/153231378?#crid=740711&pid=16557","[""nofollow"",""noopener""]","Sprawdź na Ceneo.pl",3.8,40,35,3.1,30,31,"wewnętrznie","[""biały""]",65,50,"1",400,2,,"16-30",35,18,7,27,"1","1",99,6,"0",,,"0","0","[]","1","[""Wi-Fi 2,4 GHZ""]","1","[""Automatycznie odszranianie"",""Tryb automatyczny"",""Blokada rodzicielska"",""Programator"",""Kółka jezdne"",""System samoparowania ""]","R290","NIE",,220,,2300,2.6,,"A","A",47,76.4,37,34.5,,75,,100,,1,"https://ranking-oczyszczaczy.pl/recenzje-klimatyzatorow-powietrza/beko-bp113h/","1",150,15,"rękaw uszczelniający w zestawie - dł. 4m","1","1","1","1","1","1","30",true,"[""Urządzenie 5w1"",""Filtr HEPA"",""Uszczelka na okno w zestawie"",""Swing"",""Funkcja grzania"",""Wi-Fi"",""Funkcja swing"",""Tryb automatyczny""]","nie","nie",false,"[]"