"id","status","sort","user_created","date_created","user_updated","date_updated","brand_name","model","type","price","price_before","discount_info","partner_name","partner_link_url","partner_link_rel_2","partner_link_title","ceneo_link_rel_2","ceneo_url","ceneo_link_title","image","humidification_efficiency","tested_efficiency","max_area","tested_max_area","water_tank_capacity","water_tank_min_time","water_tank_fill_type","hygrostat","hygrostat_min","hygrostat_max","hygrostat_step","fan_modes_count","min_fan_volume","max_fan_volume","night_mode","evaporative_filter","evaporative_filter_life","evaporative_filter_price","silver_ion","silver_ion_life","silver_ion_price","ceramic_filter","ceramic_filter_life","ceramic_filter_price","uv_lamp","ionization","mobile_app","mobile_features","control_other","remote_control","functions","min_rated_power_consumption","max_rated_power_consumption","rated_voltage","width","height","depth","weight","colors","capability_points","capability","profitability_points","ranking","profitability","review_link","ranking_hidden","Filter_cots_humi","disks","main_ranking","for_plant","for_desk","alergic","astmatic","small","for_kids","big_area","humidification_area","max_area_ro","max_performance","hepa_filter_class","mesh_filter","carbon_filter","type_of_device","is_promo","gallery"
1,"published",,"f0a7c3cf-8fc8-43d8-ae3d-37b3b993c247","2022-04-11T09:03:05.000Z","ce682939-7d3b-4f32-85de-df7f56fffb04","2025-03-04T09:03:10.000Z","Klarta","Humea WiFi","vapor",499,,,"Klarta","https://klarta.pl/nawilzacze-powietrza/klarta-humea-wifi/","[""nofollow"",""noopener""]",,"[""nofollow"",""noopener""]",,,"23c4c4e6-fc15-4950-b2dd-a58c901ea816",300,245,44,35,3,12,"window","1",40,75,5,4,24,"55","1","1",6,69,"0",,,"0",,,"0","no","1","[""Wi-Fi 2,4 GHz""]",,"0","[""Higrostat"",""Sterowanie smartfonem"",""Timer"",""Lampka nocna""]",0.9,6.6,,22.9,36.3,22.9,2.3,"[""white"",""Beżowy""]",79,80,85,2,95,"https://ranking-oczyszczaczy.pl/recenzje-nawilzaczy-powietrza/klarta-humea-wifi/",false,"Wymiana filtra nawilżającego do Klarta Humea WiFi co 6 miesięcy nieustannej pracy - koszt 59 zł. Koszt na sezon (6 miesięcy) - 59 zł. Możliwość zakupu dwupaku filtrów - koszt roczny 109 zł.",,"Tak","Tak","Tak","tak","tak","tak","tak","nie",,,,,,,,true,"[160,161,162,163,164,165,166,167,168,169]"
2,"archived",,"94875643-bc29-4c6b-89d0-3b59e7ddf858","2022-04-11T11:07:27.000Z","ce682939-7d3b-4f32-85de-df7f56fffb04","2022-12-18T22:37:20.000Z","Stylies","Orion","vapor",449,,,,,"[""nofollow"",""noopener""]",,"[""nofollow"",""noopener""]","https://www.ceneo.pl/26601808#crid=507172&pid=16557",,"10bffcc9-4cf1-4138-b231-d6b4fa18e642",350,245,50,35,6,17,"window","1",30,65,5,2,20,"22","0","1",3,79,"1",12,89,"0",,,"0","no","0","[""Wi-Fi 2,4 GHz""]",,"0","[""Automatyczne wył. przy pustym zbiorniku"",""Optyczny wskaźnik napełnienia zbiornika"",""Sygnalizacja pustego zbiornika"",""Aromaterapia"",""Wskaźnik poziomu nawilżenia"",""Programator czasu pracy (wyłączenia)""]",6,18,,37,25,25,2.9,"[""white""]",100,71,57,,59,"https://ranking-oczyszczaczy.pl/recenzje-nawilzaczy-powietrza/stylies-orion/",false,,,"Tak","Nie","nie","nie","nie","nie","nie","nie",,,,,,,,false,"[10,11]"
3,"published",,"94875643-bc29-4c6b-89d0-3b59e7ddf858","2022-04-11T11:42:39.000Z","f76fde35-7e8f-49bd-893d-9706def1e294","2025-04-14T09:57:41.000Z","Philips","HU4816/10","vapor",599,,,,,"[""nofollow"",""noopener""]",,"[""nofollow"",""noopener""]","https://www.ceneo.pl/86384252#crid=293909&pid=16557",,"1be797d0-77b2-45e4-a973-edb6d334910f",300,245,44,35,4,16,"window","1",40,60,10,3,35,,"0","1",6,99,"0",,,"0",,,"0","no","0","[""Wi-Fi 2,4 GHz""]",,"0","[""Higrostat"",""Timer""]",,25,,24.8,38,24.8,2.2,"[""white""]",79,79,47,4,57,"https://ranking-oczyszczaczy.pl/recenzje-nawilzaczy-powietrza/philips-hu4816-10/",false,"Wymiana filtra nawilżającego FY2402 co 6 miesięcy nieustannej pracy - koszt 99 zł. Koszt na sezon (6 miesięcy) - 99 zł, koszt roczny - 198 zł.",,"Tak","Tak","nie","tak","nie","nie","nie","nie",,,,,,,,false,"[12,13,14,15,16,17]"
4,"published",,"94875643-bc29-4c6b-89d0-3b59e7ddf858","2022-04-11T12:07:22.000Z","f76fde35-7e8f-49bd-893d-9706def1e294","2025-06-10T08:43:36.000Z","Philips","HU2718/10","vapor",479,,,,,"[""nofollow"",""noopener""]",,"[""nofollow"",""noopener""]","https://www.ceneo.pl/101171829#crid=445081&pid=16557",,"7c103901-d4c5-4e40-b7f1-ce3ec74ad01b",200,190,32,27.14286,2,10,"remove_cover","1",40,70,10,3,34,,"1","1",6,79,"0",,,"0",,,"0","no","0","[""Wi-Fi 2,4 GHz""]",,"0","[""Higrostat"",""Timer""]",17,17,,22,35,22,2.56,"[""black""]",55,55,44,8,52,"https://ranking-oczyszczaczy.pl/recenzje-nawilzaczy-powietrza/philips-hu2718-10/",false,"Wymiana filtra nawilżającego FY3446/30 co 6 miesięcy - 79 zł. Koszt na sezon (6 miesięcy) - 79 zł, koszt roczny - 158 zł.",,"Tak","Nie","Tak","tak","nie","tak","nie","nie",,,,,,,,false,"[20,21,22,23,173,174,175,176]"
5,"published",,"94875643-bc29-4c6b-89d0-3b59e7ddf858","2022-04-12T11:09:03.000Z","f76fde35-7e8f-49bd-893d-9706def1e294","2025-06-10T09:13:37.000Z","Philips","HU4801/01","vapor",687,,,,,"[""nofollow"",""noopener""]",,"[""nofollow"",""noopener""]","https://www.ceneo.pl/40915740#crid=243149&pid=16557",,"1a52b4a3-8e81-4434-b517-57f12d5fa655",200,210,25,30,2,10,"remove_cover","0",,,,2,26,,"0","1",3,29,"0",,,"0",,,"0","no","0","[""Wi-Fi 2,4 GHz""]",,"0","[""brak""]",,14,,24.9,33.9,24.9,2.92,"[""white""]",52,52,46,6,46,"https://ranking-oczyszczaczy.pl/recenzje-nawilzaczy-powietrza/philips-hu4801-01/",false,"Wymiana filtra nawilżającego HU4102 co 3 miesiące - 49 zł. Koszt na sezon (6 miesięcy) - 98 zł, koszt roczny - 196 zł.",,"Tak","Nie","nie","nie","nie","nie","tak","nie",,,,,,,,false,"[24,25,26,27,28,93,94]"
6,"published",,"94875643-bc29-4c6b-89d0-3b59e7ddf858","2022-04-12T11:10:38.000Z","94875643-bc29-4c6b-89d0-3b59e7ddf858","2025-03-03T13:35:08.000Z","Philips","HU4813/10","vapor",499,,,,,"[""nofollow"",""noopener""]",,"[""nofollow"",""noopener""]","https://www.ceneo.pl/50770020#crid=242565&pid=16557",,"328f313c-a542-4b88-b488-8afc999a9b37",300,245,44,35,2,,"remove_cover","1",40,60,10,3,,"34","1","1",3,65,"0",,,"0",,,"0","no","0","[""Wi-Fi 2,4 GHz""]",,"0","[""Higrostat"",""Timer""]",,27.8,220,24.9,33.9,24.9,4.34,"[""black""]",64,64,42,10,51,"https://ranking-oczyszczaczy.pl/recenzje-nawilzaczy-powietrza/philips-hu4813-10/",false,"Wymiana filtra nawilżającego HU4102 co 3 miesiące - 49 zł. Koszt na sezon (6 miesięcy) - 98 zł, koszt roczny - 196 zł.",,"Tak","Nie","nie","nie","nie","nie","nie","nie",,,,,,,,false,"[29,30,31,32,33,34]"
7,"published",,"94875643-bc29-4c6b-89d0-3b59e7ddf858","2022-04-12T11:15:57.000Z","f76fde35-7e8f-49bd-893d-9706def1e294","2025-06-10T08:47:23.000Z","Stadler Form","Oskar Biały","vapor",549,,,,,"[""nofollow""]",,"[""noopener"",""nofollow""]","https://www.ceneo.pl/20247801#crid=242567&pid=16557",,"6e4a2387-9cd3-466c-ade3-f82186348e7e",370,180,50,25.71429,3.5,9.4,"window","1",40,55,5,2,26,"39","1","1",3,90,"1",12,100,"0",,,"0","no","0","[""Wi-Fi 2,4 GHz""]",,"0","[""Higrostat"",""Aromaterapia""]",6,18,,24.6,29,24.6,3.1,"[""Biały"",""Czarny"",""Tytanowy""]",60,63,47,5,45,"https://ranking-oczyszczaczy.pl/recenzje-nawilzaczy-powietrza/stadler-form-oskar/",false,"Wymiana kasety filtracyjnej co 2-3 miesiące - 79 zł. Wymiana kostki z jonami srebra co 12 miesięcy - 99 zł. Koszt na sezon (6 miesięcy) - 207 zł, koszt roczny - 415 zł.",,"Tak","Nie","Tak","nie","nie","tak","tak","nie",,,,,,,,false,"[35,36,37,38,39,40,41,42,43,44,45,46,47]"
8,"published",,"94875643-bc29-4c6b-89d0-3b59e7ddf858","2022-04-12T11:23:29.000Z","f76fde35-7e8f-49bd-893d-9706def1e294","2025-06-10T08:38:08.000Z","Philips","HU2716/10","vapor",479,,,,,"[""nofollow"",""noopener""]",,"[""nofollow"",""noopener""]","https://www.ceneo.pl/100938656#crid=445079&pid=16557",,"281f9010-1f27-47b5-b273-26e427b3b2a0",200,190,32,27.14286,2,10,"remove_cover","1",40,70,10,3,34,"49","1","1",6,79,"0",,,"0",,,"0","no","0","[""Wi-Fi 2,4 GHz""]",,"0","[""Higrostat"",""Timer""]",6.5,17,,22,35,22,2.56,"[""white""]",55,55,41,11,52,"https://ranking-oczyszczaczy.pl/recenzje-nawilzaczy-powietrza/philips-hu2718-10/",false,,,"Tak","Tak","Tak","tak","nie","tak","nie","nie",,,,,,,,false,"[49,50,89,90,91,92]"
9,"published",,"94875643-bc29-4c6b-89d0-3b59e7ddf858","2022-04-12T11:25:26.000Z","94875643-bc29-4c6b-89d0-3b59e7ddf858","2025-03-03T13:57:18.000Z","LIFAair","LAH302","vapor",2999,,,,,"[""nofollow"",""noopener""]",,"[""nofollow"",""noopener""]","https://www.ceneo.pl/110590140#crid=510451&pid=16557",,"15eecbaf-45b7-4b67-942a-c38b68c0759e",1000,,140,,6.5,6.5,"window","1",,,,,27.5,"48","0","1",24,399,"0",,,"0",,,"1","no","1","[""Wi-Fi 2,4 GHz""]",,"0","[""Oczyszczanie powietrza (filtr HEPA)"",""Funkcja osuszania filtra"",""Higrostat""]",25,450,,31.5,73.5,31.7,6.9,"[""white""]",100,71,24,,25,,false,,,"Nie","Nie","nie","nie","nie","nie","nie","tak",,,,,,,,false,"[54,55,56,57,58]"
10,"published",,"94875643-bc29-4c6b-89d0-3b59e7ddf858","2022-04-12T11:26:24.000Z","94875643-bc29-4c6b-89d0-3b59e7ddf858","2025-03-03T13:36:52.000Z","Stylies","Helos","vapor",599,,,,,"[""nofollow"",""noopener""]",,"[""nofollow"",""noopener""]","https://www.ceneo.pl/57513673#crid=506217&pid=16557",,"698beacf-4a37-42f3-857c-268f723bfbde",200,196,45,28,4,20,"window","1",30,65,5,3,,"23,5","1","1",3,79,"1",12,89,"0",,,"0","no","0","[""Wi-Fi 2,4 GHz""]",,"0","[""Aromaterapia"",""Higrostat""]",,6,,28,35,21,2.45,"[""white""]",83,83,46,7,50,"https://ranking-oczyszczaczy.pl/recenzje-nawilzaczy-powietrza/stylies-helos/",false,"Wymiana filtra nawilżającego co 3 miesiące - 79 zł. Wymiana kostki z jonami srebra co 1 rok- 89 zł.
Koszt na sezon (6 miesięcy) - 247 zł, koszt roczny - 405 zł.",,"Tak","Nie","nie","nie","nie","nie","nie","nie",,,,,,,,false,"[59,60,61,62]"
11,"published",,"94875643-bc29-4c6b-89d0-3b59e7ddf858","2022-04-12T11:28:06.000Z","f76fde35-7e8f-49bd-893d-9706def1e294","2025-06-10T09:27:08.000Z","Philips","HU4803/01","vapor",619,,,,,"[""nofollow"",""noopener""]",,"[""nofollow"",""noopener""]","https://www.ceneo.pl/30577829#crid=464952&pid=16557",,"652f2960-f297-431b-ae91-29a196ded265",220,230,25,32.85714,2,9,"remove_cover","1",40,60,10,3,26,"50","1","1",3,49,"0",,,"0",,,"0","no","0","[""Wi-Fi 2,4 GHz""]",,"0","[""Higrostat"",""Timer""]",,14,,24.9,33.9,24.9,1.5,"[""white""]",55,55,37,13,37,"https://ranking-oczyszczaczy.pl/recenzje-nawilzaczy-powietrza/philips-hu4803-01/",false,"Wymiana filtra nawilżającego HU4102 co 3 miesiące - 49 zł. Koszt na sezon (6 miesięcy) - 98 zł, koszt roczny - 196 zł.",,"Tak","Nie","nie","nie","nie","tak","tak","nie",,,,,,,,false,"[64,65,177]"
12,"published",,"94875643-bc29-4c6b-89d0-3b59e7ddf858","2022-04-12T11:29:36.000Z","f76fde35-7e8f-49bd-893d-9706def1e294","2024-11-07T09:06:15.000Z","Stylies","Carina","vapor",299,,,,,"[""nofollow"",""noopener""]",,"[""nofollow"",""noopener""]","https://www.ceneo.pl/20247759#crid=506217&pid=16557",,"a2995acd-9b11-4810-8614-a7fd65a1fdc5",250,110,35,15.71429,3.5,1.4,"window","0",,,,1,26,"26","0","1",3,78,"1",12,89,"0",,,"0","no","0","[""Wi-Fi 2,4 GHz""]",,"0","[""brak""]",8,8,,35,25.5,19,1.6,"[""white""]",37,37,36,14,39,"https://ranking-oczyszczaczy.pl/recenzje-nawilzaczy-powietrza/stylies-carina-2/",false,,,"Tak","Nie","nie","nie","nie","tak","nie","nie",,,,,,,,false,"[66,67,68,69,70]"
13,"published",,"94875643-bc29-4c6b-89d0-3b59e7ddf858","2022-04-12T11:30:58.000Z","94875643-bc29-4c6b-89d0-3b59e7ddf858","2025-05-08T10:46:14.000Z","Stylies","Alaze","vapor",469,,,,,"[""nofollow"",""noopener""]",,"[""nofollow"",""noopener""]","https://www.ceneo.pl/90273475#crid=482233&pid=16557",,"926b0e10-a935-42be-ac0c-67cc86f2c49f",280,210,40,30,3,10.7,"window","1",50,50,0,3,27,"42","1","1",3,79,"1",12,89,"0",,,"0","no","0","[""Wi-Fi 2,4 GHz""]",,"0","[""Higrostat""]",,3.5,,28,27.1,160,1.42,"[""white""]",65,65,35,15,46,"https://ranking-oczyszczaczy.pl/recenzje-nawilzaczy-powietrza/stylies-alaze-2/",false,"Wymiana filtra nawilżającego co 3 miesiące - 79 zł. Wymiana kostki z jonami srebra co 1 rok- 89 zł.
Koszt na sezon (6 miesięcy) - 247 zł, koszt roczny - 405 zł.",,"Tak","Nie","nie","nie","nie","tak","nie","nie",,,,,,,,false,"[71,72,73,74,75]"
14,"published",,"94875643-bc29-4c6b-89d0-3b59e7ddf858","2022-04-12T11:32:12.000Z","ce682939-7d3b-4f32-85de-df7f56fffb04","2024-08-09T11:24:45.000Z","HB","AW1015DW","sonic",267,,,,,"[""nofollow"",""noopener""]",,"[""nofollow"",""noopener""]","https://www.ceneo.pl/47464484#crid=242538&pid=16557",,"84bb5acd-4c71-41c9-bb95-f5d92729f734",150,70,15,10,2.2,14.6,"remove_cover","1",40,60,10,3,,"25","0","1",3,39,"0",,,"0",,,"0","no","0","[""Wi-Fi 2,4 GHz""]",,"0","[""Optyczny wskaźnik napełnienia zbiornika"",""Programator czasu pracy (wyłączenia)"",""Wskaźnik poziomu nawilżenia""]",,17.3,,26,37,25,3,"[""white""]",21,31,27,,25,"https://ranking-oczyszczaczy.pl/recenzje-nawilzaczy-powietrza/hb-aw1015dw/",false,,,"Nie","Nie","nie","nie","nie","nie","nie","nie",,,,,,,,false,"[76,77,78,79,80]"
15,"published",,"94875643-bc29-4c6b-89d0-3b59e7ddf858","2022-04-12T11:33:28.000Z","f76fde35-7e8f-49bd-893d-9706def1e294","2024-11-07T09:08:26.000Z","Stadler Form","Oskar Little","vapor",406,,,,,"[""nofollow"",""noopener""]",,"[""nofollow"",""noopener""]","https://www.ceneo.pl/40276036#crid=271732&pid=16557",,"b60f934d-a284-425f-9cbb-10ae9f7abfb0",200,110,30,15.71429,2.5,12.5,"window","0",,,,2,26,"39","1","1",3,84,"1",12,99,"0",,,"0","no","0","[""Wi-Fi 2,4 GHz""]",,"0","[""Aromaterapia""]",6,15,,24.6,29,17.5,2.5,"[""white"",""black"",""Tytanowy"",""Czerwony""]",33,36,27,17,29,"https://ranking-oczyszczaczy.pl/recenzje-nawilzaczy-powietrza/stadler-form-oskar-little/",false,"Wymiana kasety filtracyjnej co 2-3 miesiące - 79 zł. Wymiana kostki z jonami srebra co 12 miesięcy - 99 zł. Koszt na sezon (6 miesięcy) - 207 zł, koszt roczny - 415 zł.",,"Tak","Nie","Tak","nie","nie","tak","nie","nie",,,,,,,,false,"[81,82,83,84,85,86,87,88]"
16,"published",,"94875643-bc29-4c6b-89d0-3b59e7ddf858","2022-04-13T12:28:19.000Z","f76fde35-7e8f-49bd-893d-9706def1e294","2025-06-10T08:46:24.000Z","Stadler Form","Oskar Czarny","vapor",499,,,,,"[""noopener"",""nofollow""]",,"[""noopener"",""nofollow""]","https://www.ceneo.pl/7659433#crid=242567&pid=16557",,"4b665346-fb4f-41d8-8d72-7779988e11d4",370,180,50,25.71429,3.6,9.4,"window","1",40,55,5,2,26,"39","1","1",3,90,"1",12,100,"0",,,"0","no","0","[""Wi-Fi 2,4 GHz""]",,"0","[""Higrostat"",""Aromaterapia""]",6,18,,24.6,29,24.6,3.1,"[""Tytanowy"",""Czarny"",""Biały""]",60,63,43,9,47,"https://ranking-oczyszczaczy.pl/recenzje-nawilzaczy-powietrza/stadler-form-oskar/",false,"Wymiana kasety filtracyjnej co 2-3 miesiące - 79 zł. Wymiana kostki z jonami srebra co 12 miesięcy - 99 zł. Koszt na sezon (6 miesięcy) - 207 zł, koszt roczny - 415 zł.",,"Tak","Nie","Tak","nie","nie","tak","tak","nie",,,,,,,,false,"[95,96,97,98,101,102,105]"
17,"published",,"f76fde35-7e8f-49bd-893d-9706def1e294","2022-05-09T10:41:50.000Z","ce682939-7d3b-4f32-85de-df7f56fffb04","2024-08-08T14:09:23.000Z","Stadler Form","Oskar Big","vapor",999,1199,"17%",,,"[""noopener"",""nofollow""]",,"[""noopener"",""nofollow""]","https://www.ceneo.pl/20247804#crid=527010&pid=16557","Sprawdź najtańszą ofertę na Ceneo.pl","d466a97b-a1ce-47c1-9b32-d1fc06037c7c",700,415,100,59.28571,6,8.5,"window","1",40,55,5,4,,"26","1","1",2,79,"1",12,100,"0",,,"0","no","0","[""Wi-Fi 2,4 GHz""]",,"0","[""Automatyczne wył. przy pustym zbiorniku"",""Aromaterapia"",""Sygnalizacja pustego zbiornika"",""Sygnalizacja zużycia filtra""]",8,30,,47,29,20,4.7,"[""white"",""black""]",139,100,32,,33,"https://staging.ranking-oczyszczaczy.pl/recenzje-nawilzaczy-powietrza/stadler-form-oskar-big/",true,,,"Tak","Nie","nie","nie","nie","nie","nie","nie",,,,,,,,false,"[108,109]"
18,"published",,"94875643-bc29-4c6b-89d0-3b59e7ddf858","2022-08-31T09:59:46.000Z","e7bcdc1c-c375-4e8c-80b7-b5e5af3507f6","2023-01-12T12:22:46.000Z","Xiaomi","Smartmi Evaporative Humidifier","vapor",374,374,,,,"[""nofollow"",""noopener""]",,"[""nofollow"",""noopener""]","https://ranking-oczyszczaczy.pl/recenzje-nawilzaczy-powietrza/xiaomi-smart-mi-pure-evaporative/",,"43f281f7-8247-46f1-bc91-354087f98c16",240,200,50,28.57143,4,20,"window","1",,,,3,34,"47","0","0",,,"0",,,"0",,,"0","no","1","[""Wi-Fi 2,4 GHz""]",,"0","[""Automatyczne wył. przy pustym zbiorniku"",""Sygnalizacja pustego zbiornika"",""Funkcja osuszania filtra"",""Wskaźnik poziomu nawilżenia"",""Zakres prezentowanej wilgotności (w %)"",""Optyczny wskaźnik napełnienia zbiornika"",""Programator czasu pracy (włączenia)"",""Programator czasu pracy (wyłączenia)""]",2,5,,24,36.3,24,5.17,"[""white""]",,0,,,0,"https://ranking-oczyszczaczy.pl/recenzje-nawilzaczy-powietrza/xiaomi-smart-mi-pure-evaporative/",true,,,"Tak","Nie","nie","nie","nie","nie","nie","nie",,,,,,,,false,"[]"
19,"published",,"94875643-bc29-4c6b-89d0-3b59e7ddf858","2022-08-31T10:19:06.000Z","e7bcdc1c-c375-4e8c-80b7-b5e5af3507f6","2023-01-12T12:25:44.000Z","Xiaomi","MiJia Pure Smart Humidifier Pro","vapor",0,,,,,"[""nofollow"",""noopener""]",,"[""nofollow"",""noopener""]","https://www.ceneo.pl/99092655#crid=547919&pid=16557",,"cadf593b-5d85-4ff2-9b3a-b53118936f81",600,,80,,5,8.3,"remove_cover","1",,,,3,,"50","0","0",,,"0",,,"1",,,"1","no","1","[""Wi-Fi 2,4 GHz""]",,"0","[""Automatyczne wył. przy pustym zbiorniku"",""Optyczny wskaźnik napełnienia zbiornika"",""Sygnalizacja pustego zbiornika"",""Funkcja osuszania filtra"",""Wskaźnik poziomu nawilżenia"",""Zakres prezentowanej wilgotności (w %)"",""Programator czasu pracy (włączenia)"",""Programator czasu pracy (wyłączenia)""]",,,,28.5,50.8,28.5,5.86,"[""white""]",,0,,,0,"https://ranking-oczyszczaczy.pl/recenzje-nawilzaczy-powietrza/xiaomi-pure-smart-humidifier-pro/",true,,,"Tak","Nie","nie","nie","nie","nie","nie","nie",,,,,,,,false,"[]"
20,"published",,"94875643-bc29-4c6b-89d0-3b59e7ddf858","2022-08-31T10:29:14.000Z","94875643-bc29-4c6b-89d0-3b59e7ddf858","2024-09-02T09:25:38.000Z","Xiaomi","Smartmi Evaporative Humidifier 2","vapor",428,,,,,"[""nofollow"",""noopener""]",,"[""noopener"",""nofollow""]","https://www.ceneo.pl/97646593#crid=532387&pid=16557",,"f7710607-1294-457d-9499-ceb652e4b4dc",260,220,50,31.42857,4,,"window","1",,,,3,34.3,"50","0","0",,,"0",,,"0",,,"0","no","1","[""Wi-Fi 2,4 GHz""]",,"0","[""Automatyczne wył. przy pustym zbiorniku"",""Optyczny wskaźnik napełnienia zbiornika"",""Sygnalizacja pustego zbiornika"",""Zakres prezentowanej wilgotności (w %)"",""Wskaźnik poziomu nawilżenia"",""Programator czasu pracy (włączenia)"",""Programator czasu pracy (wyłączenia)"",""Wskaźnik temperatury""]",,8,,24,36.3,24,4.3,"[""white""]",,0,,,0,"https://ranking-oczyszczaczy.pl/recenzje-nawilzaczy-powietrza/xiaomi-smart-mi-pure-evaporative-2/",true,,,"Tak","Nie","nie","nie","nie","nie","tak","nie",,,,,,,,false,"[]"
21,"published",,"94875643-bc29-4c6b-89d0-3b59e7ddf858","2022-08-31T10:41:59.000Z","e7bcdc1c-c375-4e8c-80b7-b5e5af3507f6","2023-01-12T12:29:19.000Z","Stadler Form","George","vapor",943,,,,,"[""nofollow"",""noopener""]",,"[""nofollow"",""noopener""]","https://www.ceneo.pl/90458213#crid=538999&pid=16557",,"3032ea65-c25b-46d8-ab6d-8f66ab46bf81",400,,60,,3.2,8,"remove_cover","1",40,55,5,4,27,"48","0","0",2,109,"1",12,129,"0",,,"0","no","0","[""Wi-Fi 2,4 GHz""]",,"0","[""Automatyczne wył. przy pustym zbiorniku"",""Aromaterapia""]",3,23,,31.5,41.8,21.5,5,"[""white""]",,0,,,0,"https://ranking-oczyszczaczy.pl/recenzje-nawilzaczy-powietrza/stadler-form-george/",true,,,"Tak","Nie","nie","nie","nie","nie","nie","nie",,,,,,,,false,"[]"
22,"published",,"94875643-bc29-4c6b-89d0-3b59e7ddf858","2022-08-31T12:16:39.000Z","e7bcdc1c-c375-4e8c-80b7-b5e5af3507f6","2023-01-12T12:30:06.000Z","Webber","HH10001","vapor",1299,,,,,"[""nofollow"",""noopener""]",,"[""noopener"",""nofollow""]","https://ranking-oczyszczaczy.pl/recenzje-nawilzaczy-powietrza/webber-hh10001/",,"6a3c8ef4-dfaa-4ace-bc37-b7f063cd0b93",1200,,100,,10,,"window","1",30,80,5,2,,"30","1","1",,179,"0",,,"0",,,"0","blade","0","[""Wi-Fi 2,4 GHz""]",,"0","[""Automatyczne wył. przy pustym zbiorniku"",""Optyczny wskaźnik napełnienia zbiornika"",""Sygnalizacja pustego zbiornika"",""Wskaźnik poziomu nawilżenia"",""Zakres prezentowanej wilgotności (w %)"",""Programator czasu pracy (włączenia)""]",,40,,29,69,29,7.2,"[""white""]",,0,,,0,"https://ranking-oczyszczaczy.pl/recenzje-nawilzaczy-powietrza/webber-hh10001/",true,,,"Tak","Nie","nie","nie","nie","nie","nie","nie",,,,,,,,false,"[]"
24,"published",,"94875643-bc29-4c6b-89d0-3b59e7ddf858","2022-09-01T09:10:46.000Z","94875643-bc29-4c6b-89d0-3b59e7ddf858","2025-03-03T13:58:11.000Z","Blaupunkt","AHE601","1",429,,,,,"[""nofollow"",""noopener""]",,"[""nofollow"",""noopener""]","https://www.ceneo.pl/103360230#cid=25918&crid=455067&pid=16557",,"6d25012a-b7b2-48ac-888a-a6bd580d6cbd",250,280,30,40,4,,,"0",,,,2,,"45","1","1",,79,"0",,,"0",,,"0","no","0","[""Wi-Fi 2,4 GHz""]",,"0","[""Wskaźnik poziomu nawilżenia"",""Zakres prezentowanej wilgotności (w %)"",""Sygnalizacja pustego zbiornika"",""Blokada rodzicielska"",""Automatyczne wył. przy pustym zbiorniku""]",,21.2,,26,35.6,26,3,"[""white""]",,0,,,0,"https://ranking-oczyszczaczy.pl/recenzje-nawilzaczy-powietrza/beautitiec-szk-a420/",true,,,"Nie","Nie","nie","nie","nie","nie","nie","nie",,,,,,,,false,"[]"
25,"draft",,"94875643-bc29-4c6b-89d0-3b59e7ddf858","2022-09-01T09:48:28.000Z","94875643-bc29-4c6b-89d0-3b59e7ddf858","2024-03-18T10:30:10.000Z","Beautitec","SZK-A420","vapor",440,,,"Aze.pl","https://www.aze.com.pl/pl/p/Nawilzacz-ultradzwiekowy-Beautitec-SZK-A500/2237","[""nofollow"",""noopener""]","Link do Aze.pl","[""nofollow"",""noopener""]",,,"c0ccc145-2f4f-4376-87b6-fe7f1ed34e2a",250,280,30,40,4,,,"0",,,,2,,"45","1","1",,79,"0",,,"0",,,"0","no","0","[""Wi-Fi 2,4 GHz""]",,"0","[""Wskaźnik poziomu nawilżenia"",""Zakres prezentowanej wilgotności (w %)"",""Sygnalizacja pustego zbiornika"",""Blokada rodzicielska"",""Automatyczne wył. przy pustym zbiorniku""]",,21.2,,26,35.6,26,3,"[""white""]",,0,,,0,"https://staging.ranking-oczyszczaczy.pl/recenzje-nawilzaczy-powietrza/beautitec-szk-a420/",true,,,"Tak","Nie","nie","nie","nie","nie","nie","nie",,,,,,,,false,"[]"
26,"published",,"94875643-bc29-4c6b-89d0-3b59e7ddf858","2022-09-01T10:03:28.000Z","f76fde35-7e8f-49bd-893d-9706def1e294","2025-06-10T08:34:00.000Z","Philips","HU4811/10","vapor",409,,,,,"[""nofollow"",""noopener""]",,"[""nofollow"",""noopener""]","https://www.ceneo.pl/62181099#crid=548080&pid=16557",,"a2497da7-8fd6-41b2-be10-b2b10f92a721",250,,38,,2,,"remove_cover","0",,,,2,34,,"0","1",3,49,"0",,,"0",,,"0","no","0","[""Wi-Fi 2,4 GHz""]",,"0","[]",,15,,31,40.5,31,2.96,"[""white""]",,53,,,53,"https://ranking-oczyszczaczy.pl/recenzje-nawilzaczy-powietrza/philips-hu4811-10/",false,"filtr HU4102 – wymienny co 3 miesiące, cena – 49 zł",,"Tak","Nie","nie","nie","nie","nie","nie","nie",,,,,,,,false,"[]"
27,"published",,"94875643-bc29-4c6b-89d0-3b59e7ddf858","2022-09-01T10:18:11.000Z","e7bcdc1c-c375-4e8c-80b7-b5e5af3507f6","2023-01-12T12:20:07.000Z","Philips","HU3916/10","vapor",660,,,,,"[""nofollow"",""noopener""]",,"[""noopener"",""nofollow""]","https://www.ceneo.pl/101935256#crid=445101&pid=16557",,"63d855a7-2bc8-4cbb-8fc4-6de904c5c913",300,,45,,3,,"remove_cover","1",40,60,10,3,,"49","0","1",6,79,"0",,,"0",,,"0","no","0","[""Wi-Fi 2,4 GHz""]",,"0","[""Automatyczne wył. przy pustym zbiorniku"",""Optyczny wskaźnik napełnienia zbiornika"",""Wskaźnik poziomu nawilżenia"",""Zakres prezentowanej wilgotności (w %)"",""Programator czasu pracy (wyłączenia)""]",10,29,,25,37.5,25,2.61,"[""white""]",,0,,,0,"https://ranking-oczyszczaczy.pl/recenzje-nawilzaczy-powietrza/philips-hu3916-10/",true,,,"Tak","Nie","nie","nie","nie","nie","nie","nie",,,,,,,,false,"[]"
28,"published",,"94875643-bc29-4c6b-89d0-3b59e7ddf858","2022-09-01T10:20:30.000Z","e7bcdc1c-c375-4e8c-80b7-b5e5af3507f6","2023-01-12T12:20:20.000Z","Philips","HU3918/10","vapor",765,,,,,"[""nofollow"",""noopener""]",,"[""noopener"",""nofollow""]","https://www.ceneo.pl/101936461#crid=445109&pid=16557",,"c5cb14f9-260b-4ba2-8f8c-afb0748edd03",300,,45,,3,,"remove_cover","1",40,60,10,3,,"49","0","1",6,79,"0",,,"0",,,"0","no","0","[""Wi-Fi 2,4 GHz""]",,"0","[""Automatyczne wył. przy pustym zbiorniku"",""Optyczny wskaźnik napełnienia zbiornika"",""Wskaźnik poziomu nawilżenia"",""Zakres prezentowanej wilgotności (w %)"",""Programator czasu pracy (wyłączenia)""]",10,29,,25,37.5,25,2.61,"[""black""]",,0,,,0,"https://ranking-oczyszczaczy.pl/recenzje-nawilzaczy-powietrza/philips-hu3916-10/",true,,,"Tak","Nie","nie","nie","nie","nie","nie","nie",,,,,,,,false,"[]"
30,"published",,"94875643-bc29-4c6b-89d0-3b59e7ddf858","2022-09-01T11:10:54.000Z","309a04ad-6ef4-473d-a546-8f933d59bfd8","2025-04-01T09:06:28.000Z","Philips","HU5931/10","vapor",1697,,,,,"[""nofollow"",""noopener""]",,"[""nofollow"",""noopener""]","https://www.ceneo.pl/57757250#crid=297081&pid=16557",,"e28e15e3-296b-426e-aa23-f1de1271ab6f",600,700,82,100,4,,"remove_cover","1",,,,5,,,"0","1",,59,"0",,,"0",,,"0","no","0","[""Wi-Fi 2,4 GHz""]",,"0","[""Zakres prezentowanej wilgotności (w %)"",""Wskaźnik poziomu nawilżenia"",""Automatyczne wył. przy pustym zbiorniku"",""Sygnalizacja pustego zbiornika"",""Sygnalizacja zużycia filtra"",""Blokada rodzicielska"",""Programator czasu pracy (wyłączenia)"",""Wskaźnik temperatury""]",6,16,,27.5,46,44.6,8.8,"[""silver""]",,0,,,0,"https://ranking-oczyszczaczy.pl/recenzje-nawilzaczy-powietrza/philips-hu5931-10/",true,,,"Tak","Nie","nie","nie","nie","nie","nie","tak",,,,,,,,false,"[]"
31,"draft",,"94875643-bc29-4c6b-89d0-3b59e7ddf858","2022-09-01T11:41:05.000Z","ce682939-7d3b-4f32-85de-df7f56fffb04","2024-11-14T11:11:17.000Z","Philips","HU4706/11","vapor",389,,,,,"[""nofollow"",""noopener""]",,"[""noopener"",""nofollow""]","https://www.ceneo.pl/47656975#crid=293730&pid=16557",,"8fa7ae99-dfa0-46ea-88ae-140741f0a0c9",150,,25,,1.3,,"remove_cover","0",,,,2,27,"40","0","1",3,59,"0",,,"0",,,"0","no","0","[""Wi-Fi 2,4 GHz""]",,"0","[""Automatyczne wył. przy pustym zbiorniku""]",,14,,19.8,30.8,16.2,1.36,"[""white""]",,0,,,0,"https://ranking-oczyszczaczy.pl/recenzje-nawilzaczy-powietrza/philips-hu4706-11/",true,,,"Tak","Nie","nie","nie","nie","nie","nie","nie",,,,,,,,false,"[]"
32,"published",,"94875643-bc29-4c6b-89d0-3b59e7ddf858","2022-09-01T12:32:25.000Z","e7bcdc1c-c375-4e8c-80b7-b5e5af3507f6","2023-01-12T12:28:57.000Z","Xiaomi","Mi Smart Antibacterial Humidifier","sonic",249,,,,,"[""nofollow"",""noopener""]",,"[""noopener"",""nofollow""]","https://www.ceneo.pl/98189785#crid=485487&pid=16557",,"f2e0ab55-c31c-46b5-9c89-3734c73e1d04",300,400,40,57.14286,4.5,,"remove_cover","1",40,70,10,3,25,"38","0","0",,,"0",,,"0",,,"0","no","1","[""Wi-Fi 2,4 GHz""]",,"0","[""Automatyczne wył. przy pustym zbiorniku"",""Optyczny wskaźnik napełnienia zbiornika"",""Sygnalizacja pustego zbiornika"",""Wskaźnik poziomu nawilżenia"",""Zakres prezentowanej wilgotności (w %)"",""Programator czasu pracy (włączenia)"",""Programator czasu pracy (wyłączenia)""]",,27.4,,19,35.3,19,1.9,"[""white""]",,0,,,0,"https://ranking-oczyszczaczy.pl/recenzje-nawilzaczy-powietrza/xiaomi-cjjsq01zm/",true,,,"Tak","Nie","nie","nie","nie","nie","nie","nie",,,,,,,,false,"[]"
33,"published",,"94875643-bc29-4c6b-89d0-3b59e7ddf858","2022-09-02T11:44:16.000Z","e7bcdc1c-c375-4e8c-80b7-b5e5af3507f6","2023-01-12T12:29:55.000Z","DexXer","H2O Humidifier","sonic",25,,,"Allegro","https://allegro.pl/kategoria/urzadzenia-medyczne-nawilzacze-oczyszczacze-powietrza-260403?string=h2o%20nawil%C5%BCacz&utm_source=admitad&utm_medium=afiliacja&admitad_uid=3938adaaa69d1073f28aa07dc0822c47","[""noopener"",""nofollow""]",,"[""nofollow"",""noopener""]",,,"331882ba-d1a6-4814-87b0-a569d767dacd",35,45,0,6.42857,0.3,,"remove_cover","0",,,,2,,"15","0","0",,,"0",,,"0",,,"0","no","0","[""Wi-Fi 2,4 GHz""]",,"0","[""Automatyczne wył. przy pustym zbiorniku"",""Aromaterapia"",""Podświetlenie w kilku kolorach""]",,2,12,7.8,11.9,7.8,,"[""black"",""white"",""Różowy""]",,0,,,0,"https://ranking-oczyszczaczy.pl/recenzje-nawilzaczy-powietrza/h2o-nawilzacz/",true,,,"Tak","Nie","nie","nie","nie","nie","nie","nie",,,,,,,,false,"[]"
34,"published",,"94875643-bc29-4c6b-89d0-3b59e7ddf858","2022-09-02T11:54:25.000Z","94875643-bc29-4c6b-89d0-3b59e7ddf858","2025-03-03T13:47:41.000Z","Duka","Humid","sonic",279,,,"Duka.pl","https://duka.com/pl/nawilzacz-powietrza-ultradzwiekowy-duka-humid-czarny-1211280","[""noopener"",""nofollow""]",,"[""nofollow"",""noopener""]",,,"46084837-28b4-4a57-8d9f-a073d8f4b6b5",350,200,30,28.57143,2.8,,,"0",,,,4,,,"0","0",,,"0",,,"0",,,"0","no","0","[""Wi-Fi 2,4 GHz""]",,"1","[""Automatyczne wył. przy pustym zbiorniku""]",,23,,18.5,80,18.5,,"[""white"",""black"",""Brązowy""]",,37,,,51,"https://ranking-oczyszczaczy.pl/recenzje-nawilzaczy-powietrza/duka-humid/",false,,,"Nie","Nie","nie","nie","nie","nie","nie","nie",,,,,,,,false,"[]"
35,"published",,"94875643-bc29-4c6b-89d0-3b59e7ddf858","2022-09-02T12:16:58.000Z","94875643-bc29-4c6b-89d0-3b59e7ddf858","2025-03-03T13:55:30.000Z","Eldom","NU5","sonic",179,,,,,"[""nofollow"",""noopener""]",,"[""noopener"",""nofollow""]","https://www.ceneo.pl/16690959#crid=260427&pid=16557",,"c3887478-cf06-48d3-b08a-cf7e407f89fa",550,550,0,78.57143,5.2,,,"1",,,,4,35,,"0","0",,,"0",,,"1",12,15,"0","blade","0","[""Wi-Fi 2,4 GHz""]",,"0","[""Automatyczne wył. przy pustym zbiorniku"",""Sygnalizacja pustego zbiornika"",""Wskaźnik poziomu nawilżenia"",""Zakres prezentowanej wilgotności (w %)"",""Programator czasu pracy (włączenia)"",""Programator czasu pracy (wyłączenia)""]",,30,,23,33,16,2.11,"[""white""]",,50,,,52,"https://ranking-oczyszczaczy.pl/recenzje-nawilzaczy-powietrza/eldom-nu5/",false,,,"Nie","Nie","nie","nie","nie","nie","nie","nie",,,,,,,,false,"[]"
36,"published",,"94875643-bc29-4c6b-89d0-3b59e7ddf858","2022-09-02T12:35:11.000Z","309a04ad-6ef4-473d-a546-8f933d59bfd8","2025-04-01T09:11:54.000Z","Setti+","Smart AH900","sonic",529,,,,,"[""nofollow"",""noopener""]",,"[""nofollow"",""noopener""]","https://www.ceneo.pl/99672702#cid=25918&crid=476360&pid=16557",,"b104bbdb-5774-4b5e-87e7-33887ba53d6c",400,400,30,57.14286,4.3,,,"1",25,65,,7,,"35","1","0",,,"0",,,"0",,,"1","no","1","[""Wi-Fi 2,4 GHz""]",,"1","[""Higrostat"",""Sterowanie smartfonem"",""Lampa UV"",""Aromaterapia""]",1,1.78,220,,,,,"[""silver""]",,68,,,36,"/recenzje-nawilzaczy-powietrza/setti-smart-ah900/",false,"Filtr ceramiczny",,"Nie","Nie","nie","nie","nie","nie","nie","tak",,,,,,,,false,"[]"
37,"published",,"94875643-bc29-4c6b-89d0-3b59e7ddf858","2022-09-12T08:58:23.000Z","e7bcdc1c-c375-4e8c-80b7-b5e5af3507f6","2023-01-12T12:18:59.000Z","Götze & Jensen","AH201KG","sonic",379,,,,,"[""nofollow"",""noopener""]",,"[""noopener"",""nofollow""]","https://www.ceneo.pl/58242078#crid=257623&pid=16557",,"1cfac2f3-d980-4e2e-970c-0489ac532a0d",300,,20,,5,,"remove_cover","1",40,85,,3,,"35","1","0",,,"0",,,"1",6,25,"0","blade","0","[""Wi-Fi 2,4 GHz""]",,"0","[""Automatyczne wył. przy pustym zbiorniku"",""Zakres prezentowanej wilgotności (w %)"",""Programator czasu pracy (wyłączenia)""]",,27,,25,30,15,,"[""black""]",,0,,,0,,true,,,"Tak","Nie","nie","nie","nie","nie","nie","nie",,,,,,,,false,"[]"
38,"published",,"94875643-bc29-4c6b-89d0-3b59e7ddf858","2022-09-12T09:20:47.000Z","94875643-bc29-4c6b-89d0-3b59e7ddf858","2025-03-03T13:56:29.000Z","Webber","HH3002","sonic",440,,,,,"[""nofollow"",""noopener""]",,"[""nofollow"",""noopener""]","https://www.ceneo.pl/112944660#crid=483214&pid=16557",,"2a0e68b4-2fe4-40d5-a494-6f81ce59aec4",300,,30,,3,,"remove_cover","1",,,,3,30,,"1","0",,,"0",,,"1",6,79,"0","no","0","[""Wi-Fi 2,4 GHz""]",,"0","[""Automatyczne wył. przy pustym zbiorniku"",""Zakres prezentowanej wilgotności (w %)"",""Wskaźnik poziomu nawilżenia"",""Programator czasu pracy (wyłączenia)""]",,18,,24,34.5,24,,"[""white""]",,0,,,0,"https://ranking-oczyszczaczy.pl/recenzje-nawilzaczy-powietrza/webber-hh3002/",true,,,"Tak","Nie","nie","nie","nie","nie","nie","nie",,,,,,,,false,"[]"
40,"published",,"f76fde35-7e8f-49bd-893d-9706def1e294","2023-01-03T12:32:29.000Z","e7bcdc1c-c375-4e8c-80b7-b5e5af3507f6","2023-01-12T12:12:03.000Z","Smartmi","Rainforest Humidifier","vapor",799,799,,,,"[]",,"[""nofollow"",""noopener""]","https://www.ceneo.pl/141274913#crid=574865&pid=16557","Sprawdź najniższą cenę w Ceneo.pl","870c0b24-4228-4538-867a-e19d5e5f20bd",200,200,28,28.57143,2,15,"remove_cover","1",0,100,1,5,,"50 dB","1","1",0,0,"0",,,"0",,,"0","no","1","[""Wi-Fi 2,4 GHz""]",,"0","[""Sygnalizacja pustego zbiornika"",""Wskaźnik poziomu nawilżenia"",""Zakres prezentowanej wilgotności (w %)"",""Programator czasu pracy (włączenia)"",""Programator czasu pracy (wyłączenia)"",""Sterowanie głosowe (Amazon Alexa, Google Home)""]",2.4,9.4,12,22,44,22,3.3,"[""Biały""]",70,50,29,,30,"https://ranking-oczyszczaczy.pl/recenzje-nawilzaczy-powietrza/smartmi-rainforest/",true,,,"Tak","Nie","nie","nie","nie","nie","nie","nie",,,,,,,,false,"[]"
41,"published",,"f76fde35-7e8f-49bd-893d-9706def1e294","2023-01-03T14:07:36.000Z","f76fde35-7e8f-49bd-893d-9706def1e294","2025-06-10T08:37:03.000Z","Stadler Form","Karl","vapor",1074,,,,,"[""noopener"",""nofollow""]",,"[""noopener"",""nofollow""]","https://www.ceneo.pl/141544643#crid=576832&pid=16557","Sprawdź cenę na Ceneo.pl","ae317ea9-4926-48dc-a77e-2eae9f04a740",690,482,98,68.85714,4.7,7,"window","1",40,55,5,4,27,"59","0","1",3,74,"1",12,99,"0",,,"0","no","1","[""Wi-Fi 2,4 GHz""]","Smart Life-Smart Living","0","[""Higrostat"",""Mobilne sterowanie""]",14,30,,29.6,30.4,21.2,,"[""Szary""]",100,89,53,3,55,"https://ranking-oczyszczaczy.pl/recenzje-nawilzaczy-powietrza/stadler-form-karl/",false,"Wymiana kasety filtracyjnej co 2-3 miesiące - 74 zł. Wymiana kostki z jonami srebra co 12 miesięcy - 99 zł. Koszt na sezon (6 miesięcy) - 197 zł, koszt roczny - 395 zł.",,"Tak","Tak","nie","tak","tak","nie","nie","tak",,,,,,,,false,"[170,171,172]"
42,"draft",,"f76fde35-7e8f-49bd-893d-9706def1e294","2023-01-03T14:58:30.000Z","309a04ad-6ef4-473d-a546-8f933d59bfd8","2025-04-01T09:05:42.000Z","Stadler Form","Karl Big","vapor",1899,,,,,"[]",,"[""noopener"",""nofollow""]",,"Sprawdź cenę na Ceneo.pl","aedccbf7-deb3-432c-b4c9-74ab4ea36609",1100,700,157,100,11,10,,"1",40,55,5,4,27,"60","1","1",3,149,"1",12,98,"0",,,"0","no","1","[""Wi-Fi 2,4 GHz""]",,"0","[""Programator czasu pracy (wyłączenia)"",""Wskaźnik poziomu nawilżenia"",""Sygnalizacja pustego zbiornika"",""Automatyczne wył. przy pustym zbiorniku""]",2.4,40,,50.5,33.5,24.2,4.6,"[""Szary""]",,0,,,0,"https://ranking-oczyszczaczy.pl/recenzje-nawilzaczy-powietrza/stadler-form-karl-big/",false,,,"Tak","Nie","nie","nie","nie","nie","nie","tak",,,,,,,,false,"[]"
43,"published",,"f76fde35-7e8f-49bd-893d-9706def1e294","2023-01-09T16:16:50.000Z","ce682939-7d3b-4f32-85de-df7f56fffb04","2024-08-06T12:15:04.000Z","Boneco","W200","1",999,,,,,"[]",,"[""noopener"",""nofollow""]","https://www.ceneo.pl/55086275#crid=440979&pid=16557","Sprawdź cenę na Ceneo.pl","7a082262-fb96-4321-94c4-4a2237fc57c3",350,,50,,4.5,,"remove_cover","0",,,,2,27,"43","1","1",,,"1",12,105,"0",,,"0","no","0","[""Wi-Fi 2,4 GHz""]",,"0","[""Aromaterapia"",""Elektroda Ionic Silver Stick"",""Automatyczne wył. przy pustym zbiorniku"",""Sygnalizacja pustego zbiornika""]",12,22.5,,28,41.2,28,4.9,"[""Biały""]",,0,,,0,"https://ranking-oczyszczaczy.pl/recenzje/boneco-w200/",true,,,"Tak","Nie","nie","nie","nie","nie","nie","nie",,,,,,,,false,"[115,116]"
44,"published",,"401efa6b-b06c-4369-9280-791140b3c7a0","2023-05-18T10:53:02.000Z","f76fde35-7e8f-49bd-893d-9706def1e294","2025-06-10T09:25:19.000Z","Stadler Form","Robert","vapor",2009,,,,,"[""noopener"",""nofollow""]",,"[""noopener"",""nofollow""]","https://www.ceneo.pl/26789286#crid=604529&pid=16557",,"1e225028-532d-4133-b557-8c9eca0b32dc",550,383,80,54.71429,6.3,,"remove_cover","1",35,65,,4,27,"56","1","1",,,"1",,,"0",,,"0","no","0","[""Wi-Fi 2,4 GHz""]",,"0","[""Higrostat"",""Wyświetlacz""]",7,30,230,321,471,235,8.2,"[""Szary""]",100,98,37,12,40,"https://ranking-oczyszczaczy.pl/recenzje-nawilzaczy-powietrza/stadler-form-robert/",false,"Wymiana kostki co 12 miesięcy- 89 zł. Koszt na sezon (6 miesięcy) - 44 zł. Koszt roczny - 89 zł.",,"Tak","Nie","nie","nie","nie","nie","nie","tak",,,,,,,,false,"[117,118,119,120]"
45,"published",,"401efa6b-b06c-4369-9280-791140b3c7a0","2023-05-18T11:26:04.000Z","94875643-bc29-4c6b-89d0-3b59e7ddf858","2025-03-03T13:50:48.000Z","MILLA HOME","MAH150","vapor",229,,,,,"[""nofollow"",""noopener""]",,"[""noopener"",""nofollow""]","https://www.ceneo.pl/106498762#crid=604070&pid=16557",,"65ed3c10-76d7-4585-bd2f-3832ceda8bfd",120,84,24,12,4,,"window","0",,,,2,,"50","0","1",2,44,"0",,,"0",,,"0","no","0","[""Wi-Fi 2,4 GHz""]",,"0","[""brak""]",220,240,,277,285,,,"[""Biały""]",30,30,30,16,30,"https://ranking-oczyszczaczy.pl/recenzje-nawilzaczy-powietrza/milla-home-mah150/",false,,,"Nie","Nie","nie","nie","nie","tak","nie","nie",,,,,,,,false,"[121,122,123]"
46,"draft",,"f76fde35-7e8f-49bd-893d-9706def1e294","2023-09-24T12:32:13.000Z","ce682939-7d3b-4f32-85de-df7f56fffb04","2024-08-08T14:28:12.000Z","Xiaomi","Smartmi Evaporation Air Humidifier 3","vapor",699,699,,,,"[""nofollow"",""noopener""]",,"[""nofollow"",""noopener""]","https://www.ceneo.pl/159320904#crid=683564&pid=16557","Sprawdź na Ceneo.pl","f74973e5-a099-4a45-9c80-4c3f32d8e56e",350,,50,,5,,"remove_cover","1",30,60,5,3,,"50","1","0",,,"0",,,"0",,,"0","no","1","[""Wi-Fi 2,4 GHz""]",,"0","[""Optyczny wskaźnik napełnienia zbiornika"",""Sygnalizacja pustego zbiornika"",""Funkcja osuszania filtra"",""Blokada rodzicielska"",""Wskaźnik poziomu nawilżenia"",""Zakres prezentowanej wilgotności (w %)"",""Programator czasu pracy (włączenia)"",""Programator czasu pracy (wyłączenia)"",""Wskaźnik temperatury"",""Tryb auto w zakresie 30-60%"",""Automatyzacja (własne reguły pracy)""]",,8,240,26,40.1,26,5.4,"[""Biały""]",,0,,,0,"https://ranking-oczyszczaczy.pl/recenzje-nawilzaczy-powietrza/xiaomi-smartmi-evaporation-air-humidifier-3/?preview=true&_thumbnail_id=57634",false,,,"Tak","Nie","nie","nie","nie","nie","tak","nie",,,,,,,,false,"[124,125]"
47,"draft",,"94875643-bc29-4c6b-89d0-3b59e7ddf858","2023-09-25T11:17:01.000Z","309a04ad-6ef4-473d-a546-8f933d59bfd8","2025-04-01T09:13:43.000Z","Stylies","Antares",,1339,,,,,"[""nofollow"",""noopener""]",,"[""nofollow"",""noopener""]","https://www.ceneo.pl/125299233#crid=604483&pid=16557","Ceneo.pl","a503838d-192d-42ef-b3cd-d2268b261017",480,,60,,6,,"remove_cover","1",,,,5,,"28","0","1",6,89,"1",12,89,"0",,,"0","blade","0","[""Wi-Fi 2,4 GHz""]",,"0","[""Automatyczne wył. przy pustym zbiorniku"",""Optyczny wskaźnik napełnienia zbiornika"",""Sygnalizacja pustego zbiornika"",""Aromaterapia"",""Programator czasu pracy (wyłączenia)""]",,8.5,,33.2,37.2,2.7,21.8,"[""Biały""]",,0,,,0,"https://ranking-oczyszczaczy.pl/recenzje-nawilzaczy-powietrza/stylies-antares/",false,,,"Tak","Nie","nie","nie","nie","nie","nie","tak",,,,,,,,false,"[131,132,133,134,135]"
48,"published",,"94875643-bc29-4c6b-89d0-3b59e7ddf858","2023-09-25T11:41:09.000Z","f76fde35-7e8f-49bd-893d-9706def1e294","2025-06-10T08:48:24.000Z","Stylies","Aquarius","with_purifier",1299,,,,,"[""nofollow"",""noopener""]",,"[""nofollow"",""noopener""]","https://www.ceneo.pl/20247771#crid=604286&pid=16557","Ceneo.pl","c166ee03-83c7-4f27-8077-46753e45da99",300,300,50,42.85714,4.5,,"remove_cover","1",40,75,5,4,,"25","1","0",,,"1",12,89,"0",,,"0","no","0","[""Wi-Fi 2,4 GHz""]",,"0","[""Sygnalizacja pustego zbiornika"",""Wskaźnik poziomu nawilżenia""]",,15,,39.2,40.1,29.5,5.6,"[""Biały"",""Czarny""]",,41,,,37,"https://ranking-oczyszczaczy.pl/recenzje-nawilzaczy-powietrza/styliesa-aquarius/",false,,,"Tak","Nie","nie","nie","nie","nie","nie","nie",,,,,,,"[""Nawilżacz powietrza z oczyszczaczem""]",false,"[126,136,137,138,139,140,141]"
49,"published",,"94875643-bc29-4c6b-89d0-3b59e7ddf858","2023-09-25T11:56:35.000Z","94875643-bc29-4c6b-89d0-3b59e7ddf858","2025-03-03T14:00:14.000Z","Boneco","W300","vapor",1349,,,,,"[""nofollow"",""noopener""]",,"[""noopener"",""nofollow""]","https://www.ceneo.pl/89907165#cid=25918&crid=604111&pid=16557","Ceneo.pl","9f01f686-cdde-458f-9392-2883f06fcaf7",350,,50,,12,,"remove_cover","0",,,,2,23,"43","1","1",,999,"1",12,89,"0",,,"0","no","0","[""Wi-Fi 2,4 GHz""]",,"0",,,,,40,41.2,28,6.4,"[""Biały""]",,50,,,35,"https://ranking-oczyszczaczy.pl/recenzje-nawilzaczy-powietrza/boneco-w300/",false,,,"Nie","Nie","nie","nie","nie","nie","nie","nie",,,,,,,,false,"[127,128,129,130]"
50,"draft",,"94875643-bc29-4c6b-89d0-3b59e7ddf858","2023-09-25T12:52:04.000Z","94875643-bc29-4c6b-89d0-3b59e7ddf858","2024-03-18T10:29:52.000Z","Stylies","Orion","vapor",439,,,,,"[""nofollow"",""noopener""]",,"[""nofollow"",""noopener""]","https://www.ceneo.pl/26601808#crid=507172&pid=16557","Ceneo.pl","987e6b5e-8ac3-4db9-a41d-b57e4229ce70",350,245,50,35,6,,"remove_cover","1",30,65,5,2,20,"22","0","1",3,79,"1",12,89,"0",,,"0","no","0","[""Wi-Fi 2,4 GHz""]",,"0","[""Automatyczne wył. przy pustym zbiorniku"",""Aromaterapia"",""Programator czasu pracy (wyłączenia)""]",6,18,,25,37,25,2.9,"[""Biały""]",,0,,,0,"https://ranking-oczyszczaczy.pl/recenzje-nawilzaczy-powietrza/stylies-orion/",false,,,"Tak","Nie","nie","nie","nie","nie","nie","nie",,,,,,,,false,"[142,143]"
51,"published",,"f76fde35-7e8f-49bd-893d-9706def1e294","2023-12-15T09:28:03.000Z","ce682939-7d3b-4f32-85de-df7f56fffb04","2025-03-06T12:02:45.000Z","Klarta","Humea Grande","vapor",699,1099,,"Klarta.pl","https://klarta.pl/nawilzacze-powietrza/klarta-humea-grande/","[""noopener""]",,"[""nofollow"",""noopener""]",,,"21b9d848-bfe1-4ded-9125-2e9c373174c2",650,560,80,80,4,12,"window","1",40,75,5,4,22,"55","1","1",6,69,"0",,,"0",,,"0","no","1","[""Wi-Fi 2,4 GHz""]",,"1","[""Higrostat"",""Sterowanie smartfonem"",""Timer"",""Lampka nocna""]",2,11.5,,24.2,38.8,24.2,1.96,"[""white"",""Biały"",""Czarny""]",100,99,96,1,93,"https://ranking-oczyszczaczy.pl/recenzje-nawilzaczy-powietrza/klarta-humea-grande/",false,"Wymiana filtra nawilżającego do Klarta Humea Grande co 6 miesięcy nieustannej pracy - koszt 79 zł. Koszt na sezon (6 miesięcy) - 79 zł. Koszt roczny - 158 zł.",,"Tak","Tak","nie","tak","tak","nie","tak","tak",,,,,,,,true,"[144,145,146,147,148,149,150,178,179]"
52,"published",,"f76fde35-7e8f-49bd-893d-9706def1e294","2024-01-16T10:37:11.000Z","94875643-bc29-4c6b-89d0-3b59e7ddf858","2025-03-03T14:00:38.000Z","Blaupunkt","AHA501","sonic",279,,,"Home.Biedronka.pl","https://home.biedronka.pl/blaupunkt-nawilzacz-powietrza-blaupunkt-z-dyfuzorem-zapachow-000000000000480036.html","[""noopener"",""nofollow""]","Sprawdź cenę na Home.Biedronka.pl","[""nofollow"",""noopener""]","https://www.ceneo.pl/110478297#crid=664036&pid=16557","Sprawdź najlepszą ofertę na Ceneo.pl","7df351a7-8b06-40e0-afe8-f43372aca9e7",240,,30,,4,,"remove_cover","0",,,,2,,"40","1","0",,,"0",,,"1",3,17,"0","no","0","[""Wi-Fi 2,4 GHz""]",,"0","[""Aromaterapia""]",,24,,23.2,30.9,20.5,1.76,"[""Brązowy"",""Biały""]",,0,,,0,"https://ranking-oczyszczaczy.pl/recenzje-nawilzaczy-powietrza/blaupunkt-aha501/",true,,,"Nie","Nie","nie","nie","nie","nie","nie","nie",,,,,,,,false,"[151,152,153]"
53,"draft",,"f76fde35-7e8f-49bd-893d-9706def1e294","2024-03-13T15:03:02.000Z","94875643-bc29-4c6b-89d0-3b59e7ddf858","2024-03-18T10:30:05.000Z","Beautitec","SZK-A500","sonic",129,129,,,,"[""nofollow"",""noopener""]",,"[""noopener"",""nofollow""]",,,"f539599d-f6ff-4447-88ef-eea2c7c1bb88",300,,50,,4.5,15,"remove_cover","0",,,,3,0,"355","0","0",,,"0",,,"1",,,"0","no","0","[""Wi-Fi 2,4 GHz""]",,"0","[""Programator czasu pracy (wyłączenia)"",""Wskaźnik poziomu nawilżenia"",""Sygnalizacja pustego zbiornika"",""Optyczny wskaźnik napełnienia zbiornika""]",,30,,19.6,30.7,19.6,1.72,"[""Biały""]",,0,,,0,"https://ranking-oczyszczaczy.pl/recenzje-nawilzaczy-powietrza/beautitec-szk-a500/",false,,,"Tak","Nie","nie","nie","nie","nie","nie","nie",,,,,,,,false,"[154,155]"
54,"published",,"f76fde35-7e8f-49bd-893d-9706def1e294","2024-03-15T11:58:55.000Z","94875643-bc29-4c6b-89d0-3b59e7ddf858","2025-03-03T13:44:22.000Z","Götze & Jensen","AH800S","sonic",439,,,,,"[""nofollow"",""noopener""]",,"[""noopener"",""nofollow""]","https://www.ceneo.pl/86004662#cid=25918&crid=476075&pid=16557",,"9795d42e-c597-412f-8b95-26845b9f3c0b",350,350,25,50,5.5,,"remove_cover","1",,,,,,"35","0","0",,,"0",,,"0",,,"0","no","0","[""Wi-Fi 2,4 GHz""]",,"1","[""Aromaterapia"",""Higrostat""]",,110,,30,39,24,,"[""Srebrny""]",,43,,,19,"https://ranking-oczyszczaczy.pl/recenzje-nawilzaczy-powietrza/gotze-jensen-ah800s/",false,,,"Tak","Nie","nie","nie","nie","nie","nie","nie",,,,,,,,false,"[156,157,158,159]"
55,"draft",,"94875643-bc29-4c6b-89d0-3b59e7ddf858","2024-03-22T10:25:26.000Z","7af31cec-b274-4ba7-b864-6b9a58ef0531","2024-05-21T09:47:02.000Z","Testowy","Test","vapor",900,1000,,,,"[""nofollow"",""noopener""]",,"[""nofollow"",""noopener""]","https://www.ceneo.pl/30182885#cid=25918&crid=163417&pid=16557",,,300,70,30,10,4,,"remove_cover","1",30,70,5,4,20,"50","0","1",6,100,"0",,,"0",,,"0","no","1","[""Wi-Fi 2,4 GHz""]",,"0","[""Automatyczne wył. przy pustym zbiorniku"",""Optyczny wskaźnik napełnienia zbiornika"",""Sygnalizacja pustego zbiornika"",""Sygnalizacja zużycia filtra""]",29,44,220,30,60,30,5,"[""Biały"",""Czarny""]",,0,,,0,"https://ranking-oczyszczaczy.pl/recenzje/costam",false,,,"Tak","Nie","nie","nie","nie","nie","nie","nie",,,,,,,,false,"[]"
56,"published",,"f76fde35-7e8f-49bd-893d-9706def1e294","2024-07-05T15:30:39.000Z","94875643-bc29-4c6b-89d0-3b59e7ddf858","2025-05-08T10:58:18.000Z","Blaupunkt","AHS701","sonic",439,,,,,"[""nofollow""]",,"[""noopener"",""nofollow""]","https://www.ceneo.pl/90638144#crid=696251&pid=16557","Link do Ceneo.pl","e44d9451-1a9f-4010-a21e-d78d133157d8",350,350,50,50,4,,"remove_cover","1",40,80,10,,,"35","1","0",,,"0",,,"1",3,29,"0","no","0","[""Wi-Fi 2,4 GHz""]",,"1","[""Filtr HEPA H13"",""Jonizator ostrzowy"",""Aromaterapia"",""Higrostat""]",,105,,22,39.7,22,2,"[""Biały""]",,46,,,34,"https://ranking-oczyszczaczy.pl/recenzje-nawilzaczy-powietrza/blaupunkt-ahs701/",false,"Filtr odwapniający - 29 zł, wymiana co 3-6 miesięcy
Filtr HEPA H13 - 33 zł, wymiana co 6 miesięcy

Koszt od 120 do około 180 zł rocznie.",,"Tak","Nie","nie","nie","nie","nie","nie","nie",,,,,,,,false,"[180,181,182]"
57,"published",,"f76fde35-7e8f-49bd-893d-9706def1e294","2024-07-05T15:44:08.000Z","94875643-bc29-4c6b-89d0-3b59e7ddf858","2025-05-08T11:00:05.000Z","Stadler Form","Ben","sonic",379,,,,,"[]",,"[""noopener"",""nofollow""]","https://www.ceneo.pl/120600945#crid=696245&pid=16557","Link do Ceneo.pl","2e5fa577-4827-4f84-896b-bbf8594af14a",160,160,23,22.85714,2,,"remove_cover","0",,,,,27,"30","0","0",,,"0",,,"0",,,"0","no","0","[""Wi-Fi 2,4 GHz""]",,"0","[""Aromaterapia""]",,27,,20.6,20.6,,1.7,"[""Biały"",""Czarny""]",,7,,,6,"https://ranking-oczyszczaczy.pl/recenzje-nawilzaczy-powietrza/stadler-form-ben/",false,"Kostka z jonami srebra Ionic Cube - 89 zł, wymiana co ok. 6 miesięcy",,"Tak","Nie","nie","nie","nie","nie","nie","nie",,,,,,,,false,"[183,184,185,186,210]"
58,"published",,"f76fde35-7e8f-49bd-893d-9706def1e294","2024-07-22T10:38:15.000Z","94875643-bc29-4c6b-89d0-3b59e7ddf858","2025-03-03T14:05:12.000Z","Levoit","Classic 300S","sonic",429,,,,,"[""nofollow"",""noopener""]",,"[""noopener"",""nofollow""]","https://www.ceneo.pl/139944369#crid=698317&pid=16557","Kup przez Ceneo.pl","1b1bdcfc-9901-4ee8-a73e-5bf4d201666d",300,250,47,35.71429,6,,"remove_cover","1",40,60,,3,28,,"0","0",,,"0",,,"1",1,4.2,"0","no","1","[""Wi-Fi 2,4 GHz""]",,"0","[""Aromaterapia"",""Timer"",""Obrotowa dysza""]",,26,,24.5,34,19.2,2,"[""Czarny"",""niebieski""]",,17,,,20,,false,"zestaw filtrów odwapniających - 42 zł za 10 sztuk. Roczny koszt - 42 zł.",,"Nie","Nie","nie","nie","nie","nie","nie","nie",,,,,,,,false,"[189]"
59,"published",,"f76fde35-7e8f-49bd-893d-9706def1e294","2024-07-22T10:39:22.000Z","94875643-bc29-4c6b-89d0-3b59e7ddf858","2025-03-03T14:04:49.000Z","Levoit","LV600S","sonic",548,,,,,"[]",,"[""noopener"",""nofollow""]","https://www.ceneo.pl/130765419#cid=34545&crid=568910&pid=16557","Kup przez Ceneo.pl","5b264749-d959-4633-bc53-dc78b49f1649",550,500,70,71.42857,6,,"remove_cover","1",40,60,,3,25,,"0","0",,,"0",,,"1",1,4.2,"0","no","1","[""Wi-Fi 2,4 GHz""]",,"0","[""Aromaterapia"",""Grzałka podgrzewająca wodę (ciepła mgiełka)"",""Timer""]",,280,220,29.4,28.8,19.5,2.7,"[""Biały""]",,79,,,23,,false,"filtr odwapniający - 10 sztuk za 42 zł. Roczny koszt. ok 42 zł",,"Nie","Nie","nie","nie","nie","nie","nie","nie",,,,,,,,false,"[]"
60,"published",,"f76fde35-7e8f-49bd-893d-9706def1e294","2024-07-22T11:06:19.000Z","94875643-bc29-4c6b-89d0-3b59e7ddf858","2025-03-03T14:04:15.000Z","Levoit","Dual 200S","sonic",313,,,,,"[""nofollow"",""noopener""]",,"[""noopener"",""nofollow""]","https://www.ceneo.pl/131906426#crid=698335&pid=16557","Kup przez Ceneo.pl","d7855101-9609-4b50-ba9a-a940ea76a3c9",220,200,47,28.57143,3,,"remove_cover","1",40,60,,3,28,,"0","0",,,"0",,,"1",1,4.2,"0","no","1","[""Wi-Fi 2,4 GHz""]",,"0","[""Aromaterapia""]",,26,220,18,30,18,1.4,"[""Biały""]",,20,,,22,,false,"zestaw filtrów odwapniających - 42 zł za 10 sztuk. Roczny koszt - 42 zł.",,"Nie","Nie","nie","nie","nie","nie","nie","nie",,,,,,,,false,"[]"
61,"published",,"ce682939-7d3b-4f32-85de-df7f56fffb04","2024-08-06T13:11:38.000Z","ce682939-7d3b-4f32-85de-df7f56fffb04","2024-08-13T09:41:06.000Z","Deerma","F600","sonic",129,,,,,"[""nofollow"",""noopener""]",,"[""noopener"",""nofollow""]","https://www.ceneo.pl/91409550#crid=666789&pid=16557","Deerma F600","c02ab571-c196-4d06-b331-adf430456f58",300,250,40,35.71429,5,,,"1",,,,,,,"0","0",,,"0",,,"0",,,"0","blade","0","[""Wi-Fi 2,4 GHz""]",,"0","[""Funkcja osuszania filtra"",""Blokada rodzicielska""]",,,,,,,,,,98,,,53,,false,"0",,"Nie","Nie","nie","nie","nie","nie","nie","nie",,,,,,,,false,"[]"
62,"published",,"ce682939-7d3b-4f32-85de-df7f56fffb04","2024-08-08T12:36:09.000Z","94875643-bc29-4c6b-89d0-3b59e7ddf858","2025-03-03T14:03:38.000Z","Venta","LW45 Comfort Plus","with_purifier",1749,,,,,"[]",,"[""noopener"",""nofollow""]","https://www.ceneo.pl/99405698#crid=691842&pid=16557",,"038da79c-7b0c-4107-b278-eaf572629ee7",445,445,63,63.57143,10,,,"1",,,,,,,"0","0",,,"0",,,"0",,,"0","no","0","[""Wi-Fi 2,4 GHz""]",,"0","[""Higrostat""]",,,,,,,,,,83,,,63,"/recenzje/venta-lw-45/",false,,"Tak","Nie","Nie","nie","nie","nie","nie","nie","nie",,,,,,,"[""Nawilżacz powietrza z oczyszczaczem""]",false,"[]"
63,"published",,"ce682939-7d3b-4f32-85de-df7f56fffb04","2024-08-08T12:42:17.000Z","94875643-bc29-4c6b-89d0-3b59e7ddf858","2025-03-03T14:03:20.000Z","Boneco","H400","with_purifier",1739,,,,,"[""nofollow"",""noopener""]",,"[""noopener"",""nofollow""]","https://www.ceneo.pl/90415173#crid=532393&pid=16557",,"f2931f99-ef00-48fa-b93f-d8955a47675b",400,400,55,57.14286,12,,,"1",,,,,,,"0","0",,,"0",,,"0",,,"0","no","1","[""Wi-Fi 2,4 GHz""]",,"0","[""Aromaterapia""]",,,,,,,,,,84,,,59,,false,,,"Nie","Nie","nie","nie","nie","nie","nie","nie",,,,,,,"[""Nawilżacz powietrza z oczyszczaczem""]",false,"[]"
64,"published",,"ce682939-7d3b-4f32-85de-df7f56fffb04","2024-08-08T12:55:04.000Z","94875643-bc29-4c6b-89d0-3b59e7ddf858","2025-05-08T10:53:13.000Z","Venta","LW73 Aerostyle","with_purifier",2699,,,,,"[""nofollow"",""noopener""]",,"[""noopener"",""nofollow""]","https://www.ceneo.pl/116262764#crid=691838&pid=16557",,"1eadd4a4-f288-45a4-837c-4ddeec1f24f0",515,515,73,73.57143,9,,,"1",,,,,,,"0","0",,,"0",,,"0",,,"0","no","1","[""Wi-Fi 2,4 GHz""]",,"0","[""Sterowanie smartfonem""]",,,,,,,,,,85,,,43,,false,,"Tak","Tak","Nie","nie","nie","nie","nie","nie","nie",,,,,,,"[""Nawilżacz powietrza z oczyszczaczem""]",false,"[]"
66,"published",,"ce682939-7d3b-4f32-85de-df7f56fffb04","2024-08-08T12:58:32.000Z","f76fde35-7e8f-49bd-893d-9706def1e294","2025-04-14T10:36:02.000Z","Venta","Professional AH902","with_purifier",4499,,,,,"[""nofollow"",""noopener""]",,"[""noopener"",""nofollow""]","https://www.ceneo.pl/131968430#crid=694703&pid=16557",,"b9825de1-1a1c-4e83-8ae7-7f1a90c600ba",525,525,75,75,12,,,"0",,,,,,,"0","0",,,"0",,,"0",,,"1","no","1","[""Wi-Fi 2,4 GHz""]",,"0","[""Lampa UV"",""Timer"",""Sterowanie smartfonem""]",,,,,,,,,,100,,,29,,false,,,"Tak","Nie","nie","nie","nie","nie","nie","nie",,,,,,,"[""Nawilżacz powietrza z oczyszczaczem""]",false,"[]"
67,"published",,"ce682939-7d3b-4f32-85de-df7f56fffb04","2024-08-08T13:00:30.000Z","94875643-bc29-4c6b-89d0-3b59e7ddf858","2025-05-08T10:55:04.000Z","Venta","AW730/AW735 Aerostyle Compact","with_purifier",1999,,,,,"[""nofollow"",""noopener""]",,"[""noopener"",""nofollow""]","https://www.ceneo.pl/168359507#crid=694705&pid=16557",,"e387262c-fc57-4087-908d-8a2d2faec410",300,240,37,34.28571,6,,,"0",,,,,,,"0","0",,,"0",,,"0",,,"1","plasma","1","[""Wi-Fi 2,4 GHz""]",,"0","[""Higrostat"",""Lampa UV"",""Sterowanie smartfonem"",""Filtr HEPA""]",,,,,,,,,,90,,,26,,false,,,"Tak","Nie","nie","nie","nie","nie","nie","nie","37","40","320",,,,"[""Nawilżacz powietrza z oczyszczaczem""]",false,"[]"
68,"published",,"ce682939-7d3b-4f32-85de-df7f56fffb04","2024-08-08T13:16:23.000Z","f76fde35-7e8f-49bd-893d-9706def1e294","2025-06-10T09:26:27.000Z","Boneco","H300","with_purifier",1517,,,,,"[""nofollow"",""noopener""]",,"[""noopener"",""nofollow""]","https://www.ceneo.pl/72475471#crid=691836&pid=16557",,"3c5d0fea-b326-4bf1-b3f1-dcdf09b705e7",350,350,50,50,4.5,,,"1",,,,,,,"0","0",,,"0",,,"0",,,"0","no","1","[""Wi-Fi 2,4 GHz""]",,"0","[""Aromaterapia""]",,,,,,,,,,50,,,43,,false,,,"Tak","Nie","nie","nie","nie","nie","nie","nie",,,,,,,"[""Nawilżacz powietrza z oczyszczaczem""]",false,"[]"
69,"published",,"ce682939-7d3b-4f32-85de-df7f56fffb04","2024-08-08T13:44:47.000Z","94875643-bc29-4c6b-89d0-3b59e7ddf858","2025-03-03T14:02:20.000Z","Xiaomi","Smart Humidifier 2","sonic",215,,,,,"[""nofollow"",""noopener""]",,"[""noopener"",""nofollow""]","https://www.ceneo.pl/142280685#crid=695290&pid=16557",,"77cf0f86-fe3d-4513-926e-30f216d3ce65",350,350,46,50,4.5,,,"1",,,,,,,"0","0",,,"0",,,"0",,,"0","no","1","[""Wi-Fi 2,4 GHz""]",,"0","[""Aromaterapia""]",,,,,,,,,,60,,,76,,false,,,"Nie","Nie","nie","nie","nie","nie","nie","nie",,,,,,,,false,"[]"
70,"published",,"ce682939-7d3b-4f32-85de-df7f56fffb04","2024-08-08T13:46:40.000Z","94875643-bc29-4c6b-89d0-3b59e7ddf858","2025-03-03T14:01:44.000Z","Oromed","ORO-2020","sonic",236,,,,,"[""nofollow"",""noopener""]",,"[""noopener"",""nofollow""]","https://www.ceneo.pl/58017647#crid=695292&pid=16557",,"54d3b499-e444-412a-aa3d-8f5c1fbed431",300,300,40,42.85714,4,,,"0",,,,,,,"0","0",,,"0",,,"0",,,"0","blade","0","[""Wi-Fi 2,4 GHz""]",,"0","[""Aromaterapia""]",,,,,,,,,,50,,,52,,false,,,"Nie","Nie","nie","nie","nie","nie","nie","nie",,,,,,,,false,"[]"
71,"published",,"ce682939-7d3b-4f32-85de-df7f56fffb04","2024-08-08T13:54:15.000Z","94875643-bc29-4c6b-89d0-3b59e7ddf858","2025-03-03T13:53:02.000Z","Milla","Home AH050E","sonic",239,,,,,"[""nofollow"",""noopener""]",,"[""noopener"",""nofollow""]","https://www.ceneo.pl/86001934#crid=476736&pid=16557",,"96629175-d751-48bf-884f-bb68b037c4ad",220,220,29,31.42857,1.1,,,"1",,,,,,,"0","0",,,"0",,,"0",,,"0","no","0","[""Wi-Fi 2,4 GHz""]",,"0","[""brak""]",,,,,,,,,,10,,,12,"/recenzje-nawilzaczy-powietrza/milla-home-ah050e/",false,,,"Nie","Nie","nie","nie","nie","nie","nie","nie",,,,,,,,false,"[]"
72,"published",,"ce682939-7d3b-4f32-85de-df7f56fffb04","2024-08-08T13:56:05.000Z","94875643-bc29-4c6b-89d0-3b59e7ddf858","2025-05-08T10:57:30.000Z","Blaupunkt","AHS801","sonic",432,,,,,"[""nofollow"",""noopener""]",,"[""noopener"",""nofollow""]","https://www.ceneo.pl/57074031#crid=314966&pid=16557",,"1151c74f-2fdc-46fe-884b-3bb989176aa4",350,350,46,50,,,,"1",,,,,,,"0","0",,,"0",,,"0",,,"0","blade","0","[""Wi-Fi 2,4 GHz""]",,"0","[""Aromaterapia"",""Higrostat"",""Lampa UV"",""Jonizator ostrzowy""]",,,,,,,,,,59,,,36,"/recenzje-nawilzaczy-powietrza/blaupunkt-ahs801/",false,,,"Tak","Nie","nie","nie","nie","nie","nie","nie",,,,,,,,false,"[]"
73,"published",,"ce682939-7d3b-4f32-85de-df7f56fffb04","2024-08-08T13:58:12.000Z","94875643-bc29-4c6b-89d0-3b59e7ddf858","2025-03-03T14:01:08.000Z","Stadler Form","Eva","sonic",850,,,,,"[""nofollow"",""noopener""]",,"[""noopener"",""nofollow""]","https://www.ceneo.pl/50602081#crid=695291&pid=16557",,"0998eea4-a1b1-42c4-ba9a-8d0a647b4d97",550,550,73,78.57143,6.5,,,"1",,,,,,,"0","0",,,"0",,,"0",,,"0","no","1","[""Wi-Fi 2,4 GHz""]",,"0","[""Aromaterapia""]",,,,,,,,"[""Biały"",""Czarny""]",,98,,,27,,false,,,"Nie","Nie","nie","nie","nie","nie","nie","nie",,,,,,,,false,"[]"
74,"published",,"ce682939-7d3b-4f32-85de-df7f56fffb04","2024-08-08T14:00:06.000Z","94875643-bc29-4c6b-89d0-3b59e7ddf858","2025-03-03T14:06:02.000Z","Cecotec","Pure Aroma 300 Yang","sonic",109,,,,,"[""nofollow"",""noopener""]",,"[""noopener"",""nofollow""]","https://www.ceneo.pl/95152739#crid=666790&pid=16557",,"7c836054-2bd5-4858-adf6-ad8cba146e32",50,50,0,7.14286,,,,"0",,,,,,,"0","0",,,"0",,,"0",,,"0","no","0","[""Wi-Fi 2,4 GHz""]",,"0","[""Aromaterapia""]",,,,,,,,,,11,,,20,,false,,,"Nie","Nie","nie","nie","nie","nie","nie","nie",,,,,,,,false,"[]"
75,"published",,"ce682939-7d3b-4f32-85de-df7f56fffb04","2024-08-08T14:01:15.000Z","94875643-bc29-4c6b-89d0-3b59e7ddf858","2025-05-08T10:59:33.000Z","Stadler Form","Anton","sonic",299,,,,,"[""nofollow"",""noopener""]",,"[""noopener"",""nofollow""]","https://www.ceneo.pl/20247777#crid=294116&pid=16557",,"b67addd2-28ff-4688-8cb9-780d08e25b22",170,170,22,24.28571,2.5,,,"0",,,,,,,"0","0",,,"0",,,"0",,,"0","no","0","[""Wi-Fi 2,4 GHz""]",,"0","[""Aromaterapia""]",,,,,,,,,,11,,,11,"/recenzje-nawilzaczy-powietrza/stadler-form-anton/",false,,,"Tak","Nie","nie","nie","nie","nie","nie","nie",,,,,,,,false,"[]"
76,"published",,"ce682939-7d3b-4f32-85de-df7f56fffb04","2024-08-09T07:24:07.000Z","94875643-bc29-4c6b-89d0-3b59e7ddf858","2025-03-03T14:06:19.000Z","Venta","LW74 WiFi AeroStyle","vapor",3099,,,,,"[""nofollow"",""noopener""]",,"[""noopener"",""nofollow""]","https://www.ceneo.pl/116262761",,"29ef2f6e-c373-482d-ac35-9e7f6983c89c",650,650,90,92.85714,9,,,"1",,,,,,,"0","0",,,"0",,,"0",,,"0","no","1","[""Wi-Fi 2,4 GHz""]",,"0",,11,24,,,,,,"[""Biały"",""Czarny""]",,95,,,45,,false,,"Tak","Nie","Nie","nie","nie","nie","nie","nie","tak",,,,,,,,false,"[]"
77,"published",,"ce682939-7d3b-4f32-85de-df7f56fffb04","2024-08-09T07:33:55.000Z","f76fde35-7e8f-49bd-893d-9706def1e294","2024-11-07T09:14:27.000Z","Stadler Form","Form Fred","steam",431,,,,,"[""nofollow"",""noopener""]",,"[""noopener"",""nofollow""]","https://www.ceneo.pl/20247790#crid=667417&pid=16557",,"50b8c380-1fd5-4c3c-a851-17d11e846653",300,300,38,42.85714,3.7,,,"1",,,,,,,"0","0",,,"0",,,"0",,,"0","no","0","[""Wi-Fi 2,4 GHz""]",,"0","[""Higrostat""]",,300,,,,,,,,1,,,1,,false,,,"Tak","Nie","nie","nie","nie","nie","nie","nie",,,,,,,,false,"[]"
78,"published",,"ce682939-7d3b-4f32-85de-df7f56fffb04","2024-08-09T07:36:33.000Z","94875643-bc29-4c6b-89d0-3b59e7ddf858","2025-03-03T14:06:48.000Z","Stylies","Sirius","steam",449,,,,,"[""nofollow"",""noopener""]",,"[""noopener"",""nofollow""]","https://www.ceneo.pl/20247744#crid=667734&pid=16557",,"bc11bed8-35fb-4031-92e1-71b39dec58bc",350,350,46,50,3.5,,,"1",,,,,,,"0","0",,,"0",,,"0",,,"0","no","0","[""Wi-Fi 2,4 GHz""]",,"0",,,350,,,,,,,,70,,,50,,false,,,"Nie","Nie","nie","nie","nie","nie","nie","nie",,,,,,,,false,"[]"
79,"published",,"ce682939-7d3b-4f32-85de-df7f56fffb04","2024-08-09T07:38:06.000Z","94875643-bc29-4c6b-89d0-3b59e7ddf858","2025-03-03T14:07:05.000Z","Vitammy","Mist UM750","steam",208,,,,,"[""nofollow"",""noopener""]",,"[""noopener"",""nofollow""]","https://www.ceneo.pl/43212074#crid=667405&pid=16557",,"5dd8226b-09b3-48f5-9b41-3dea012edd1d",400,400,53,57.14286,2.8,,,"0",,,,,,,"0","0",,,"0",,,"0",,,"0","no","0","[""Wi-Fi 2,4 GHz""]",,"0","[""Aromaterapia""]",,,,,,,,,,47,,,80,,false,,,"Nie","Nie","nie","nie","nie","nie","nie","nie",,,,,,,,false,"[]"
80,"published",,"ce682939-7d3b-4f32-85de-df7f56fffb04","2024-08-09T07:39:34.000Z","94875643-bc29-4c6b-89d0-3b59e7ddf858","2025-03-03T14:07:21.000Z","Blaupunkt","AHM701","steam",410,,,,,"[""nofollow"",""noopener""]",,"[""noopener"",""nofollow""]","https://www.ceneo.pl/131924889#crid=667770&pid=16557",,"3964d748-cae3-49fa-96c7-4213fa02bec5",500,500,66,71.42857,5,,,"1",,,,,,,"0","0",,,"0",,,"0",,,"0","no","0","[""Wi-Fi 2,4 GHz""]",,"1","[""Aromaterapia""]",,,,,,,,,,90,,,88,,true,,,"Nie","Nie","nie","nie","nie","nie","nie","nie",,,,,,,,false,"[]"
81,"published",,"ce682939-7d3b-4f32-85de-df7f56fffb04","2024-08-09T07:41:03.000Z","94875643-bc29-4c6b-89d0-3b59e7ddf858","2025-03-03T14:07:36.000Z","Flaem","Olly","steam",195,,,,,"[""nofollow"",""noopener""]",,"[""noopener"",""nofollow""]","https://www.ceneo.pl/43212075#crid=667800&pid=16557",,"0137e9d3-130e-4567-999e-529defbaff61",320,320,40,45.71429,4.5,,,"0",,,,,,,"0","0",,,"0",,,"0",,,"0","no","0","[""Wi-Fi 2,4 GHz""]",,"0",,,,,,,,,,,45,,,48,,false,,,"Nie","Nie","nie","nie","nie","nie","nie","nie",,,,,,,,false,"[]"
82,"published",,"f76fde35-7e8f-49bd-893d-9706def1e294","2024-08-09T09:44:23.000Z","f76fde35-7e8f-49bd-893d-9706def1e294","2024-08-22T12:40:23.000Z","Duka","Aroma","2",229,,,,,"[""nofollow"",""noopener""]",,"[""noopener"",""nofollow""]","https://www.ceneo.pl/166833483#crid=700369&pid=16557","Sprawdź na Ceneo.pl","9f08cdd3-344b-4529-913f-7ed8f3b52d9c",30,30,15,4.28571,0.2,7,"remove_cover","0",,,,,,"32","0","0",,,"0",,,"0",,,"0","blade","0","[""Wi-Fi 2,4 GHz""]",,"0","[""Automatyczne wył. przy pustym zbiorniku"",""Aromaterapia"",""Lampka nocna"",""antypoślizgowe nóźki"",""podświetlenie LED""]",,12,220,13,17.7,13,,"[""Czarny"",""Biały"",""brązowy""]",,2,,,3,,false,"brak",,"Nie","Nie","nie","nie","nie","nie","nie","nie",,,,,,,,false,"[190,191]"
83,"published",,"f76fde35-7e8f-49bd-893d-9706def1e294","2024-08-09T11:03:47.000Z","f76fde35-7e8f-49bd-893d-9706def1e294","2024-08-22T12:42:00.000Z","Duka","Bergvind","2",179,,,,"https://duka.com/pl/nawilzacz-powietrza-ultradzwiekowy-dyfuzor-zapachowy-duka-bergvind-bialy-2220417","[""noopener"",""nofollow""]","Link do sklepu Duka.pl","[""noopener"",""nofollow""]",,,"d1565cc1-f16c-4355-b890-d62742988a84",30,30,15,4.28571,,,"remove_cover","0",,,,,,,"0","0",,,"0",,,"0",,,"0","no","0","[""Wi-Fi 2,4 GHz""]",,"0","[""Automatyczne wył. przy pustym zbiorniku"",""Aromaterapia"",""Lampa solna""]",,5,,10,16.5,10,,"[""Biały""]",,3,,,3,,false,"brak",,"Nie","Nie","nie","nie","nie","nie","nie","nie",,,,,,,,false,"[192,193,194,195]"
84,"published",,"ce682939-7d3b-4f32-85de-df7f56fffb04","2024-08-09T11:16:57.000Z","309a04ad-6ef4-473d-a546-8f933d59bfd8","2024-09-05T11:36:42.000Z","Milla Home","MAH600","sonic",269,,,,,"[""nofollow"",""noopener""]",,"[""noopener"",""nofollow""]","https://www.ceneo.pl/89690030#crid=690470&pid=16557",,"b5f7ccf9-aac1-4d91-a462-71af20f3e022",250,240,35,34.28571,5.3,,,"1",,,,,,"42","0","0",,,"0",,,"0",,,"0","no","0","[""Wi-Fi 2,4 GHz""]",,"0","[""Aromaterapia"",""Higrostat""]",,28,,,,,,,,35,,,35,"https://ranking-oczyszczaczy.pl/recenzje-nawilzaczy-powietrza/milla-home-mah600/",false,,,"Tak","Nie","nie","nie","nie","nie","nie","nie",,,,,,,,false,"[]"
85,"published",,"ce682939-7d3b-4f32-85de-df7f56fffb04","2024-08-09T11:23:09.000Z","309a04ad-6ef4-473d-a546-8f933d59bfd8","2025-04-01T09:10:47.000Z","Boneco","S450","steam",819,,,,,"[""nofollow"",""noopener""]",,"[""noopener"",""nofollow""]","https://www.ceneo.pl/159389985#crid=690449&pid=16557",,"8b6c4f7b-4f4b-480b-9d79-bbefc01d1f7e",560,560,80,80,7,,,"0",,,,,37,"44","0","0",,,"0",,,"0",,,"0","no","0","[""Wi-Fi 2,4 GHz""]",,"0","[""Higrostat"",""Aromaterapia""]",160,480,,,,,,,,47,,,9,,false,,,"Tak","Nie","nie","nie","nie","nie","nie","tak",,,,,,,,false,"[]"
86,"published",,"ce682939-7d3b-4f32-85de-df7f56fffb04","2024-08-09T11:28:32.000Z","f76fde35-7e8f-49bd-893d-9706def1e294","2024-11-07T09:12:15.000Z","HB","UH2045DW","sonic",319,,,,,"[""nofollow"",""noopener""]",,"[""nofollow"",""noopener""]","https://www.ceneo.pl/87938193#crid=690465&pid=16557",,"9509b47e-7c98-4829-941e-473a18d62d02",300,300,43,42.85714,5.5,,,"1",,,,,,"35","0","0",,,"0",,,"0",,,"0","no","0","[""Wi-Fi 2,4 GHz""]",,"0","[""Aromaterapia"",""Higrostat""]",,30,,,,,,,,31,,,25,"/recenzje-nawilzaczy-powietrza/hb-uh2045dw/",false,,,"Tak","Nie","nie","nie","nie","nie","nie","nie",,,,,,,,false,"[]"
87,"published",,"ce682939-7d3b-4f32-85de-df7f56fffb04","2024-08-09T12:34:55.000Z","94875643-bc29-4c6b-89d0-3b59e7ddf858","2025-03-03T14:08:23.000Z","Philips","HU2510/10","vapor",339,,,,,"[""nofollow"",""noopener""]",,"[""noopener"",""nofollow""]","https://www.ceneo.pl/141468298#crid=690464&pid=16557",,"5bb5bf7d-6f08-4ed9-9550-e96663337df5",190,190,25,27.14286,2,,,"1",,,,,,,"0","0",,,"0",,,"0",,,"0","no","0","[""Wi-Fi 2,4 GHz""]",,"0",,,,,,,,,,,59,,,71,,false,,,"Nie","Nie","nie","nie","nie","tak","nie","nie",,,,,,,,false,"[]"
88,"published",,"f76fde35-7e8f-49bd-893d-9706def1e294","2024-08-12T15:10:52.000Z","f76fde35-7e8f-49bd-893d-9706def1e294","2024-09-11T13:24:15.000Z","Raven","EN004","sonic",134,,,,,"[""nofollow"",""noopener""]",,"[""noopener"",""nofollow""]","https://www.ceneo.pl/47113448#crid=700600&pid=16557","Sprawdź na Ceneo.pl","97387811-81d0-4c8d-9e5e-e302e28f0aaa",300,,20,,5,50,"remove_cover","1",45,90,5,,,"35","0","0",,,"0",,,"1",,,"0","blade","0","[""Wi-Fi 2,4 GHz""]",,"0","[""Optyczny wskaźnik napełnienia zbiornika"",""Aromaterapia"",""Timer""]",,30,220,26,35,26,2.67,"[""Biały""]",,,,,,,true,"brak",,"nie","Nie","nie","nie","nie","nie","nie","nie",,,,,,,,false,"[196]"
89,"published",,"f76fde35-7e8f-49bd-893d-9706def1e294","2024-08-12T15:19:27.000Z","f76fde35-7e8f-49bd-893d-9706def1e294","2024-09-11T13:24:36.000Z","Raven","EN008","sonic",299,,,,,"[""nofollow"",""noopener""]",,"[""noopener"",""nofollow""]","https://www.ceneo.pl/122399054#crid=700599&pid=16557","Sprawdź na Ceneo.pl","dded716c-4d14-44fa-ab6f-8c9089d8d7d3",350,,20,,4,,"remove_cover","1",45,90,5,,,,"0","0",,,"0",,,"1",,,"0","blade","0","[""Wi-Fi 2,4 GHz""]",,"1","[""Aromaterapia"",""Timer""]",,110,220,22.4,33.5,22.4,3.5,"[""Czarny""]",,57,,,35,,false,"Filtr ceramiczny - 59 zł, brak danych o częstotliwości wymiany",,"nie","Nie","nie","nie","nie","nie","nie","nie",,,,,,,,false,"[197,198]"
90,"published",,"f76fde35-7e8f-49bd-893d-9706def1e294","2024-08-12T15:32:27.000Z","94875643-bc29-4c6b-89d0-3b59e7ddf858","2025-03-03T14:10:00.000Z","Raven","EN003X","sonic",299,,,,,"[""nofollow"",""noopener""]",,"[""noopener"",""nofollow""]","https://www.ceneo.pl/42949507#crid=700614&pid=16557","Sprawdź na Ceneo.pl","e9fc0027-c3ab-4bf7-bd06-b0ad8f9ca1e1",300,,20,,4,13,"remove_cover","1",45,90,5,6,,,"1","0",,,"0",,,"1",,,"0","no","0","[""Wi-Fi 2,4 GHz""]",,"1","[""Aromaterapia"",""Timer""]",,30,,25.5,31.5,24.5,1.7,"[""Czarny""]",,38,,,62,,false,"Filtr ceramiczny - 59 zł, brak danych o częstotliwości wymiany",,"nie","Nie","nie","nie","nie","nie","nie","nie",,,,,,,,false,"[199]"
91,"published",,"f76fde35-7e8f-49bd-893d-9706def1e294","2024-08-12T15:49:57.000Z","f76fde35-7e8f-49bd-893d-9706def1e294","2024-09-11T13:25:08.000Z","Raven","ENE001","vapor",299,,,,,"[]",,"[""noopener"",""nofollow""]","https://www.ceneo.pl/123937202#crid=701127&pid=16557","Sprawdź na Ceneo.pl","d954955c-c73f-47ff-a3cb-fac5c116ada8",112,,16,,5,,"remove_cover","0",,,,3,,,"0","1",3,99,"0",,,"0",,,"0","no","0","[""Wi-Fi 2,4 GHz""]",,"0","[""Aromaterapia"",""Timer""]",5,,,22,31,22,3.5,"[""Biały""]",,48,,,46,,false,"wymiana filtra ewaporacyjnego co 3 miesiące - 99 zł. Koszt roczny - 396 zł.",,"Nie","Nie","nie","nie","nie","nie","nie","nie",,,,,,,,false,"[200,201]"
92,"published",,"f76fde35-7e8f-49bd-893d-9706def1e294","2024-08-14T07:40:52.000Z","f76fde35-7e8f-49bd-893d-9706def1e294","2025-05-05T09:39:37.000Z","Clofte","Duo 400","with_purifier",899,,,"Clofte","https://clofte.pl/nawilzacze-powietrza-z-oczyszczaczem/clofte-duo-400/","[""noopener"",""nofollow""]","Link do sklepu Clofte.pl","[""nofollow"",""noopener""]",,,"e81e4928-84bc-4f8f-a3f2-4c2d152489e7",440,400,55,57.14286,3,,"remove_cover","1",40,59,10,3,26,,"1","1",6,79,"1",,,"0",,,"1","no","1","[""Wi-Fi 2,4 GHz""]",,"0","[""Higrostat"",""Sterowanie smartfonem"",""Timer"",""Filtr HEPA""]",,15,220,21.6,40.1,23.9,2.6,"[""Biały""]",,89,,,82,"/recenzje-nawilzaczy-powietrza/clofte-duo-400/",false,"79 zł","Nie","Tak","Nie","nie","tak","tak","nie","nie","tak","60","15","110","HEPA H13","1",,,true,"[202,203,204,205,206,207,208]"
93,"draft",,"f76fde35-7e8f-49bd-893d-9706def1e294","2024-08-19T11:22:04.000Z","ce682939-7d3b-4f32-85de-df7f56fffb04","2024-11-14T10:57:47.000Z","Raven","EN002","sonic",120,,,,,"[]",,"[""noopener"",""nofollow""]","https://www.ceneo.pl/40953888#crid=294144&pid=16557","Sprawdź na Ceneo.pl","27090b66-977b-4b3f-bef2-d1dd31bba939",350,,20,,3.5,13,"remove_cover","0",,,,,,"35","0","0",,,"0",,,"1",,29,"0","no","0","[""Wi-Fi 2,4 GHz""]",,"0","[""Automatyczne wył. przy pustym zbiorniku"",""Timer""]",,30,220,,,,1.4,"[""Biały""]",,23,,,45,"https://ranking-oczyszczaczy.pl/recenzje-nawilzaczy-powietrza/raven-en002/",false,"Filtr ceramiczny w cenie 29 zł. Brak danych o zalecanej częstotliwości wymiany.","Nie","nie","Nie","nie","nie","nie","nie","nie","nie",,,,,,,,false,"[209]"
94,"published",,"94875643-bc29-4c6b-89d0-3b59e7ddf858","2024-12-03T11:27:37.000Z","94875643-bc29-4c6b-89d0-3b59e7ddf858","2025-05-08T10:49:03.000Z","Philips","HU5710/03","vapor",756,,,,,"[""nofollow"",""noopener""]",,"[""nofollow"",""noopener""]","https://www.ceneo.pl/173907874#crid=725639&pid=16557",,"3b2944ce-6bba-4e75-b245-7eeff1de3dc7",400,400,56,57.14286,4.5,,"window","1",30,70,4,3,12,"34","1","1",6,119,"0",,,"0",,,"0","no","1","[""Wi-Fi 2,4 GHz""]",,"0","[""Higrostat"",""Timer"",""Aromaterapia"",""Sterowanie smartfonem"",""Sygnalizacja zużycia filtra""]",0.5,8,,27.1,42.8,27.9,,"[""Szary""]",,81,,,46,"/recenzje-nawilzaczy-powietrza/philips-hu5710-03/",false,"238 zł",,"Tak","Nie","nie","nie","nie","nie","nie","tak",,,,,,,,false,"[]"
95,"published",,"f76fde35-7e8f-49bd-893d-9706def1e294","2025-01-10T12:03:30.000Z","94875643-bc29-4c6b-89d0-3b59e7ddf858","2025-03-03T14:11:02.000Z","Xiaomi","Evaporative 3 Lite","vapor",377,,,,,"[""nofollow"",""noopener""]",,"[""noopener"",""nofollow""]","https://www.ceneo.pl/176494915#crid=722245&pid=16557","Sprawdź na Ceneo.pl","47765645-d8ff-4346-a159-a98c64f17f1a",280,,50,,4,,"window","1",40,70,5,,,"50","1","0",,,"0",,,"0",,,"0","no","1","[""Wi-Fi 2,4 GHz""]",,"0","[""Sterowanie smartfonem"",""Funkcja osuszania filtra""]",2,7,230,26,35.6,26,4,"[""Biały""]",,,,,,,false,"brak","Tak","nie","Nie","nie","nie","nie","tak","nie","nie",,"40",,,,,,false,"[211]"
96,"published",,"f76fde35-7e8f-49bd-893d-9706def1e294","2025-02-18T12:41:40.000Z","94875643-bc29-4c6b-89d0-3b59e7ddf858","2025-03-03T14:11:27.000Z","Boneco","W400","vapor",1736,,,,,"[""nofollow"",""noopener""]",,"[""noopener"",""nofollow""]","https://www.ceneo.pl/89907163#crid=727345&pid=16557","Link do Ceneo.pl","33e5d6f7-c03b-441a-ac7e-3f44c570a7a2",400,350,60,50,12,,"remove_cover","1",,,,2,45,"55","1","1",,,"0",,,"0",,,"0","no","0","[""Wi-Fi 2,4 GHz""]",,"0","[""Aromaterapia"",""Timer""]",3,12.7,220,40,43.3,28,6.45,,,,,,,,false,,,"Nie","Nie","Nie","nie","nie","nie","nie","tak","60",,,,"1",,,false,"[212,213,214]"
97,"published",,"f76fde35-7e8f-49bd-893d-9706def1e294","2025-02-20T15:59:57.000Z","f76fde35-7e8f-49bd-893d-9706def1e294","2025-02-20T16:01:46.000Z","Philips","HU1510/03","sonic",349,,,,,"[""nofollow"",""noopener""]",,"[""noopener"",""nofollow""]","https://www.ceneo.pl/173908394#crid=727613&pid=16557","Sprawdź na Ceneo.pl",,275,,41,,3,11,"remove_cover","1",40,70,10,3,,"34","1","0",,,"0",,,"0",,,"0","no","1",0,,"0","[""Higrostat"",""Timer"",""Aromaterapia""]",2,19,230,21.5,35.6,21.3,1.1,"[""Biały"",""Szary"",""Srebrny""]",,,,,,,true,"brak",,"nie","Nie","nie","nie","nie","nie","nie","nie","39","39",,,,,,false,"[]"
98,"published",,"f76fde35-7e8f-49bd-893d-9706def1e294","2025-02-23T15:21:47.000Z","94875643-bc29-4c6b-89d0-3b59e7ddf858","2025-03-03T14:11:49.000Z","Venta","AH735 Aerostyle Compact","vapor",1915,,,,,"[""nofollow"",""noopener""]",,"[""noopener"",""nofollow""]","https://www.ceneo.pl/168359510?#crid=727980&pid=16557","Link do Ceneo.pl","d96e56e8-79e5-4044-b894-74dd0d71d379",490,,70,,6,,"remove_cover","1",40,60,5,5,24,"54","1","0",,,"0",,,"0",,,"0","no","1","[""Wi-Fi 2,4 GHz""]",,"0","[""Higrostat"",""Timer"",""Sterowanie smartfonem""]",5,42,,34,44,33,,"[""Biały"",""Czarny""]",,,,,,,false,,"Tak","Nie","Nie","nie","nie","nie","nie","nie","tak","70","70",,,,,,false,"[215,216,217,218,219]"