id,status,sort,user_created,date_created,user_updated,date_updated,model,brand_name,image,price,discount_info,partner_name,partner_link_url,partner_link_rel_2,partner_link_title,ceneo_url,ceneo_link_rel_2,ceneo_link_title,max_performance,max_area,max_area_ro,has_humidification,humidification_type,humidification_switch,humidification_efficiency,humidification_performance_measure,humidification_area,water_tank_capacity,hygrometer,hygrostat,min_value_for_hygrostat,max_value_for_hygrostat,increment_of_the_hygrostat,evaporative_filter,evaporative_filter_life,evaporative_filter_price,ionizer_type,ionizer_switch,mesh_filter,hepa_filter,hepa_filter_service_life,cations_count,anions_count,hepa_filter_price,carbon_filter,carbon_filter_service_life,carbon_filter_price,uvc,uv_light_generator,mobile_app,mobile_features,remote_control,control_other,rated_power_consumption,width,height,weight,depth,review_link,ionization,rated_voltage,capability_points,capability,profitability_points,ranking,profitability,min_loudness,max_loudness,max_rated_power_consumption,filter_type,coffered_type,integrated_price,integrated_hepa_filter_service_life,separate_price,separate_hepa_filter_service_life,separate_price_carbon,separate_carbon-filter_service_life,certificates,pm2_sensor,pm2_indicator,colors,number_of_fan_speeds,functions,lzo_tvcop_sensor,temperature_sensor,humidity_sensor,light_sensor,hepa_filter_class,effectiveness_hepa_filter,info_ionization,info_loudness,info_rated_power_consumption,pm2_concentration_1,pm2_concentration_2,pm2_concentration_3,pm2_concentration_4,pm2_concentration_5,pm2_concentration_6,air_state_1,air_state_2,air_state_3,air_state_4,air_state_5,air_state_6,indicator_color_1,indicator_color_2,indicator_color_3,indicator_color_4,indicator_color_5,indicator_color_6,price_date,ranking_hidden,auto_points,estetic,filter_costs,other_filter,functions_and_equipment,heating_and_cooling_function,with_fan,min_area_ro,image_url,main_ranking,for_kids,cooling_function,bedroom,smokers,office,kindergarten,astmatic,alergic,type_of_device,silver_ion,type,is_promo,gallery
256,published,,f76fde35-7e8f-49bd-893d-9706def1e294,2024-12-05T13:30:20.000Z,f76fde35-7e8f-49bd-893d-9706def1e294,2024-12-05T13:48:49.000Z,AC3420/10,Philips,f23ec150-26c6-4ee1-9295-fa100cbe79e4,1799,,,,"[""nofollow"",""noopener""]",,https://www.ceneo.pl/173907852#crid=718223&pid=16557,"[""noopener"",""nofollow""]",Sprawdź na Ceneo.pl,300,72,37.5,1,vapor,0,650,,,3200,1,1,,,,1,6,99,,0,1,1,12,,,199,1,12,199,0,,1,0,0,,,,,6.5,,https://ranking-oczyszczaczy.pl/recenzje/philips-ac3420-10/,0,,,,,,,17,40,43,1,,,,,,,,"[""PZH""]",0,0,"[""biały"",""srebrny""]",3,,1,0,0,1,0,99.97,,,,,,,,,,,,,,,,,,,,,,2024-12-05,FALSE,15,0,"Filtr nawilżacza – do 6 mies., 99 zł filtr oczyszczacza – 12 mies, 199 zł.",,"[""Tryb auto"",""Sterowanie smartfonem"",""Nawilżacz ewaporacyjny""]",nie,0,,,nie,nie,nie,nie,nie,nie,nie,nie,nie,"[""Oczyszczacz powietrza z nawilżaczem""]",1,with_humi,FALSE,[]
1,published,,f76fde35-7e8f-49bd-893d-9706def1e294,2022-04-12T07:39:22.000Z,ce682939-7d3b-4f32-85de-df7f56fffb04,2025-02-26T15:07:52.000Z,Forste 4,Klarta,b98bfd98-8538-4e1b-ba5a-de8182702d04,899,,Klarta,"https://homespot.pl/pl/searchquery/klarta+forste/1/desc/5?url=klarta,forste","[""dofollow""]",Zobacz w sklepie Klarta.pl,,[],,300,40,38,0,,0,,,,,0,0,,,,0,,,plasma,1,1,1,12,30,45,169,1,12,169,0,,1,"[""Wi-Fi 2,4 GHZ""]",1,,5,55,56.5,6.2,18,/recenzje/klarta-forste-4/,1,220-230,52,52,96,1,96,20,58,41,0,1,0,,0,12,0,12,"[""PZH""]",laserowy,0,"[""biały"",""czarny"",""srebrny"",""złoty"",""róża""]",8,"[""2"",""1"",""4"",""6"",""5"",""3x Auto Mode"",""3""]",1,0,tak,1,HEPA H13,99.95,,<60,"5,6-38",>5,6-10,11-15,16-20,21-25,26-30,bardzo dobre,dobre,średnie,złe,złe,bardzo złe,,,,,,,2025-02-26,FALSE,,,"Komplet filtrów (HEPA H13 EV 99.97% + filtr węglowy) - 159 zł.
Komplet filtrów (HEPA E11 + filtr węglowy) - 139 zł. Koszt roczny od 139 zł.",,"[""Tryb auto"",""Jonizator plazmowy"",""Sterowanie smartfonem"",""Pilot"",""5 kolorów""]",nie,nie,,/wp-content/uploads/klarta-3248-1.jpg,tak,tak,nie,tak,tak,nie,nie,tak,tak,,,with_ion,TRUE,"[453,454,455,457,458,462,463,465,936]"
257,published,,f76fde35-7e8f-49bd-893d-9706def1e294,2024-12-05T13:34:23.000Z,f76fde35-7e8f-49bd-893d-9706def1e294,2024-12-05T13:49:04.000Z,AC3421/13,Philips,cd86d36f-bf37-4b57-9578-ad4ccefc6dcd,1829,,,,"[""nofollow"",""noopener""]",,https://www.ceneo.pl/173709828#crid=718232&pid=16557,"[""noopener"",""nofollow""]",Sprawdź na Ceneo.pl,300,72,37.5,1,vapor,0,650,,,3200,1,1,,,,1,6,99,,0,1,1,12,,,199,1,12,199,0,,1,0,0,,,,,6.5,,https://ranking-oczyszczaczy.pl/recenzje/philips-ac3420-10/,0,,,,,,,17,40,43,1,,,,,,,,"[""PZH""]",0,0,"[""czarny""]",3,,1,0,0,1,0,99.97,,,,,,,,,,,,,,,,,,,,,,2024-12-05,FALSE,15,0,"Filtr nawilżacza – do 6 mies., 99 zł filtr oczyszczacza – 12 mies, 199 zł.",,"[""Tryb auto"",""Sterowanie smartfonem"",""Nawilżacz ewaporacyjny""]",nie,0,,,nie,nie,nie,nie,nie,nie,nie,nie,nie,"[""Oczyszczacz powietrza z nawilżaczem""]",1,with_humi,FALSE,[969]
2,draft,,f76fde35-7e8f-49bd-893d-9706def1e294,2022-04-12T12:31:38.000Z,f76fde35-7e8f-49bd-893d-9706def1e294,2024-12-11T13:11:05.000Z,Stor 2,Klarta,393fd7e8-1b1e-456e-b0df-d882782f7fbe,1299,,Klarta.pl,https://klarta.pl/oczyszczacze-powietrza/klarta-stor-2/?utm_source=ro,"[""dofollow""]",Link do sklepu Klarta.pl,https://www.ceneo.pl/119351535#crid=522582&pid=16557,"[""dofollow""]",Link do najtańszej oferty na Ceneo.pl,600,80,75,0,,0,,,,,0,0,,,,0,,,plasma,1,1,1,24,30,45,269,1,24,269,0,,1,"[""Wi-Fi 2,4 GHZ""]",0,,5,50,74.5,9,30,/recenzje/klarta-stor-2/,1,220-240,87,87,93,2,95,24,64,70,0,1,0,,0,,0,,"[""PZH""]",laserowy,1,"[""biały"",""czarny"",""srebrny"",""złoty""]",6,"[""1"",""2"",""5"",""6"",""3 x Auto Mode"",""zapamiętanie ostatnich ustawień""]",1,0,tak,1,HEPA H13,99.95,,<66,"4,1-65,8",0 - 7,8-14,15-21,22-28,29-35,>35,dobre,dobre,średnie,średnie,złe,złe,zielony,zielony,pomarańczowy,pomarańczowy,czerwony,czerwony,2024-12-11,FALSE,15,,"Wymiana kompletu filtrów co 24 miesięcy. Cena kompletu z filtrem z HEPA E11 - 239 zł, komplet z filtrem H13 EF - 299 zł. Koszt roczny od 119,5 zł.",,"[""Tryb auto"",""Jonizator plazmowy"",""Sterowanie smartfonem"",""Pilot"",""4 kolory""]",1,0,,https://staging.ranking-oczyszczaczy.pl/wp-content/uploads/Klarta-Stor-2-oczyszczacz-z-jonizacja.webp,tak,nie,nie,nie,tak,tak,tak,tak,tak,,,with_ion,FALSE,"[19,20,21,22,603,604,605,606,607,608,609]"
258,published,,94875643-bc29-4c6b-89d0-3b59e7ddf858,2024-12-19T13:07:50.000Z,,,Pure 900,Electrolux,fba5e2d5-22ae-432d-944e-f05791ad3581,2999,,,,"[""nofollow"",""noopener""]",,,"[""nofollow"",""noopener""]",,600,,75,1,vapor,0,,,,,0,0,,,,0,,,blade,0,0,1,,,,,0,,,0,,0,"[""Wi-Fi 2,4 GHZ""]",0,,,,,,,,1,,,,,,,,,,,,,,,,,,,,,"[""szary"",""beżowy""]",9,,,,,,,,,,,,,,,,,,,,,,,,,,,,,2024-12-19,FALSE,,0,Brak danych,,"[""Jonizator ostrzowy"",""Sterowanie smartfonem""]",nie,0,,,nie,nie,nie,nie,nie,nie,nie,nie,nie,,,,FALSE,[]
3,published,,f76fde35-7e8f-49bd-893d-9706def1e294,2022-04-12T13:44:23.000Z,ce682939-7d3b-4f32-85de-df7f56fffb04,2024-10-08T12:49:43.000Z,AX34R3020WW,Samsung,64cdaa96-6126-4516-91a4-08b27ff58194,869,,,,[],,https://www.ceneo.pl/88972583#crid=522685&pid=16557,"[""noopener"",""nofollow""]",Sprawdź najtańszą ofertę w Ceneo.pl,264,34,33,0,,0,,,,,0,0,,,,0,,,,0,1,1,12,,,199,1,12,199,0,,0,"[""Wi-Fi 2,4 GHZ""]",0,,,35,54,8.2,35,/recenzje/samsung-ax34r3020ww/,0,220-230,34,34,60,5,60,20,45,30,0,0,199,12,0,,0,,,0,1,"[""biały""]",3,"[""1"",""2"",""3""]",1,1,1,1,0,99.95,,,,≤ 15,16-35,36-75,>75,,,bardzo dobre,dobre,średni,złe,,,niebieski,zielony,żółty,czerwony,,,2024-10-08,FALSE,,,,,,1,0,,,nie,nie,nie,nie,nie,nie,nie,nie,nie,,,,FALSE,"[518,519,520,522]"
259,published,,f76fde35-7e8f-49bd-893d-9706def1e294,2024-12-19T14:56:46.000Z,309a04ad-6ef4-473d-a546-8f933d59bfd8,2025-01-21T08:02:24.000Z,MC30YV,Daikin,5972c411-fc36-4786-9a55-aef7a15ba5bd,899,,,,0,,https://www.ceneo.pl/142609946#crid=717284&pid=16557,"[""noopener"",""nofollow""]",Sprawdź na Ceneo.pl,180,,22.5,0,,0,,,,,0,0,,,,0,,,plasma,0,1,1,120,,,499,1,120,499,0,,0,"[""Wi-Fi 2,4 GHZ""]",0,,8,35,56,5.8,34.5,/recenzje/daikin-mc30yv/,1,,,23,,,39,18,37,25,0,0,499,120,,,,,,brak,,"[""biały""]",,,1,nie,nie,nie,HEPA H13,99.97,,,,,,,,,,,,,,,,,,,,,,2025-01-21,FALSE,0,0,"499 zł. Wymiana co 10 lat. Realnie może być szybciej, np. co ok. 3 lata.",Elektrostatyczny,"[""Jonizator plazmowy""]",nie,0,,,tak,nie,nie,nie,nie,nie,nie,nie,nie,,,with_ion,FALSE,[]
4,published,,f76fde35-7e8f-49bd-893d-9706def1e294,2022-04-12T14:04:20.000Z,ce682939-7d3b-4f32-85de-df7f56fffb04,2024-11-15T13:40:36.000Z,AX90R7080WD,Samsung,949b376e-2f74-4350-8c13-afc89fb851a4,2399,0,,,[],,https://www.ceneo.pl/85716064#crid=522698&pid=16557,"[""nofollow"",""noopener""]",Sprawdź najtańszą ofertę na Ceneo.pl,701,90,87,0,,0,,,,,0,0,,,,0,,,plasma,0,1,1,12,,,179,1,12,179,0,,1,"[""Wi-Fi 2,4 GHZ""]",0,,,36,105,15,28,/recenzje/samsung-ax90r7080wd/,0,220-230,90,90,66,3,57,21,54,90,0,0,378,12,0,,0,,"[""PZH"",""PTA""]",0,0,"[""biały""]",,"[""1"",""2"",""3"",""4"",""6"",""timer""]",0,1,1,1,0,99.95,,,,≤ 15,16-35,36-75,>75,,,bardzo dobre,dobry,średnie,zły,,,Niebieski,zielony,żółty,czerwony,,,2024-11-15,FALSE,,,2 komplety filtrów zintegrowanych (HEPA + węglowy) co 18 miesięcy - łącznie 358 zł. Roczny koszt ok. 240 zł.,,"[""Czujnik LZO"",""Tryb auto"",""Sterowanie smartfonem""]",1,0,,,tak,nie,nie,nie,nie,tak,tak,tak,tak,,,,FALSE,"[561,562,563,564,565,566,567]"
260,published,,94875643-bc29-4c6b-89d0-3b59e7ddf858,2025-01-09T12:43:05.000Z,94875643-bc29-4c6b-89d0-3b59e7ddf858,2025-01-10T11:57:44.000Z,PureProtect Serii 4200,Philips,6e616bf2-1671-43b3-9355-ac8c61504d62,2059,,,,"[""nofollow"",""noopener""]",,https://www.ceneo.pl/173736702#crid=722217&pid=16557,"[""nofollow"",""noopener""]",Link do Cenep.pl,600,156,75,0,,0,,,,,0,0,,,,0,,,,0,1,1,12,,,389,1,12,389,0,,1,"[""Wi-Fi 2,4 GHZ""]",0,,,28.5,52,6.54,28.5,https://ranking-oczyszczaczy.pl/recenzje/philips-pure-protect-serii-4200/,0,,,,,,,15,60,54,1,,,,,,,,"[""ECARF""]",laserowy,0,"[""srebrny""]",6,,0,nie,nie,tak,HEPA H13,99.95,,,,,,,,,,,,,,,,,,,,,,2025-01-10,FALSE,0,0,Od 389 na rok,,"[""Czujnik LZO"",""Tryb auto"",""Sterowanie smartfonem""]",nie,0,,,nie,nie,nie,nie,nie,nie,nie,nie,nie,,,just_purifier,FALSE,[]
5,published,,f76fde35-7e8f-49bd-893d-9706def1e294,2022-04-12T14:11:22.000Z,309a04ad-6ef4-473d-a546-8f933d59bfd8,2025-02-19T12:43:10.000Z,AX60R5080WD,Samsung,f831413a-8d21-4488-89e9-1efa3c3646e3,1699,0,,,[],,https://www.ceneo.pl/85716063#crid=522702&pid=16557,"[""noopener"",""nofollow""]",Sprawdź najtańszą ofertę na Ceneo.pl,467,60,58,0,,0,,,,,0,0,,,,0,,,,0,1,1,,,,189,1,12-24,189,0,,1,"[""Wi-Fi 2,4 GHZ""]",0,,7.2,36,78.3,11.2,29.3,/recenzje/samsung-ax60r5080wd/,0,220-230,59,59,64,4,69,21,60,45,0,0,189,,0,,0,,,0,0,"[""biały""]",,"[""1"",""2"",""3"",""4"",""timer""]",0,,,,0,99.95,,>60,,≤ 15,16-35,36-75,>75,,,bardzo dobre,dobry,średnie,zły,,,Niebieski,zielony,żółty,czerwony,,,2025-02-19,FALSE,,,"Filtr zintegrowany (HEPA + węglowy) co 12-24 miesiące – 249 zł. Koszt roczny od 124,5 do 249 zł.",,"[""Tryb auto"",""Sterowanie smartfonem"",""Czujnik LZO""]",nie,nie,,,tak,nie,nie,tak,nie,tak,tak,tak,tak,,,just_purifier,FALSE,"[528,529,531,532,533,534,535,536,537,538,539,543,544]"
261,published,,f76fde35-7e8f-49bd-893d-9706def1e294,2025-02-19T13:30:06.000Z,f76fde35-7e8f-49bd-893d-9706def1e294,2025-02-19T13:34:28.000Z,AC4220/12,Philips,4743b2c9-e0c7-41d7-9fd1-071621a791f1,1399,,,,"[""nofollow"",""noopener""]",,https://www.ceneo.pl/173907845#crid=727443&pid=16557,"[""noopener"",""nofollow""]",Sprawdź na Ceneo.pl,600,156,75,0,,0,,,,,0,0,,,,0,,,,0,1,1,,,,389,1,12,389,0,,1,0,0,,2,28.5,52,6.45,28.5,,0,220,,,,,,18,51,54,1,,,,,,,,,Podczerwień,0,"[""srebrny"",""czarny""]",5,,0,tak,tak,tak,HEPA H13,99.97,,,,,,,,,,,,,,,,,,,,,,2025-02-19,FALSE,0,10,Koszt roczny - 390 zł,,"[""Tryb auto"",""Miernik wielofunkcyjny"",""Sterowanie smartfonem""]",nie,0,,,nie,nie,nie,nie,nie,tak,nie,nie,nie,,,just_purifier,FALSE,[]
6,published,,f76fde35-7e8f-49bd-893d-9706def1e294,2022-04-13T11:28:15.000Z,f76fde35-7e8f-49bd-893d-9706def1e294,2025-02-11T08:50:59.000Z,UA-HD40E-L,Sharp,6e3d629d-4c1c-41ac-bab3-383d9fc046da,1599,,,,[],,https://www.ceneo.pl/73896652#crid=522901&pid=16557,"[""noopener"",""nofollow""]",Sprawdź cenę na Ceneo.pl,216,27,27,1,vapor,1,400,"18, 65%",55,2500,1,1,55,65,"55, 60, 65",1,120,149,plasma,1,1,1,,,,,1,,,0,,0,"[""Wi-Fi 2,4 GHZ""]",0,,5,39.9,61.5,7.9,23,/recenzje/sharp-ua-hd40e-l/,1,220-240,50,50,55,11,51,23,60,25,0,1,0,,299,120,199,120,"[""PZH"",""BAF""]",1,1,"[""biały"",""brązowy""]",3,"[""1"",""2"",""3"",""funkcja Advanced Auto"",""funkcja Pollen""]",1,0,0,,0,99.95,,,,,,,,,,,,,,,,Zielony,"Zielony oba końce, pomarańczowy środek",Pomarańczowy,"Pomarańczowy oba końce,  czerwony środek",Czerwony,,2025-02-11,FALSE,,,Wymiana filtra HEPA do 10 lat - 449 zł. Wymiana filtra węglowego do 10 lat - 189 zł. Wymiana filtra wody do 10 lat - 299 zł. Koszt roczny od 90 zł (zważywszy na polskie zapylenie może wynosić 180 zł),,"[""Tryb auto"",""Jonizator plazmowy"",""Nawilżacz ewaporacyjny""]",nie,nie,,,tak,nie,nie,tak,nie,nie,nie,nie,nie,"[""Oczyszczacz powietrza z nawilżaczem""]",,with_humi_ion,FALSE,"[885,886,887]"
262,published,,f76fde35-7e8f-49bd-893d-9706def1e294,2025-02-23T15:42:15.000Z,f76fde35-7e8f-49bd-893d-9706def1e294,2025-02-23T23:43:14.000Z,AP730/AP735,Venta,a7714509-0b61-4d0c-8746-1799c792b647,1044,,,,"[""nofollow"",""noopener""]",,https://www.ceneo.pl/167268637#crid=727982&pid=16557,"[""noopener"",""nofollow""]",Link do Ceneo.pl,250,75,31,0,,0,,,,,0,0,,,,0,,,,0,1,1,12,,,220,1,12,220,0,,1,"[""Wi-Fi 2,4 GHZ""]",0,,4,34,44,6.8,33,,0,,,38,,,57,22,45,60,1,,,,,,,,,laserowy,0,"[""biały"",""czarny""]",5,,1,nie,tak,nie,HEPA H13,99.97,,,100-240,0-12,"12,1-35,4","35,5-55,4","55,5-150,4","150,5-250,4","≥ 250,5",dobry,Umiarkowana,Niezdrowa dla alergików,niezdrow,bardzo niezdrowe,niebezpieczne,zielony,żółty,pomarańczowy,czerwony,czerwony,czerwony,2025-02-23,FALSE,15,10,Ok. 220 zł rocznie,,"[""Tryb auto"",""Sterowanie smartfonem""]",nie,0,,,nie,nie,nie,tak,tak,nie,nie,nie,nie,,,just_purifier,FALSE,"[971,972,973]"
7,published,,f76fde35-7e8f-49bd-893d-9706def1e294,2022-04-13T13:18:27.000Z,f76fde35-7e8f-49bd-893d-9706def1e294,2025-02-11T08:57:09.000Z,KC-D40EUW,Sharp,e48be2ba-9d64-4f02-8a60-1c2e99c3612d,1599,,,,[],,https://www.ceneo.pl/53377249#crid=522937&pid=16557,"[""nofollow"",""noopener""]",Sprawdź najniższą cenę na Ceneo.pl,216,27,27,1,vapor,1,400,"18, 65",55,3,1,1,55,65,"55, 60, 65",1,120,159,plasma,1,1,1,,,,,1,,,0,,0,"[""Wi-Fi 2,4 GHZ""]",0,,5,39.9,61.5,7.9,23,/recenzje/sharp-kc-d40euw/,1,220-240,50,50,52,16,48,23,60,25,0,1,0,,369,120,219,120,"[""BAF"",""PZH""]",Podczerwień,1,"[""biały"",""czarny"",""grafitowy""]",3,"[""1"",""2"",""3"",""funkcja Advanced Auto"",""funkcja Pollen""]",1,0,tak,1,HEPA H13,99.95,,,,,,,,,,,,,,,,Zielony,"Zielony oba końce, pomarańczowy środek",Pomarańczowy,"Pomarańczowe oba końce,  czerwony środek",Czerwony,,2025-02-11,FALSE,,,Wymiana filtra HEPA do 10 lat - 449 zł. Wymiana filtra węglowego do 10 lat - 189 zł. Wymiana filtra wody do 10 lat - 299 zł. Koszt roczny od 90 zł (zważywszy na polskie zapylenie może wynosić 180 zł).,,"[""Tryb auto"",""Jonizator plazmowy"",""Nawilżacz ewaporacyjny""]",nie,nie,,,tak,tak,nie,nie,nie,nie,nie,nie,tak,"[""Oczyszczacz powietrza z nawilżaczem""]",,with_humi,FALSE,"[50,51,52,53,54,55]"
263,published,,f76fde35-7e8f-49bd-893d-9706def1e294,2025-02-23T16:48:56.000Z,f76fde35-7e8f-49bd-893d-9706def1e294,2025-02-23T23:34:53.000Z,AP100 Hybrid,Venta,9f71ad3a-0412-46c2-a8d1-ef3b5b258ba5,1199,,,,"[""nofollow"",""noopener""]",,https://www.ceneo.pl/168359518#crid=727999&pid=16557,"[""noopener"",""nofollow""]",Link do Ceneo.pl,400,70,50,0,,0,,,,,0,0,,,,0,,,,0,1,1,12,,,200,0,12,,1,"[""2""]",1,0,1,,,23,98.6,4.2,23,,0,220,,35,,,45,25,50,2000,1,,,,,,,,,brak,,"[""biały""]",9,,1,tak,nie,,HEPA H13,99.97,,,,,,,,,,,,,,,,,,,,,,2025-02-23,FALSE,15,0,Ok. 200 zł rocznie,,"[""Tryb auto"",""Lampa UV"",""Sterowanie smartfonem""]",tak,tak,,,nie,nie,tak,nie,nie,nie,nie,nie,nie,,0,with_vent,FALSE,"[974,975,976,977,978,979]"
8,published,,f76fde35-7e8f-49bd-893d-9706def1e294,2022-04-13T14:12:33.000Z,f76fde35-7e8f-49bd-893d-9706def1e294,2024-11-06T14:42:14.000Z,AC0830/10,Philips,680a8405-54d3-4552-8a4c-9c506b2cb2b4,719,,,,"[""nofollow"",""noopener""]",,https://www.ceneo.pl/100477732#crid=522945&pid=16557,"[""noopener"",""nofollow""]",Sprawdź cenę na Ceneo.pl,190,22,24,0,,0,,,,,0,0,,,,0,,,,0,1,1,12,,,148,1,,,0,,0,"[""Wi-Fi 2,4 GHZ""]",0,,3,25,67,2.4,25,/recenzje/philips-ac0819-10/,0,220-240,23,23,40,41,49,23,49,18,1,,0,,0,,0,,,1,1,"[""grafitowy""]",2,"[""1"",""2""]",1,1,1,1,0,99.95,,,"2,8-18,4",0-12,13-35,36-55,> 55,,,Dobra jakość powietrza,Przeciętna jakość powietrza,Zła jakość powietrza,Bardzo zła jakość powietrza,,,Niebieski,Niebieskofioletowy,Fioletowoczerwony,Czerwony,,,2024-11-06,FALSE,,,Wymiana filtra zintegrowanego co 1 rok - 129 zł. Roczny koszt od 129 zł.,,"[""Tryb auto""]",1,0,,,tak,nie,nie,nie,nie,nie,nie,nie,nie,,,,FALSE,"[782,783,784,785]"
264,published,,f76fde35-7e8f-49bd-893d-9706def1e294,2025-02-23T17:04:22.000Z,f76fde35-7e8f-49bd-893d-9706def1e294,2025-02-23T23:42:28.000Z,AW730/AW735,Venta,37501f2c-e2ad-41ed-a195-a5308180b339,2099,,,,"[""nofollow"",""noopener""]",,https://www.ceneo.pl/168359515#crid=728001&pid=16557,"[""noopener"",""nofollow""]",Link do Ceneo.pl,320,50,40,1,vapor,1,515,,72,6,Jest,Jest,,,,1,,0,,0,1,1,12,,,,1,12,300,0,,1,"[""Wi-Fi 2,4 GHZ""]",0,,5,340,440,7.7,330,,0,220,,57,,,40,23,50,60,0,1,,,300,12,300,12,,laserowy,0,"[""biały"",""czarny""]",5,,1,nie,tak,nie,HEPA H13,99.97,,,,,,,,,,,,,,,,,,,,,,2025-02-23,FALSE,15,10,Ok. 300 zł rocznie,,"[""Nawilżacz ewaporacyjny"",""Sterowanie smartfonem"",""Tryb auto""]",nie,0,,,nie,nie,nie,tak,nie,nie,nie,nie,tak,"[""Oczyszczacz powietrza z nawilżaczem""]",0,with_humi,FALSE,"[980,981,982,983]"
9,archived,,f76fde35-7e8f-49bd-893d-9706def1e294,2022-04-13T14:34:26.000Z,f76fde35-7e8f-49bd-893d-9706def1e294,2024-05-09T08:37:37.000Z,AP25,Ideal,133b4e75-6781-42ed-bb26-b96cc318fd72,1299,,,,[],,https://www.ceneo.pl/99207704#crid=390401&pid=16557,"[""noopener"",""nofollow""]",Sprawdź najtańszą ofertę na Ceneo.pl,250,35,31,0,,0,,,,,0,0,,,,0,,,,0,1,1,12,,,249,1,12-24,249,0,,0,"[""Wi-Fi 2,4 GHZ""]",0,,7,35.1,45.2,6,22.3,https://ranking-oczyszczaczy.pl/recenzje/ideal-ap-25/,0,220-240,26,26,31,58,31,25,57,55,,,0,,0,,0,,,,,"[""biały""]",,,,,,,0,99.95,,,,,,,,,,,,,,,,,,,,,,2024-05-09,FALSE,,,,,,1,0,,,nie,nie,nie,nie,nie,nie,nie,nie,nie,,,,FALSE,"[62,63,64,65,66]"
10,published,,f76fde35-7e8f-49bd-893d-9706def1e294,2022-04-13T14:59:51.000Z,ce682939-7d3b-4f32-85de-df7f56fffb04,2024-10-08T13:49:38.000Z,U450,Winix,59381cd5-f254-42df-9e27-70ae6fcfb8de,1619,,,,"[""nofollow"",""noopener""]",,https://www.ceneo.pl/43402440#crid=296794&pid=16557,"[""noopener"",""nofollow""]",Sprawdź najtańszą ofertę na Ceneo.pl,492,96,62,0,,0,,,,,0,0,,,,0,,,plasma,1,1,1,12,,,399,1,12,399,0,,0,"[""Wi-Fi 2,4 GHZ""]",1,,10,44,65,8,26,/recenzje/winix-u450/,1,220-240,61,61,58,,58,27,60,110,,,0,,0,,0,,,,,"[""biały""]",,,,,,,0,99.95,,,,,,,,,,,,,,,,,,,,,,2024-10-08,TRUE,,,,,,1,0,,,nie,nie,nie,nie,nie,nie,nie,nie,nie,,,,FALSE,"[67,68]"
13,published,,94875643-bc29-4c6b-89d0-3b59e7ddf858,2022-08-11T09:58:02.000Z,f76fde35-7e8f-49bd-893d-9706def1e294,2025-02-11T08:58:27.000Z,UA-HD50E-L,Sharp,71713f12-c48f-48b8-a440-268fca5061fc,1799,,,,[],,https://www.ceneo.pl/73896656#crid=532393&pid=16557,"[""nofollow"",""noopener""]",Sprawdź cenę na Ceneo.pl,306,38,38,1,vapor,1,600,"18,65",85,3,1,1,55,65,"55, 60, 65",1,120,129,plasma,1,1,1,,,,,1,,,0,,0,"[""Wi-Fi 2,4 GHZ""]",0,,5,39.9,61.5,7.9,23,/recenzje/sharp-ua-hd50e-l/,1,220-240,57,57,51,20,49,23,69,54,0,1,0,,299,120,199,120,"[""BAF"",""PZH""]",1,1,"[""biały""]",3,"[""1"",""2"",""3"",""funkcja Advanced Auto"",""funkcja Pollen""]",1,0,0,1,0,99.95,,,,,,,,,,,,,,,,Zielony,"Zielony oba końce, pomarańczowy środek",Pomarańczowy,"Pomarańczowy oba końce,  czerwony środek",Czerwony,,2025-02-11,FALSE,,,Wymiana filtra HEPA do 10 lat - 449 zł. Wymiana filtra węglowego do 10 lat - 189 zł. Wymiana filtra wody do 10 lat - 299 zł. Koszt roczny od 90 zł (zważywszy na polskie zapylenie może wynosić 180 zł).,,"[""Jonizator plazmowy"",""Tryb auto"",""Nawilżacz ewaporacyjny""]",1,0,,,tak,nie,nie,nie,nie,nie,nie,nie,tak,"[""Oczyszczacz powietrza z nawilżaczem""]",,with_humi_ion,FALSE,"[577,578,579,580]"
14,published,,94875643-bc29-4c6b-89d0-3b59e7ddf858,2022-08-11T10:11:15.000Z,f76fde35-7e8f-49bd-893d-9706def1e294,2025-02-11T09:11:24.000Z,KC-D50EUW,Sharp,9877cb79-c912-425d-b28f-ef80bb5021fb,1899,,,,"[""dofollow""]",,https://www.ceneo.pl/53377250#crid=545203&pid=16557,"[""nofollow"",""noopener""]",Link do Ceneo.pl,306,38,38,1,vapor,1,600,"18,65",85,3,1,1,55,65,"55, 60, 65",1,120,159,plasma,1,1,1,,,,,1,,,0,,0,"[""Wi-Fi 2,4 GHZ""]",0,,5,39.9,61.5,7.9,23,/recenzje/sharp-kc-d50euw/,1,220-240,57,57,50,22,46,23,69,54,0,1,0,,369,120,219,120,"[""BAF"",""PZH""]",1,1,"[""biały""]",3,"[""1"",""2"",""3"",""funkcja Advanced Auto"",""funkcja Pollen"",""4""]",1,0,0,1,0,99.95,,,,,,,,,,,,,,,,Zielony,"Zielony oba końce, pomarańczowy środek",Pomarańczowy,"Pomarańczowy oba końce,  czerwony środek",Czerwony,,2025-02-11,FALSE,,,https://www.ceneo.pl/53377250#crid=545203&pid=16557,,"[""Nawilżacz ewaporacyjny"",""Jonizator plazmowy"",""Tryb auto""]",1,0,,,tak,nie,nie,nie,nie,nie,nie,nie,tak,"[""Oczyszczacz powietrza z nawilżaczem""]",,with_humi_ion,FALSE,"[256,257,258,259,260,261,262]"
15,published,,94875643-bc29-4c6b-89d0-3b59e7ddf858,2022-08-11T10:21:13.000Z,f76fde35-7e8f-49bd-893d-9706def1e294,2025-02-11T09:11:56.000Z,KC-A50EUW,Sharp,62efc268-b9c2-46af-bc64-7ada13bc8683,1899,,,,"[""dofollow""]",,https://www.ceneo.pl/20938605#crid=545206&pid=16557,"[""nofollow"",""noopener""]",Sprawdź cenę na Ceneo.pl,306,38,38,1,vapor,1,600,,85,4,1,1,55,65,"55, 60, 65",1,120,159,plasma,1,1,1,120,,,398,1,120,199,0,,0,"[""Wi-Fi 2,4 GHZ""]",0,,4,39.9,60.3,7.9,27.3,/recenzje/sharp-kc-a50euw/,1,22-240,63,63,55,12,51,16,49,42,,,0,,0,,0,,"[""PZH"",""BAF""]",,1,"[""biały""]",3,"[""1"",""2"",""3"",""Ion Shower"",""tryb Pollen"",""wskaźnik braku wody w nawilżaczu"",""4"",""kontrolka braku wody""]",0,0,0,1,0,99.95,,,,,,,,,,,,,,,,Zielony,"Zielony oba końce, pomarańczowy środek",Pomarańczowy,"Pomarańczowy oba końce,  czerwony środek",Czerwony,,2025-02-11,FALSE,,,,,"[""Jonizator plazmowy"",""Tryb auto"",""Nawilżacz ewaporacyjny""]",1,0,,,tak,nie,nie,nie,nie,nie,nie,nie,nie,"[""Oczyszczacz powietrza z nawilżaczem""]",,with_humi,TRUE,"[610,611]"
16,published,,94875643-bc29-4c6b-89d0-3b59e7ddf858,2022-08-11T11:00:11.000Z,f76fde35-7e8f-49bd-893d-9706def1e294,2025-02-11T09:20:42.000Z,KC-A40EUW,Sharp,38b9c6f7-a57d-41f0-9649-57712ef41ed1,1599,,,,"[""dofollow""]",,https://www.ceneo.pl/20938546#cid=25918&crid=268418&pid=16557,"[""noopener"",""nofollow""]",Sprawdź cenę na Ceneo.pl,216,26,27,1,vapor,1,450,,64,3,1,1,55,65,"55, 60, 65",1,120,159,plasma,1,1,1,120,,,,1,120,259,0,,0,"[""Wi-Fi 2,4 GHZ""]",0,,4,38,57,9.1,24.2,/recenzje/sharp-kc-a40euw/,1,220-240,52,52,58,7,50,16,46,25,0,1,0,,369,120,259,120,"[""PZH"",""BAF""]",0,1,"[""biały""]",3,"[""1"",""2"",""3"",""4"",""Tryb Pollen"",""Ion Shower"",""wskaźnik poziomu wody"",""kontrolka braku wody""]",0,0,0,,0,99.95,,,,,,,,,,,,,,,,Zielony,"Zielony oba końce, pomarańczowy środek",Pomarańczowy,"Pomarańczowy oba końce,  czerwony środek",Czerwony,,2025-02-11,FALSE,,,"Wymiana filtra HEPA do 10 lat - 409 zł. Wymiana filtra węglowego do 10 lat - 179 zł. Wymiana filtra wody do 10 lat - 279 zł.
Koszt roczny filtrów w polskich realiach zważywszy może wynosić 200 zł (wymiana co 2-3 lata).",,"[""Jonizator plazmowy"",""Nawilżacz ewaporacyjny"",""Tryb auto""]",1,0,,,tak,nie,nie,nie,nie,nie,nie,nie,nie,"[""Oczyszczacz powietrza z nawilżaczem""]",,with_humi_ion,FALSE,"[612,613,614,615,616,617,618]"
17,published,,94875643-bc29-4c6b-89d0-3b59e7ddf858,2022-08-11T11:11:29.000Z,f76fde35-7e8f-49bd-893d-9706def1e294,2025-02-11T09:13:56.000Z,UA-HG40E-L,Sharp,7512f780-9d2c-4ecf-81d1-91595ca27284,1999,,,,"[""nofollow"",""noopener""]",,https://www.ceneo.pl/74378973#crid=532399&pid=16557,"[""noopener"",""nofollow""]",Sprawdź cenę na Ceneo.pl,240,28,30,1,vapor,1,440,,62,2500,1,1,55,65,"55, 60, 65",1,120,279,plasma,1,1,1,120,,,369,1,120,249,0,,0,"[""Wi-Fi 2,4 GHZ""]",0,,6,34.5,63.1,9.2,26.2,/recenzje/sharp-ua-hg40e-l/,1,220-240,56,56,48,25,43,19,46,24,0,1,0,,369,120,249,120,"[""PZH"",""BAF""]",1,1,"[""biały"",""ciemnobrązowy""]",3,"[""1"",""3"",""2"",""4"",""timer"",""Auto Louver"",""tryb Pollen"",""Ion Shower"",""Advanced Auto""]",0,0,0,,0,99.95,,,,,,,,,,,,,,,,Zielony,"Zielony oba końce, pomarańczowy środek",Pomarańczowy,"Pomarańczowy oba końce,  czerwony środek",Czerwony,,2025-02-11,FALSE,,,Wymiana filtra HEPA do 10 lat - 449 zł. Wymiana filtra węglowego do 10 lat - 189 zł. Wymiana filtra wody do 10 lat - 299 zł. Koszt roczny od 90 zł (zważywszy na polskie zapylenie może wynosić 180 zł).,,"[""Jonizator plazmowy"",""Tryb auto"",""Nawilżacz ewaporacyjny""]",nie,nie,,,tak,tak,nie,nie,nie,nie,nie,nie,nie,"[""Oczyszczacz powietrza z nawilżaczem""]",,with_humi_ion,FALSE,"[619,620,621,622]"
18,published,,94875643-bc29-4c6b-89d0-3b59e7ddf858,2022-08-11T11:23:51.000Z,f76fde35-7e8f-49bd-893d-9706def1e294,2025-02-11T09:14:51.000Z,KC-A60EUW,Sharp,bb46cc03-508c-48ec-86c9-ff77002e8518,2099,,,,"[""dofollow""]",,https://www.ceneo.pl/20938691#crid=268421&pid=16557,"[""noopener"",""nofollow""]",Sprawdź cenę na Ceneo.pl,396,48,50,1,vapor,1,730,"20, 30",104,4,1,1,55,65,"55, 60, 55",1,120,159,plasma,1,1,1,120,,,449,1,120,279,0,,0,"[""Wi-Fi 2,4 GHZ""]",0,,5,41.6,64.3,11,29.5,/recenzje/sharp-kc-a60euw/,1,220-240,72,72,51,19,53,19,49,60,,,0,,0,,0,,"[""PZH"",""BAF""]",1,1,"[""biały""]",,"[""1"",""2"",""3"",""4"",""Ion Shower"",""wskaźnik wilgotności"",""wskaźnik poziomu wody"",""kontrolka braku wody""]",0,0,0,1,,,,,,,,,,,,,,,,,,,,,,,,2025-02-11,FALSE,,,Wymiana filtra HEPA do 10 lat - 439 zł. Wymiana filtra węglowego do 10 lat - 199 zł. Wymiana filtra wody do 10 lat - 279 zł. Koszt roczny od 100 zł (zważywszy na polskie zapylenie może wynosić 200-300 zł).,,"[""Tryb auto"",""Jonizator plazmowy"",""Nawilżacz ewaporacyjny""]",1,0,,,tak,nie,nie,nie,nie,nie,nie,nie,nie,"[""Oczyszczacz powietrza z nawilżaczem""]",,with_humi,FALSE,"[623,624]"
19,published,,94875643-bc29-4c6b-89d0-3b59e7ddf858,2022-08-11T11:33:43.000Z,309a04ad-6ef4-473d-a546-8f933d59bfd8,2024-10-22T13:09:39.000Z,FP-J40EUW,Sharp,c1ccfd39-7f99-4c8a-a60b-27677233e45f,1099,,,,"[""dofollow""]",,https://www.ceneo.pl/93517067#crid=553166&pid=16557,"[""noopener"",""nofollow""]",Sprawdź cenę na Ceneo.pl,240,30,30,0,,0,,,,,0,0,,,,0,,,plasma,1,1,1,120,,,249,1,120,229,0,,0,"[""Wi-Fi 2,4 GHZ""]",0,,3,39,58.3,6.2,27,/recenzje/sharp-fp-j40euw/,1,220-240,38,38,58,8,53,15,45,23,0,1,0,,249,120,229,120,,2,,"[""biały""]",3,"[""1"",""3"",""4""]",0,1,1,0,0,99.95,,,,,,,,,,,,,,,,,,,,,,2024-10-22,FALSE,,,Wymiana filtra HEPA do 10 lat - 449 zł. Wymiana filtra węglowego do 10 lat - 189 zł. Koszt roczny od 80 zł (zważywszy na polskie zapylenie może wynosić 160 zł).,,"[""Jonizator plazmowy"",""Tryb auto""]",1,0,,https://staging.ranking-oczyszczaczy.pl/wp-content/uploads/SHARP-FP-J40EUW.png,tak,nie,nie,nie,nie,nie,nie,nie,nie,,,with_ion,FALSE,"[625,626]"
20,published,,94875643-bc29-4c6b-89d0-3b59e7ddf858,2022-08-11T11:43:53.000Z,ce682939-7d3b-4f32-85de-df7f56fffb04,2024-08-09T10:47:36.000Z,FP-J30EUB,Sharp,2aca27a4-fb8e-4c6e-8a3c-ab505c686627,699,,,,"[""dofollow""]",,https://www.ceneo.pl/93517069#cid=25918&crid=340207&pid=16557,"[""nofollow"",""noopener""]",Link do Ceneo.pl,180,22,22,0,,0,,,,,0,0,,,,0,,,plasma,1,1,1,24,,,199,1,24,226,0,,0,"[""Wi-Fi 2,4 GHZ""]",0,,13,43.1,41.1,4.2,21.1,/recenzje/sharp-fp-j30eu-a/,1,220-240,17,17,39,44,37,23,44,50,0,,0,,0,,0,,,2,,"[""różowy "",""turkusowy"",""czarny""]",3,"[""1"",""3"",""4""]",0,,,,0,99.95,,,,,,,,,,,,,,,,,,,,,,2024-08-09,FALSE,,,Wymiana filtra HEPA do 2 lat - 229 zł. Wymiana filtra węglowego do 2 lat - 139 zł. Koszt roczny od 180 zł.,,"[""Jonizator plazmowy""]",1,0,,,tak,nie,nie,nie,nie,nie,nie,nie,nie,,,,FALSE,"[627,628,629,630,631,632,633,634,635]"
21,published,,94875643-bc29-4c6b-89d0-3b59e7ddf858,2022-08-11T11:51:18.000Z,f76fde35-7e8f-49bd-893d-9706def1e294,2024-11-06T14:33:25.000Z,FP-J60EUW,Sharp,70401151-9397-4451-bc9d-93a6f09daf88,2099,,,,[],,https://www.ceneo.pl/93474984#cid=25918&crid=340201&pid=16557,"[""nofollow"",""noopener""]",link do Ceneo.pl,396,48,50,0,,0,,,,,0,0,,,,0,,,plasma,1,1,1,120,,,449,1,120,299,0,,0,"[""Wi-Fi 2,4 GHZ""]",0,,3,41.6,72.8,6.2,29.1,/recenzje/sharp-fp-j60euw/,1,220-240,58,58,36,51,42,15,43,38,0,1,0,,449,120,299,120,,1,1,"[""biały""]",3,"[""1"",""2"",""3"",""4"",""timer"",""auto restart"",""Ion Shower"",""Tryb Pollen""]",0,1,1,0,0,99.95,,,,,,,,,,,,,,,,,,,,,,2024-11-06,FALSE,,,"Wymiana filtra HEPA do 10 lat - 449 zł. Wymiana filtra węglowego do 10 lat - 299 zł. Koszt roczny od 80 zł (zważywszy na polskie zapylenie może wynosić 160 zł).
Możliwa jest wymiana modułu jonizatora Plasmacluster 299 zł średnio co 2 lata.",,"[""Tryb auto"",""Jonizator plazmowy""]",1,0,,,tak,nie,nie,nie,nie,nie,nie,nie,nie,,,,FALSE,"[636,637,638,639,640,641]"
22,published,,94875643-bc29-4c6b-89d0-3b59e7ddf858,2022-08-12T08:34:49.000Z,f76fde35-7e8f-49bd-893d-9706def1e294,2024-11-07T12:23:29.000Z,FP-J80EUW,Sharp,ff4fa0be-e6c0-4a9b-838d-b7e36368d341,2499,,,,"[""dofollow""]",,https://www.ceneo.pl/93474983#crid=713281&pid=16557,"[""nofollow"",""noopener""]",,480,62,60,0,,0,,,,,0,0,,,,0,,,plasma,1,1,1,120,,,449,1,10,299,0,,0,"[""Wi-Fi 2,4 GHZ""]",0,,4,41.6,72.8,10.6,29.1,/recenzje/sharp-fp-j80eu-w/,1,220-240,68,68,35,53,42,15,47,48,0,1,0,,449,120,299,120,"[""PZH"",""ECARF"",""PTA""]",0,0,"[""biały""]",3,"[""1"",""2"",""3"",""4"",""Ion Shower"",""Tryb Pollen"",""Ion Spot"",""timer"",""Auto restart""]",0,0,0,0,0,99.95,,,,,,,,,,,,,,,,,,,,,,2024-11-07,FALSE,,,"Wymiana filtra HEPA do 10 lat - 449 zł. Wymiana filtra węglowego do 10 lat - 299 zł. Koszt roczny od 80 zł (zważywszy na polskie zapylenie może wynosić 160 zł).
Możliwa jest wymiana modułu jonizatora Plasmacluster 299 zł średnio co 2 lata.",,"[""Tryb auto"",""Jonizator plazmowy""]",1,0,,,tak,nie,nie,nie,nie,nie,nie,nie,nie,,,,FALSE,[]
23,published,,94875643-bc29-4c6b-89d0-3b59e7ddf858,2022-08-12T08:48:07.000Z,ce682939-7d3b-4f32-85de-df7f56fffb04,2024-09-10T12:30:29.000Z,FP-F30EUH,Sharp,1dd18a3d-56d4-4de0-9ef5-fe67a1e40a4f,599,,,,"[""dofollow""]",,https://www.ceneo.pl/53377253#crid=545329&pid=16557,"[""noopener"",""nofollow""]",,180,21,22,0,,0,,,,,0,0,,,,0,,,plasma,1,1,1,24,,,199,0,,,0,,0,"[""Wi-Fi 2,4 GHZ""]",0,,13,40,46.3,4,18.2,/recenzje/sharp-fp-f30euh/,1,220-240,6,6,17,73,17,26,47,51,0,1,0,,199,24,0,,,1,,"[""biały""]",3,"[""auto restart""]",1,1,1,1,0,99.95,,,,,,,,,,,,,,,,,,,,,,2024-09-10,TRUE,,,"Wymiana filtra HEPA do 2 lat - 229 zł. Koszt roczny od 114,5 zł.",,"[""Jonizator plazmowy""]",1,0,,,nie,nie,nie,nie,nie,nie,nie,nie,nie,,,,FALSE,"[705,706,707,708,709]"
24,published,,94875643-bc29-4c6b-89d0-3b59e7ddf858,2022-08-17T09:12:17.000Z,f76fde35-7e8f-49bd-893d-9706def1e294,2024-10-30T10:29:41.000Z,KC-D60EUW,Sharp,4143963f-f48b-4ba7-bc50-6bfb26171d38,2199,,,,"[""dofollow""]",,https://www.ceneo.pl/53377251#crid=546054&pid=16557,"[""noopener"",""nofollow""]",Link do Ceneo.pl,396,48,50,1,vapor,1,660,"18,65",,3000,1,1,55,65,"55, 60, 65",1,120,159,plasma,1,1,1,120,,,399,1,120,279,0,,0,"[""Wi-Fi 2,4 GHZ""]",0,,5,42,63.7,8.6,24.2,/recenzje/sharp-kc-d60euw/,1,220-240,67,67,54,14,47,25,55,80,0,1,0,,399,120,269,120,"[""BAF"",""PZH""]",1,1,"[""biały""]",3,"[""1"",""2"",""3"",""funkcja Pollen"",""funkcja Advanced Auto"",""timer""]",0,0,0,1,0,99.95,,,,,,,,,,,,,,,,Zielony,"Zielony oba końce, pomarańczowy środek",Pomarańczowy,"Pomarańczowy oba końce,  czerwony środek",Czerwony,,2024-10-30,FALSE,,,Wymiana filtra HEPA do 10 lat - 489 zł. Wymiana filtra węglowego do 10 lat - 219 zł. Wymiana filtra wody do 10 lat - 299 zł. Koszt roczny od 100 zł (zważywszy na polskie zapylenie może wynosić 200 zł).,,"[""Nawilżacz ewaporacyjny"",""Jonizator plazmowy"",""Tryb auto""]",1,0,,,tak,nie,nie,nie,nie,tak,tak,tak,nie,"[""Oczyszczacz powietrza z nawilżaczem""]",,with_humi_ion,FALSE,"[710,711,712]"
25,published,,94875643-bc29-4c6b-89d0-3b59e7ddf858,2022-08-17T09:54:24.000Z,f76fde35-7e8f-49bd-893d-9706def1e294,2025-02-11T09:16:36.000Z,UA-HD60E-L,Sharp,8222b335-b4b3-4a99-b8b5-d801d107e408,1999,,,,"[""nofollow"",""noopener""]",,https://www.ceneo.pl/74026598#crid=532397&pid=16557,"[""nofollow"",""noopener""]",Sprawdź cenę na Ceneo.pl,396,48,50,1,vapor,1,660,"18,65",94,3,1,1,55,65,"55, 60, 65",1,120,149,plasma,1,1,1,,,,,1,,,0,,0,"[""Wi-Fi 2,4 GHZ""]",0,,5,42,63.7,8.6,24.2,/recenzje/sharp-ua-hd60e-l/,1,220-240,67,67,52,17,51,25,55,80,0,1,0,,349,120,219,120,"[""BAF"",""PZH""]",1,1,"[""biały""]",,"[""1"",""2"",""3"",""funkcja Pollen"",""funkcja Advanced Auto""]",1,0,0,1,0,99.95,,,,,,,,,,,,,,,,Zielony,"Zielony oba końce, pomarańczowy środek",Pomarańczowy,"Pomarańczowy oba końce,  czerwony środek",Czerwony,,2025-02-11,FALSE,,,Wymiana filtra HEPA do 10 lat - 489 zł. Wymiana filtra węglowego do 10 lat - 219 zł. Wymiana filtra wody do 10 lat - 299 zł. Koszt roczny od 100 zł (zważywszy na polskie zapylenie może wynosić 200 zł).,,"[""Tryb auto"",""Nawilżacz ewaporacyjny"",""Jonizator plazmowy""]",1,0,,,nie,nie,nie,nie,nie,nie,nie,nie,nie,"[""Oczyszczacz powietrza z nawilżaczem""]",,with_humi_ion,FALSE,"[713,714,715,716,717]"
26,published,,94875643-bc29-4c6b-89d0-3b59e7ddf858,2022-08-17T10:14:39.000Z,f76fde35-7e8f-49bd-893d-9706def1e294,2025-02-11T09:17:51.000Z,KC-G40EUW,Sharp,8e5940b0-31fb-4a75-9041-4c996da724f5,1799,,,,[],,https://www.ceneo.pl/59713166#crid=546059&pid=16557,"[""nofollow"",""noopener""]",,240,28,30,1,vapor,1,440,,62,3,1,1,55,65,"55, 60, 65",1,120,169,plasma,1,1,1,120,,,369,1,120,239,0,,0,"[""Wi-Fi 2,4 GHZ""]",0,,6,34.5,63.1,9.2,26.2,/recenzje/sharp-kc-g40euw/,1,220-240,57,57,47,26,49,19,46,24,0,1,0,,369,120,239,120,"[""BAF"",""PZH""]",0,1,"[""biały""]",3,"[""1"",""2"",""3"",""timer"",""Auto Louver"",""Advanced Auto"",""Spot Mode"",""Ion Shower""]",1,0,0,0,0,99.05,,,,,,,,,,,,,,,,zielony,zielony,pomarańczowy,pomarańczowy,czerwony,,2025-02-11,FALSE,,,Wymiana filtra HEPA do 10 lat - 449 zł. Wymiana filtra węglowego do 10 lat - 189 zł. Wymiana filtra wody do 10 lat - 299 zł. Koszt roczny od 90 zł (zważywszy na polskie zapylenie może wynosić 180 zł).,,"[""Jonizator plazmowy"",""Tryb auto"",""Sterowanie smartfonem"",""Nawilżacz ewaporacyjny""]",1,0,,,tak,nie,nie,nie,nie,nie,nie,nie,nie,"[""Oczyszczacz powietrza z nawilżaczem""]",,,FALSE,"[719,721,722]"
27,published,,94875643-bc29-4c6b-89d0-3b59e7ddf858,2022-08-17T10:15:06.000Z,f76fde35-7e8f-49bd-893d-9706def1e294,2024-11-06T14:31:11.000Z,KC-G40EUH,Sharp,ba4ce08e-1fa4-4644-aff8-3d89677288b6,2099,,,,[],,https://www.ceneo.pl/78721031#crid=546063&pid=16557,"[""nofollow"",""noopener""]",,240,28,30,1,vapor,1,440,,,2500,1,1,55,65,"55, 60, 65",1,120,159,plasma,1,1,1,120,,,369,1,120,239,0,,0,"[""Wi-Fi 2,4 GHZ""]",0,,6,34.5,63.1,9.2,26.2,/recenzje/sharp-kc-g40euw/,1,220-240,57,57,49,23,42,19,46,24,0,1,0,,369,120,239,120,"[""BAF"",""PZH""]",0,1,"[""brązowy""]",,"[""1"",""2"",""3"",""timer"",""Tryb Pollen"",""Auto Advanced"",""Ion Shower"",""Auto Louver"",""Spot Mode""]",1,0,0,0,0,99.95,,,,,,,,,,,,,,,,zielony,zielony,pomarańczowy,pomarańczowy,czerwony,,2024-11-06,FALSE,,,Wymiana filtra HEPA do 10 lat - 449 zł. Wymiana filtra węglowego do 10 lat - 189 zł. Wymiana filtra wody do 10 lat - 299 zł. Koszt roczny od 90 zł (zważywszy na polskie zapylenie może wynosić 180 zł).,,"[""Nawilżacz ewaporacyjny"",""Jonizator plazmowy"",""Tryb auto""]",1,0,,,tak,nie,nie,nie,nie,nie,nie,nie,nie,"[""Oczyszczacz powietrza z nawilżaczem""]",,with_humi_ion,FALSE,"[723,724,725]"
28,published,,94875643-bc29-4c6b-89d0-3b59e7ddf858,2022-08-17T10:16:18.000Z,f76fde35-7e8f-49bd-893d-9706def1e294,2025-02-11T09:21:17.000Z,KC-G50EUW,Sharp,c94639f4-dac7-4ad0-bcb0-d5c4f49a9f7b,2199,,,,[],,https://www.ceneo.pl/59713168#crid=546062&pid=16557,"[""nofollow"",""noopener""]",,306,38,38,1,vapor,1,450,,64,3,1,1,55,65,"55, 60, 65",1,120,169,plasma,1,1,1,120,,,369,1,120,249,0,,0,"[""Wi-Fi 2,4 GHZ""]",0,,6,34.5,63.1,9.2,26.2,/recenzje/sharp-kc-g50euw-2/,1,220-240,65,65,41,38,45,19,52,33,0,1,0,,369,120,249,120,"[""BAF"",""PZH""]",0,1,"[""biały""]",3,"[""1"",""2"",""3"",""timer"",""Auto Louver"",""Auto Advanced"",""Tryb Pollen"",""Ion Shower"",""czujnik ruchu""]",0,0,0,0,0,99.95,,,,,,,,,,,,,,,,niebieski,,,,,czerwony,2025-02-11,FALSE,,,Wymiana filtra HEPA do 10 lat - 449 zł. Wymiana filtra węglowego do 10 lat - 189 zł. Wymiana filtra wody do 10 lat - 299 zł. Koszt roczny od 90 zł (zważywszy na polskie zapylenie może wynosić 180 zł).,,"[""Tryb auto"",""Nawilżacz ewaporacyjny"",""Jonizator plazmowy""]",1,0,,,tak,nie,nie,nie,nie,nie,nie,nie,nie,"[""Oczyszczacz powietrza z nawilżaczem""]",,with_humi_ion,FALSE,"[726,727,728,729]"
29,published,,94875643-bc29-4c6b-89d0-3b59e7ddf858,2022-08-17T10:31:48.000Z,f76fde35-7e8f-49bd-893d-9706def1e294,2025-02-11T10:00:57.000Z,UA-HG40E-T,Sharp,0f867859-cdda-4d50-8f68-421897bc9191,1699,,,,[],,https://www.ceneo.pl/73897550#crid=639458&pid=16557,"[""nofollow"",""noopener""]",,240,28,30,1,vapor,1,440,,62,3,1,1,55,65,"55, 60, 65",1,120,129,plasma,1,1,1,120,,,129,1,120,169,0,,0,"[""Wi-Fi 2,4 GHZ""]",0,,6,34.5,63.1,9.2,26.2,/recenzje/sharp-kc-g40euw/,1,220-240,56,56,48,,48,19,46,24,,,0,,0,,0,,,,,"[""biały"",""ciemnobrązowy""]",,,,,,,0,99.95,,,,,,,,,,,,,,,,,,,,,,2025-02-11,TRUE,,,,,,1,0,,,nie,nie,nie,nie,nie,nie,nie,nie,nie,"[""Oczyszczacz powietrza z nawilżaczem""]",,with_humi_ion,FALSE,"[890,891,892]"
30,published,,94875643-bc29-4c6b-89d0-3b59e7ddf858,2022-08-17T10:37:30.000Z,f76fde35-7e8f-49bd-893d-9706def1e294,2025-02-11T09:22:09.000Z,UA-HG50E-L,Sharp,69eaa006-a015-4b49-a699-ac442944106f,2199,,,,[],,https://www.ceneo.pl/74088790#crid=532401&pid=16557,"[""nofollow"",""noopener""]",Sprawdź cenę na Ceneo.pl,306,38,38,1,vapor,1,450,,64,3,1,1,55,65,"55, 60, 65",1,120,159,plasma,1,1,1,60,,,229,1,60,199,0,,0,"[""Wi-Fi 2,4 GHZ""]",0,,6,34.5,63,9.2,26.2,/recenzje/sharp-ua-hg50e-l/,1,220-240,62,62,38,46,43,19,52,33,0,1,0,,229,60,199,60,"[""PZH"",""BAF""]",0,0,"[""biały""]",3,"[""1"",""2"",""3"",""Plasmacluster Spot"",""Auto Advanced"",""Tryb Pollen"",""Ion Shower"",""Timer"",""czujnik ruchu""]",0,0,0,0,0,99.95,,,,,,,,,,,,,,,,niebieski,,,,,czerwony,2025-02-11,FALSE,,,Wymiana filtra HEPA do 10 lat - 449 zł. Wymiana filtra węglowego do 10 lat - 189 zł. Wymiana filtra wody do 10 lat - 299 zł. Koszt roczny od 90 zł (zważywszy na polskie zapylenie może wynosić 180 zł).,,"[""Tryb auto"",""Jonizator plazmowy"",""Nawilżacz ewaporacyjny""]",1,0,,,tak,nie,nie,nie,nie,nie,nie,nie,nie,"[""Oczyszczacz powietrza z nawilżaczem""]",,with_humi_ion,FALSE,"[893,894,895]"
31,published,,94875643-bc29-4c6b-89d0-3b59e7ddf858,2022-08-17T11:17:57.000Z,f76fde35-7e8f-49bd-893d-9706def1e294,2025-02-11T09:57:35.000Z,KC-G60EUW,Sharp,991869c7-7e23-4a4c-bf2e-0809930db20b,2699,,,,[],,https://www.ceneo.pl/59713169#crid=546068&pid=16557,"[""nofollow"",""noopener""]",,408,50,51,1,vapor,1,630,,90,3,1,1,55,65,"55, 60, 65",1,120,169,plasma,1,1,1,120,,,369,1,120,279,0,,0,"[""Wi-Fi 2,4 GHZ""]",0,,6,37,66,10.4,36.2,/recenzje/sharp-kc-g60euw/,1,220-240,72,72,39,43,40,24,53,55,0,1,0,,369,120,279,120,"[""BAF"",""PZH""]",0,0,"[""biały""]",3,"[""1"",""2"",""3"",""timer"",""Auto Louver"",""Tryb Pollen"",""Ion Shower"",""Auto Advanced"",""czujnik ruchu""]",0,0,0,0,0,99.95,,,,,,,,,,,,,,,,niebieski,,,,,czerwony,2025-02-11,FALSE,,,Wymiana filtra HEPA do 10 lat - 449 zł. Wymiana filtra węglowego do 10 lat - 189 zł. Wymiana filtra wody do 10 lat - 299 zł. Koszt roczny od 90 zł (zważywszy na polskie zapylenie może wynosić 180-270 zł).,,"[""Tryb auto"",""Jonizator plazmowy"",""Nawilżacz ewaporacyjny""]",1,0,,,tak,nie,nie,nie,nie,nie,nie,nie,nie,"[""Oczyszczacz powietrza z nawilżaczem""]",,with_humi_ion,FALSE,[730]
32,published,,94875643-bc29-4c6b-89d0-3b59e7ddf858,2022-08-17T11:30:36.000Z,f76fde35-7e8f-49bd-893d-9706def1e294,2025-02-11T10:04:54.000Z,UA-HG60E-L,Sharp,d312d890-ef4e-4b32-a6fa-572e726131ea,2699,,,,[],,https://www.ceneo.pl/74091029#crid=532402&pid=16557,"[""nofollow"",""noopener""]",Sprawdź cenę na Ceneo.pl,408,50,51,1,vapor,1,630,,90,3,1,1,55,65,"55, 60, 65",1,120,169,plasma,1,1,1,120,,,399,1,120,279,0,,0,"[""Wi-Fi 2,4 GHZ""]",0,,6,37,66,10.4,36.2,/recenzje/sharp-ua-hg60e-l/,1,220-240,71,71,38,47,40,24,53,55,0,1,0,,399,120,279,120,"[""BAF"",""PZH""]",0,1,"[""biały""]",3,"[""1"",""2"",""3"",""4"",""timer"",""Ion Shower"",""Ion Spot"",""czujnik ruchu"",""tryb Pollen""]",0,0,0,0,0,99.95,,,,,,,,,,,,,,,,zielony,zielony,pomarańczowy,pomarańczowy,czerwony,,2025-02-11,FALSE,,,,,"[""Tryb auto"",""Nawilżacz ewaporacyjny"",""Jonizator plazmowy""]",1,0,,,tak,nie,nie,nie,nie,nie,nie,nie,nie,"[""Oczyszczacz powietrza z nawilżaczem""]",,with_humi_ion,FALSE,"[731,732,733,734]"
33,published,,94875643-bc29-4c6b-89d0-3b59e7ddf858,2022-08-17T11:45:05.000Z,f76fde35-7e8f-49bd-893d-9706def1e294,2025-02-11T10:06:18.000Z,UA-KIL60E-W,Sharp,9e9e4a5d-9e74-40b1-8484-b1c34292a4eb,3999,,,,"[""nofollow"",""noopener""]",,https://www.ceneo.pl/102105820#crid=427094&pid=16557,"[""nofollow"",""noopener""]",Sprawdź cenę na Ceneo.pl,408,50,51,1,vapor,1,660,"18,65",94,4,1,1,45,65,"45, 50, 55, 60, 65",1,120,159,plasma,1,1,1,120,,,329,1,219,120,0,,0,"[""Wi-Fi 2,4 GHZ""]",0,,5,40,68.6,10.8,33.9,/recenzje/sharp-ua-kil60e-w/,1,220-240,73,73,28,63,28,20,51,61,0,1,0,,329,120,219,120,"[""BAF"",""PZH""]",1,0,"[""biały""]",3,"[""2"",""1"",""3"",""funkcja Plasmacluster Ion Shower"",""funkcja Pollen"",""4""]",0,0,0,0,0,99.95,,,,,,,,,,,,,,,,,,,,,,2025-02-11,FALSE,,,Wymiana filtra HEPA do 10 lat - 329 zł. Wymiana filtra węglowego do 10 lat - 249 zł. Wymiana filtra wody do 10 lat - 169 zł. Wymiana generatora jonów do 10 lat - 299 zł. Koszt roczny od 100 zł (zważywszy na polskie zapylenie może wynosić 200-300 zł).,,"[""Nawilżacz ewaporacyjny"",""Jonizator plazmowy"",""Tryb auto""]",1,0,,,tak,nie,nie,nie,nie,nie,nie,nie,nie,"[""Oczyszczacz powietrza z nawilżaczem""]",,with_humi_ion,FALSE,"[735,736,737,738,739,740]"
34,published,,94875643-bc29-4c6b-89d0-3b59e7ddf858,2022-08-17T11:46:44.000Z,f76fde35-7e8f-49bd-893d-9706def1e294,2025-02-11T10:06:39.000Z,UA-KIL80E-W,Sharp,7d9dd102-6e5b-4023-a670-59f72487b1b8,4499,,,,"[""nofollow"",""noopener""]",,https://www.ceneo.pl/102078786#crid=432153&pid=16557,"[""nofollow"",""noopener""]",link do Ceneo.pl,498,62,62,1,vapor,1,700,"18,65",100,4,1,1,45,65,"45, 50, 55, 60, 65",1,120,169,plasma,1,1,1,120,,,399,1,120,219,0,,0,"[""Wi-Fi 2,4 GHZ""]",0,,6,40,69.3,11.8,35.9,/recenzje/sharp-ua-kil80e-w/,1,220-240,82,82,28,64,28,21,55,103,0,1,0,,399,120,219,120,"[""PZH"",""BAF""]",1,0,"[""biały""]",3,"[""1"",""2"",""3"",""funkcja Plasmacluster Ion Shower"",""funkcja Pollen"",""4"",""Plasmacluster Spot"",""autoczyszczenie filtra wstępnego""]",0,0,0,0,0,99.95,,,,,,,,,,,,,,,,,,,,,,2025-02-11,FALSE,,,Wymiana filtra HEPA do 10 lat - 329 zł. Wymiana filtra węglowego do 10 lat - 249 zł. Wymiana filtra wody do 10 lat - 169 zł. Wymiana generatora jonów do 10 lat - 299 zł. Koszt roczny od 100 zł (zważywszy na polskie zapylenie może wynosić 200-300 zł).,,"[""Tryb auto"",""Jonizator plazmowy"",""Nawilżacz ewaporacyjny""]",1,0,,,tak,nie,nie,nie,nie,nie,nie,nie,nie,"[""Oczyszczacz powietrza z nawilżaczem""]",,with_humi_ion,FALSE,"[741,742,743,744,745,746]"
35,published,,94875643-bc29-4c6b-89d0-3b59e7ddf858,2022-08-17T12:06:09.000Z,f76fde35-7e8f-49bd-893d-9706def1e294,2025-02-11T10:07:22.000Z,UA-KIN50E-W,Sharp,e8ef4dda-7402-49a4-97cb-12a27f1dc6f5,2699,,,,"[""nofollow"",""noopener""]",,https://www.ceneo.pl/120231605#crid=512606&pid=16557,"[""nofollow"",""noopener""]",Sprawdź cenę na Ceneo.pl,306,38,38,1,vapor,1,600,,85,2700,1,1,45,65,"45, 50, 55, 60, 65",1,120,169,plasma,1,1,1,120,,,299,1,120,228,0,,0,"[""Wi-Fi 2,4 GHZ""]",0,,5,38.4,61.9,8.2,23,/recenzje/sharp-ua-kin50e-w/,1,220-240,72,59,37,48,34,17,51,51,0,1,0,,299,120,228,120,"[""BAF"",""PZH""]",0,1,"[""biały""]",3,"[""1"",""2"",""3"",""4"","" Ion Shower"",""Tryb Pollen"",""timer (ON/OFF)""]",0,0,0,0,0,99.95,,,,,,,,,,,,,,,,,,,,,,2025-02-11,FALSE,,,,,"[""Tryb auto"",""Jonizator plazmowy"",""Nawilżacz ewaporacyjny"",""Miernik wielofunkcyjny""]",1,0,,,tak,nie,nie,nie,nie,nie,nie,nie,nie,"[""Oczyszczacz powietrza z nawilżaczem""]",,with_humi_ion,FALSE,"[747,748,749,750,751,752,753]"
36,published,,94875643-bc29-4c6b-89d0-3b59e7ddf858,2022-08-17T12:08:38.000Z,f76fde35-7e8f-49bd-893d-9706def1e294,2025-02-11T10:12:17.000Z,UA-KIN40E-W,Sharp,f72a9482-8318-4e5b-bc00-00cc90fb4c1b,2199,,,,[],,https://www.ceneo.pl/120230814#crid=512868&pid=16557,"[""nofollow"",""noopener""]",Sprawdź cenę na Ceneo.pl,240,28,30,1,vapor,1,440,,62,3,1,1,45,65,"45, 50, 55, 60, 65",1,120,179,plasma,1,1,1,120,,,129,1,120,199,0,,0,"[""Wi-Fi 2,4 GHZ""]",0,,5,38.4,61.9,8.2,23,/recenzje/sharp-ua-kin-40/,1,220-240,56,56,33,54,37,17,46,29,0,1,0,,0,,0,,"[""BAF"",""PZH""]",0,1,"[""biały""]",3,"[""1"",""2"",""3"",""4"",""tryb Pollen"",""timer (ON/OFF)"",""""]",0,0,0,0,0,99.95,,,,,,,,,,,,,,,,,,,,,,2025-02-11,FALSE,,,,,"[""Nawilżacz ewaporacyjny"",""Jonizator plazmowy"",""Tryb auto"",""Miernik wielofunkcyjny""]",1,0,,,tak,nie,nie,nie,nie,nie,nie,nie,nie,"[""Oczyszczacz powietrza z nawilżaczem""]",,with_humi_ion,FALSE,[]
37,published,,94875643-bc29-4c6b-89d0-3b59e7ddf858,2022-08-23T09:36:02.000Z,ce682939-7d3b-4f32-85de-df7f56fffb04,2024-12-10T08:21:50.000Z,Storm,Coway,2cb5e97c-9f1a-4b48-89ac-6771238ff60d,1799,,,,[],,https://www.ceneo.pl/83748063#crid=522855&pid=16557,"[""nofollow"",""noopener""]",Sprawdź cenę na Ceneo.pl,492,70,62,0,,0,,,,,0,0,,,,0,,,,0,1,1,12,,,,1,12,,0,,0,"[""Wi-Fi 2,4 GHZ""]",0,,5,41,76.5,12,24,/recenzje/coway-storm/,0,220-240,,61,,,52,22,44,65,0,1,0,,379,2,379,12,,laserowy,1,"[""biały""]",3,"[""timer"",""regulacja kierunku przepływu powietrza"",""2"",""1"",""tryb Eco""]",,,,0,0,99.95,,,,,,,,,,Dobre,Średnie,Złe,Bardzo złe,,,zielony,niebieski,żółty,czerwony,,,2024-12-10,FALSE,,,Wymiana zestawu filtrów co 2 lata - 439 zł. Roczny koszt od 219 zł.,,"[""Tryb auto""]",nie,nie,,,tak,nie,nie,nie,tak,tak,tak,nie,nie,,,just_purifier,FALSE,"[411,412,413,414,415,416]"
38,published,,94875643-bc29-4c6b-89d0-3b59e7ddf858,2022-08-23T09:52:31.000Z,ce682939-7d3b-4f32-85de-df7f56fffb04,2024-08-09T12:22:02.000Z,Airmega 300S,Coway,02275aa4-48b1-46d3-b333-e86c7f4c4849,2299,,,,[],,https://www.ceneo.pl/84648607#crid=522853&pid=16557,"[""noopener"",""nofollow""]",Sprawdź cenę na Ceneo.pl,490,70,61,0,,0,,,,,0,0,,,,0,,,,0,1,1,12,,,,1,12,,0,,1,"[""Wi-Fi 2,4 GHZ""]",0,,6,34.5,53.2,12,34.5,/recenzje/coway-airmega-300s/,0,220-240,64,64,43,33,43,22,50,58,0,1,0,,299,12,299,12,"[""ECARF"",""PZH""]",0,1,"[""biały""]",3,"[""2"",""1"",""4"",""timer"",""tryb Eco""]",,,,,0,99.95,,,,,,,,,,dobre,średnie,złe,bardzo złe,,,niebieski,zielony,żółty,czerwony,,,2024-08-09,FALSE,,,Wymiana filtrów HEPA i węglowego co 1 rok - 299 zł. Koszt roczny od 299 zł.,,"[""Tryb auto"",""Sterowanie smartfonem""]",1,0,,,tak,nie,nie,nie,nie,tak,tak,nie,nie,,,,FALSE,"[417,418,419]"
39,published,,94875643-bc29-4c6b-89d0-3b59e7ddf858,2022-08-23T09:59:43.000Z,ce682939-7d3b-4f32-85de-df7f56fffb04,2024-08-09T10:46:12.000Z,Classic,Coway,3f1fce8b-b1db-4e02-8109-8bd6cc392534,1299,,,,"[""nofollow"",""noopener""]",,https://www.ceneo.pl/83748071#crid=522854&pid=16557,"[""nofollow"",""noopener""]",Sprawdź cenę na Ceneo.pl,300,40,37,0,,0,,,,,0,0,,,,0,,,,0,1,1,12,,,,1,12,,0,,0,"[""Wi-Fi 2,4 GHZ""]",0,,4,37.6,64.1,7.25,18.3,/recenzje/coway-classic/,0,220-240,35,35,44,29,42,22,47,38,0,1,0,,209,12,,12,"[""ECARF"",""PZH""]",0,1,"[""biały""]",3,"[""1"",""2"",""3"",""tryb eco"",""4""]",1,1,1,0,1,99.5,,,,0-21,22-40,41-76,77-300,,,dobre,średnie,złe,bardzo złe,,,niebieski,turkosowy,żółty,czerwony,,,2024-08-09,FALSE,,,Zestaw filtrów HEPA + węglowy co 12 miesięcy - 209 zł. Filtr wstępny (w przypadku zniszczenia) - 44 zł. Roczny koszt od 209 zł.,,"[""Tryb auto""]",1,0,,,tak,nie,nie,nie,nie,nie,nie,nie,nie,,,,FALSE,"[423,424,425,426,427]"
40,published,,94875643-bc29-4c6b-89d0-3b59e7ddf858,2022-08-23T10:18:22.000Z,f76fde35-7e8f-49bd-893d-9706def1e294,2025-02-11T10:55:10.000Z,Hue&Healing,Coway,ade50752-3c58-4111-bb36-ebc4001cb25f,1799,,,,[],,https://www.ceneo.pl/102768070#crid=480795&pid=16557,"[""nofollow"",""noopener""]",Sprawdź cenę na Ceneo.pl,270,35,34,1,vapor,0,450,,64,2,1,0,,,,1,12,89,,0,1,1,18,,,99,1,18,119,0,,0,"[""Wi-Fi 2,4 GHZ""]",0,,6,41.1,51.5,10,27.2,/recenzje/coway-hue-healing/,0,220-230,48,48,42,34,42,22,43,29,0,1,0,,99,18,117,18,,0,1,"[""beżowy""]",5,"[""1"",""2"",""timer"",""3"",""regulacja czułości czujnka pyłów""]",,,0,0,1,99.5,,,,,,,,,,,,,,,,,,,,,,2025-02-11,FALSE,,,"Wymienny filtr HEPA H13 (2 filtry w paczce) – cena 99 zł, żywotność do 12-18 mies
Wymienny filtr węglowy – cena 119 zł, żywotność do 12-18 mies.
Wymienny filtr nawilżacza – cena 99 zł, żywotność do 6-12 mies.",,"[""Nawilżacz ewaporacyjny"",""Tryb auto""]",1,0,,,tak,nie,nie,nie,nie,nie,nie,nie,nie,"[""Oczyszczacz powietrza z nawilżaczem""]",,with_humi,FALSE,"[420,421,422]"
41,published,,94875643-bc29-4c6b-89d0-3b59e7ddf858,2022-08-23T12:11:53.000Z,f76fde35-7e8f-49bd-893d-9706def1e294,2024-11-06T15:00:49.000Z,AMF220/15 3w1 Pure Breeze&Hot,Philips,585745ca-fe6f-4eba-8509-f8083a75852f,699,,,,[],,https://www.ceneo.pl/104973062#crid=465889&pid=16557,"[""noopener"",""nofollow""]",,165,20,21,0,,0,,,,,0,0,,,,0,,,,0,1,1,24,,,339,1,,,0,,0,"[""Wi-Fi 2,4 GHZ""]",1,,7,25,59,4.9,25,/recenzje/philips-amf220-15/,0,220–240,,6,,79,12,35,49,25,1,,0,,0,,0,,,1,0,"[""czarny""]",3,"[""funkcja ogrzewania powietrza"",""oscylacja głowicy (350°)""]",1,1,1,1,0,99.95,,,,0-12,13-35,36-55,Ponad 55,,,Dobra jakość powietrza,Przeciętna jakość powietrza,Zła jakość powietrza,Bardzo zła jakość powietrza,,,Niebieski,Fuksjowy,Czerwony,Brunatnoczerwony,,,2024-11-06,FALSE,,,Wymiana filtra HEPA z węglowym do 2 lat - 309 zł. Koszt roczny od około 159 zł.,,"[""Tryb auto"",""Pilot""]",tak,nie,,,nie,nie,nie,nie,nie,nie,nie,nie,nie,,,,FALSE,"[572,573,574,575,576]"
44,published,,94875643-bc29-4c6b-89d0-3b59e7ddf858,2022-08-24T08:28:54.000Z,ce682939-7d3b-4f32-85de-df7f56fffb04,2024-12-11T08:53:59.000Z,Dual Scan AC3854/50,Philips,d2879211-88d9-4e4d-a19a-2d1aee798986,2289,,,,"[""nofollow"",""noopener""]",,https://www.ceneo.pl/88152184#crid=532406&pid=16557,"[""noopener"",""nofollow""]",,610,73,76,0,,0,,,,,0,0,,,,0,,,,0,1,1,36,,,339,1,,,0,,1,"[""Wi-Fi 2,4 GHZ""]",0,,4.1,37,78.4,9.4,36.6,/recenzje/philips-dual-scan-ac3858-50-i-philips-dual-scan-ac3854-50/,0,220-240,56,78,41,39,83,34,65,53,1,,0,,0,,0,,,1,0,"[""srebrny""]",4,"[""2"",""4"",""1"",""6""]",0,1,1,0,0,99.95,,"Maksymalnie: poniżej 65 dB, prędkość 2: poniżej 50 dB","4,1-53,1",0-12,13-35,36-55,Ponad 55,,,Dobra jakość powietrza,Średnia jakość powietrza,Zła jakość powietrza,Bardzo zła jakość powietrza,,,Niebieski,Niebieskofioletowy,Fioletowoczerwony,Czerwony,,,2024-12-11,FALSE,,,Wymiana filtra zintegrowanego co 3 lata - 379 zł. Roczny koszt od 126 zł.,,"[""Tryb auto"",""Sterowanie smartfonem"",""Czujnik LZO""]",1,0,,,nie,nie,nie,nie,nie,tak,tak,nie,nie,,,,FALSE,[]
45,published,,94875643-bc29-4c6b-89d0-3b59e7ddf858,2022-08-24T08:54:45.000Z,ce682939-7d3b-4f32-85de-df7f56fffb04,2024-08-09T12:14:22.000Z,AC3829/10,Philips,3319be4f-ad0b-4866-b9cc-d6cae58365e3,1999,,,,"[""nofollow"",""noopener""]",link do Ceneo.pl,https://www.ceneo.pl/63524228#crid=240277&pid=16557,"[""nofollow"",""noopener""]",,310,37,39,1,vapor,1,600,,,3500,1,1,40,60,"40, 50, 60",1,12,98,,0,1,1,,,,,1,,,0,,1,"[""Wi-Fi 2,4 GHZ""]",0,,,42.4,69.3,5.7,29.5,https://ranking-oczyszczaczy.pl/recenzje/philips-ac3829-10/,0,220-240,44,44,34,,34,32,62,45,0,1,0,,179,24,149,12,,1,0,"[""biały""]",3,"[""1"",""2"",""3"",""4"",""6"",""timer""]",1,1,0,1,0,99.95,,,,0-12,13-35,36-55,Ponad 55,,,Dobra jakość powietrza,Umiarkowana jakość powietrza,Zła jakość powietrza,Bardzo zła jakość powietrza,,,Niebieski,Niebieskofioletowy,Fioletowoczerwony,Czerwony,,,2024-08-09,FALSE,,,,,"[""Tryb auto"",""Nawilżacz ewaporacyjny"",""Miernik wielofunkcyjny"",""Sterowanie smartfonem""]",1,0,,,nie,nie,nie,nie,nie,tak,tak,nie,nie,,,,FALSE,"[673,674,675,676,677,678,679,680,681,682]"
46,published,,94875643-bc29-4c6b-89d0-3b59e7ddf858,2022-08-24T09:06:27.000Z,94875643-bc29-4c6b-89d0-3b59e7ddf858,2023-01-12T12:10:58.000Z,AC1214/10,Philips,743415d7-9d87-4db3-86c8-5be44e662177,1219,,,,"[""nofollow"",""noopener""]",,https://www.ceneo.pl/59187315#crid=228769&pid=16557,"[""nofollow"",""noopener""]",link do Ceneo.pl,270,32,34,0,,0,,,,,0,0,,,,0,,,,0,1,1,,,,,1,,,0,,1,"[""Wi-Fi 2,4 GHZ""]",0,,,32.5,54.3,6.64,21,https://ranking-oczyszczaczy.pl/recenzje/philips-ac1214-10/,0,220-240,,0,,,0,32,62,50,0,1,0,,148,24,89,12,,1,0,"[""biały""]",4,"[""2"",""1"",""3"",""4"",""6"",""timer""]",1,1,1,1,0,99.95,,,,,,,,,,,,,,,,,,,,,,2023-01-12,TRUE,,,,,,1,0,,,nie,nie,nie,nie,nie,nie,nie,nie,nie,,,,FALSE,"[656,657,658,659]"
48,published,,94875643-bc29-4c6b-89d0-3b59e7ddf858,2022-08-24T09:34:49.000Z,f76fde35-7e8f-49bd-893d-9706def1e294,2024-11-06T14:47:09.000Z,AC2729/51,Philips,edcc99ea-65da-4065-aa03-f53c5f422ff8,1599,,,,"[""nofollow"",""noopener""]",,https://www.ceneo.pl/72385965#crid=293919&pid=16557,"[""nofollow"",""noopener""]",link do Ceneo.pl,250,30,31,1,vapor,1,500,,,2000,1,1,40,60,"40, 50, 60",1,12,69,,0,1,1,,,,,1,,,0,,1,"[""Wi-Fi 2,4 GHZ""]",0,,6,39.6,58,,23,https://ranking-oczyszczaczy.pl/recenzje/philips-ac2729-50/,0,220-240,36,36,31,57,34,40,58,24.5,0,1,0,,169,24,99,12,,1,0,"[""biały""]",3,"[""1"",""2"",""3"",""4"",""6"",""timer""]",1,1,0,1,0,99.95,,"Maksymalnie: ponad 57 dB, 3 prędkość: ponad 54 dB","5,9-24,5",0-12,13-35,35-55,Ponad 55,,,Dobra jakość powietrza,Umiarkowana jakość powietrza,Zła jakość powietrza,Bardzo zła jakość powietrza,,,Niebieski,Niebieskofioletowy,Fioletowoczerwony,Czerwony,,,2024-11-06,FALSE,,,Wymiana filtra HEPA co 1 rok - 159 zł. Wymiana filtra węglowego co 1 rok - 119 zł. Wymiana filtra nawilżacza co 2 lata - 59 zł. Roczny koszt od 307 zł.,,"[""Nawilżacz ewaporacyjny"",""Sterowanie smartfonem"",""Tryb auto""]",1,0,,,tak,nie,nie,nie,nie,nie,nie,nie,nie,"[""Oczyszczacz powietrza z nawilżaczem""]",,,FALSE,"[660,661,662,663,664,665,666,667,668,669,670,671,672]"
49,published,,94875643-bc29-4c6b-89d0-3b59e7ddf858,2022-08-24T09:42:37.000Z,94875643-bc29-4c6b-89d0-3b59e7ddf858,2023-01-12T12:10:47.000Z,AC1215/10,Philips,d7a7c9ea-823a-4652-9c20-752e9d2a0080,873,,,,"[""nofollow"",""noopener""]",,https://www.ceneo.pl/57382115#crid=163426&pid=16557,"[""nofollow"",""noopener""]",link do Ceneo.pl,270,32,34,0,,0,,,,,0,0,,,,0,,,,0,1,1,,,,,1,,,0,,0,"[""Wi-Fi 2,4 GHZ""]",0,,,32.5,54.1,5.34,21.1,https://ranking-oczyszczaczy.pl/recenzje/philips-ac1215-10/,0,220-240,,0,,,0,33,60,50,0,1,0,,148,24,89,12,,1,0,"[""biały""]",4,"[""1"",""2"",""3"",""4"",""timer""]",1,1,1,1,0,99.95,,,,,,,,,,,,,,,,,,,,,,2023-01-12,TRUE,,,,,,1,0,,,nie,nie,nie,nie,nie,nie,nie,nie,nie,,,,FALSE,"[653,654,655]"
51,published,,94875643-bc29-4c6b-89d0-3b59e7ddf858,2022-08-24T09:59:23.000Z,ce682939-7d3b-4f32-85de-df7f56fffb04,2024-09-10T15:11:12.000Z,AC5659/10,Philips,56c469e4-2cdb-4de5-a174-7d3b26c1ffff,1499,,,,"[""nofollow"",""noopener""]",,https://www.ceneo.pl/63490514#crid=331540&pid=16557,"[""nofollow"",""noopener""]",,500,60,63,0,,0,,,,,0,0,,,,0,,,,0,1,1,,,,,1,,,0,,1,"[""Wi-Fi 2,4 GHZ""]",0,,,33.5,45,8.8,32,https://ranking-oczyszczaczy.pl/recenzje/philips-ac5659-10/,0,220-240,52,52,42,35,53,35,62,82,0,1,0,,24,319,12,217,,1,0,"[""biały""]",5,"[""1"",""2"",""3"",""4"",""6""]",0,1,1,1,0,99.95,,,,0-12,13-35,36-55,Ponad 55,,,Dobra jakość powietrza,Średnia jakość powietrza,Zła jakość powietrza,Bardzo zła jakość powietrza,,,Niebieski,Niebieskofioletowy,Fioletowoczerwony,Czerwony,,,2024-09-10,TRUE,,,Wymiana filtra HEPA co 2 lata - 349 zł. Wymiana filtra węglowego co 1 rok - 249 zł. Roczny koszt od ok. 424 zł.,,"[""Tryb auto"",""Sterowanie smartfonem""]",1,0,,https://staging.ranking-oczyszczaczy.pl/wp-content/uploads/PHILIPS-AC5659_10.png,nie,nie,nie,nie,nie,nie,nie,nie,nie,,,,FALSE,"[599,600,601,602]"
52,published,,94875643-bc29-4c6b-89d0-3b59e7ddf858,2022-08-24T10:05:03.000Z,ce682939-7d3b-4f32-85de-df7f56fffb04,2024-08-09T12:20:21.000Z,AC6608/10,Philips,682fd42e-4629-4d82-a196-97e97a2ec804,3299,,,,"[""nofollow"",""noopener""]",,https://www.ceneo.pl/63665217#crid=209702&pid=16557,"[""nofollow"",""noopener""]",link do Ceneo.pl,657,78,82,0,,0,,,,,0,0,,,,0,,,,0,1,1,,,,,1,,,0,,0,"[""Wi-Fi 2,4 GHZ""]",0,,,50.6,60.8,10.7,40.2,https://ranking-oczyszczaczy.pl/recenzje/philips-ac6608-10/,0,220-240,71,71,35,,35,36,65,82,0,1,0,,24,449,12,239,,1,0,"[""biały""]",4,"[""2"",""1"",""3"",""4""]",1,1,1,1,0,99.95,,,,0-12,13-35,36-55,Ponad 55,,,Dobra jakość powietrza,Umiarkowana jakość powietrza,Zła jakość powietrza,Bardzo zła jakość powietrza,,,Niebieski,Niebieskofioletowy,Fioletowoczerwony,Czerwony,,,2024-08-09,TRUE,,,,,,1,0,,,nie,nie,nie,nie,nie,tak,tak,nie,nie,,,,FALSE,"[595,596,597,598]"
53,published,,94875643-bc29-4c6b-89d0-3b59e7ddf858,2022-08-24T10:16:38.000Z,ce682939-7d3b-4f32-85de-df7f56fffb04,2024-08-09T10:47:26.000Z,AC3055/50,Philips,441a1dce-f4d5-4639-b4f2-df9d15e03c9e,2539,,,,[],,https://www.ceneo.pl/88244779#crid=355992&pid=16557,"[""noopener"",""nofollow""]",,520,62,65,0,,0,,,,,0,0,,,,0,,,,0,1,1,36,,,289,1,,,0,,1,"[""Wi-Fi 2,4 GHZ""]",0,,,29.5,65.7,8.6,29.5,https://ranking-oczyszczaczy.pl/recenzje/philips-ac3055-50/,0,220-240,43,65,43,31,39,34,70,58,1,,0,,0,,0,,,1,0,"[""srebrny""]",4,"[""2"",""1"",""4"",""6""]",0,1,1,0,0,99.95,,,,0-12,13-35,36-55,Ponad 55,,,Dobra zła jakość powietrza,Umiarkowana jakość powietrza,Zła jakość powietrza,Bardzo zła jakość powietrza,,,Niebieski,Niebieskofioletowy,Fioletowoczerwony,Czerwony,,,2024-08-09,FALSE,,,Wymiana filtra co 3 lata - 359 zł. Roczny koszt od 119 zł.,,"[""Tryb auto"",""Sterowanie smartfonem"",""Czujnik LZO""]",1,0,,,tak,nie,nie,nie,nie,nie,nie,nie,nie,,,,FALSE,"[642,643,644]"
54,published,,94875643-bc29-4c6b-89d0-3b59e7ddf858,2022-08-25T10:35:22.000Z,ce682939-7d3b-4f32-85de-df7f56fffb04,2024-10-08T13:49:43.000Z,U450,Winix,5c6fcdb6-5f06-4108-9ea3-ef322a577e55,1619,,,,"[""nofollow"",""noopener""]",,https://www.ceneo.pl/43402440#crid=296794&pid=16557,"[""noopener"",""nofollow""]",,492,98,62,0,,0,,,,,0,0,,,,0,,,plasma,1,1,1,12,,,,1,12,,0,,0,"[""Wi-Fi 2,4 GHZ""]",1,,10,44,65,8,26,https://ranking-oczyszczaczy.pl/recenzje/winix-u450/,1,220-240,61,61,58,,58,27,60,110,,,0,,0,,0,,,,,"[""biały""]",,,,,,,0,99.95,,,,,,,,,,,,,,,,,,,,,,2024-10-08,TRUE,,,,,,1,0,,,nie,nie,nie,nie,nie,nie,nie,nie,nie,,,,FALSE,[]
55,published,,94875643-bc29-4c6b-89d0-3b59e7ddf858,2022-08-25T10:40:39.000Z,309a04ad-6ef4-473d-a546-8f933d59bfd8,2024-09-30T12:39:34.000Z,U300,Winix,df2d6a76-f51b-46cd-be17-7912cc77dfe7,1319,,,,"[""nofollow"",""noopener""]",,https://www.ceneo.pl/43402439#crid=296851&pid=16557,"[""nofollow"",""noopener""]",,330,66,41,0,,0,,,,,0,0,,,,0,,,plasma,1,1,1,12,,,,1,12,,0,,0,"[""Wi-Fi 2,4 GHZ""]",1,,4,41.5,55,7,22,https://ranking-oczyszczaczy.pl/oczyszczacze-powietrza-winix/,1,220-240,43,43,50,,50,26,55,60,,,0,,0,,0,,,,,"[""biały""]",,,,,,,0,99.95,,,,,,,,,,,,,,,,,,,,,,2024-09-30,FALSE,,,,,,1,0,,,nie,nie,nie,nie,nie,nie,nie,nie,nie,,,,FALSE,[]
56,published,,94875643-bc29-4c6b-89d0-3b59e7ddf858,2022-08-25T11:15:04.000Z,309a04ad-6ef4-473d-a546-8f933d59bfd8,2024-09-30T12:39:28.000Z,Zero N,Winix,7312815c-81d0-446f-8fc3-aa61f9c12a17,768,,,,"[""nofollow"",""noopener""]",,https://www.ceneo.pl/73369590#crid=297455&pid=16557,"[""noopener"",""nofollow""]",,299,45,37,0,,0,,,,,0,0,,,,0,,,,0,1,1,12,,,,1,12,,0,,0,"[""Wi-Fi 2,4 GHZ""]",0,,3,35,47,,20.7,https://ranking-oczyszczaczy.pl/recenzje/winix-zero-n/,0,,21,21,42,,42,26,47,40,,,0,,0,,0,,,,,"[""biały""]",,,,,,,0,99.95,,,,,,,,,,,,,,,,,,,,,,2024-09-30,FALSE,,,,,,1,0,,,nie,nie,nie,nie,nie,nie,nie,nie,nie,,,,FALSE,[]
57,published,,94875643-bc29-4c6b-89d0-3b59e7ddf858,2022-08-25T11:20:40.000Z,f76fde35-7e8f-49bd-893d-9706def1e294,2024-11-18T09:45:00.000Z,P150,Winix,5d6d9b22-881b-4027-828c-028e6ccfcc25,699,,,,"[""dofollow""]",,https://www.ceneo.pl/43005055#cid=25918&crid=289337&pid=16557,"[""nofollow"",""noopener""]",,168,35,21,0,,0,,,,,0,0,,,,0,,,plasma,1,1,1,12,,,,1,3,,0,,0,"[""Wi-Fi 2,4 GHZ""]",0,,4,35,47,6,21,https://ranking-oczyszczaczy.pl/recenzje/winix-p150/,1,220-230,21,21,32,56,59,26,52,40,,,0,,0,,0,,,,,"[""biały""]",,,,,,,0,99.95,,,,,,,,,,,,,,,,,,,,,,2024-11-18,FALSE,,,Zestaw filtrów (HEPA + węglowy) co 12 mies - od 125 zł. Koszt roczny 125 zł.,,"[""Tryb auto"",""Jonizator plazmowy""]",1,0,,,nie,nie,nie,nie,nie,nie,nie,nie,nie,,,,FALSE,[]
60,published,,94875643-bc29-4c6b-89d0-3b59e7ddf858,2022-08-25T11:43:53.000Z,f76fde35-7e8f-49bd-893d-9706def1e294,2024-11-06T14:19:53.000Z,Roger 2,Stadler Form,436bd7e7-649b-4dc1-863b-ddeb773312d6,1999,,,,"[""nofollow"",""noopener""]",,https://www.ceneo.pl/115315092#crid=523776&pid=16557,"[""noopener"",""nofollow""]",,465,66,58,0,,0,,,,,0,0,,,,0,,,,0,1,1,12,,,,1,12,,0,,1,"[""Wi-Fi 2,4 GHZ""]",0,,4,42,51.5,6.8,20,https://ranking-oczyszczaczy.pl/recenzje/stadler-form-roger-2/,0,220-240,59,59,59,6,47,28,65,100,,,0,,0,,0,,,,,"[""czarny""]",,,,,,,1,99.5,,,,,,,,,,,,,,,,,,,,,,2024-11-06,FALSE,,,"Filtr Dual Filtr do Stadler Form Roger 2 – 329 zł, żywotność 8-12 mies.",,"[""Sterowanie smartfonem"",""Czujnik LZO"",""Tryb auto""]",1,0,,,tak,nie,nie,nie,nie,nie,tak,nie,nie,,,just_purifier,FALSE,"[553,554]"
61,published,,94875643-bc29-4c6b-89d0-3b59e7ddf858,2022-08-25T11:47:23.000Z,ce682939-7d3b-4f32-85de-df7f56fffb04,2024-09-12T06:17:05.000Z,Roger Little 2,Stadler Form,06e1e9b2-7142-4526-bbe1-3ec68c265e6c,1299,,,,"[""nofollow"",""noopener""]",,https://www.ceneo.pl/115315191#crid=493160&pid=16557,"[""nofollow"",""noopener""]",,249,33,31,0,,0,,,,,0,0,,,,0,,,,0,1,1,12,,,,1,12,,0,,0,"[""Wi-Fi 2,4 GHZ""]",0,,3,33,45,4.7,17,https://ranking-oczyszczaczy.pl/recenzje/stadler-form-roger-little-2-2/,0,220-240,45,31,42,37,36,28,59,40,,,0,,0,,0,,,,,"[""biały"",""szary""]",,,,,,,1,99.5,,,,,,,,,,,,,,,,,,,,,,2024-09-12,FALSE,,,Wymiana zintegrowanego filtra co 8-12 m-cy - 259 zł. Koszt roczny od 259 zł.,,"[""Tryb auto""]",1,0,,,tak,nie,nie,nie,nie,nie,nie,nie,nie,,,,FALSE,[]
62,published,,94875643-bc29-4c6b-89d0-3b59e7ddf858,2022-08-25T12:09:50.000Z,f76fde35-7e8f-49bd-893d-9706def1e294,2024-11-06T14:55:51.000Z,LA503,LIFAair,1e4f7ddb-5e6c-4de7-aa9b-ba32d2a2e947,3999,,Loveair.pl,https://loveair.pl/oczyszczacz/lifaair-la503,"[""nofollow"",""noopener""]",,https://www.ceneo.pl/58812838#cid=25918&crid=250280&pid=16557,"[""nofollow"",""noopener""]",,450,54,56,0,,0,,,,,0,0,,,,0,,,,0,1,1,36,,,569,1,60,599,0,,1,"[""Wi-Fi 2,4 GHZ""]",0,,1,30,80,14.6,30,https://ranking-oczyszczaczy.pl/recenzje/lifaair-la502/,0,220-240,71,71,26,67,27,19,50,60,,,0,,0,,0,,,,,"[""biały""]",,,,,,,1,99.5,,,,,,,,,,,,,,,,,,,,,,2024-11-06,FALSE,,,Wymiana filtra HEPA do 3 lat - 499 zł. Wymiana filtra węglowego do 10 lat - 699 zł. Koszt roczny od 236 zł.,,"[""Sterowanie smartfonem"",""Miernik wielofunkcyjny"",""Tryb auto""]",1,0,,,tak,nie,nie,nie,nie,nie,nie,nie,nie,,,,FALSE,[]
63,published,,94875643-bc29-4c6b-89d0-3b59e7ddf858,2022-08-25T12:37:41.000Z,94875643-bc29-4c6b-89d0-3b59e7ddf858,2024-11-18T09:08:41.000Z,LA333,LIFAair,6702cc17-afbd-406e-a369-e9ee3acc077e,2749,,Homespot.pl,https://homespot.pl/lifaair-la352-oczyszczacz-powietrza?utm_source=ro,"[""dofollow""]",,https://www.ceneo.pl/58812836#cid=25918&crid=250278&pid=16557,"[""nofollow"",""noopener""]",,332,39,42,0,,0,,,,,0,0,,,,0,,,,0,1,1,36,,,299,1,60,359,0,,1,"[""Wi-Fi 2,4 GHZ""]",0,,1,25,50.5,10,25,https://ranking-oczyszczaczy.pl/recenzje/lifaair-la352/,0,220-240,56,56,26,65,31,18,50,45,,,0,,0,,0,,,,,"[""biały""]",,"[""2"",""4"",""Autodiagnoza awarii""]",,,,,1,99.5,,,,,,,,,,,,,,,,,,,,,,2024-11-18,FALSE,,,,,"[""Tryb auto"",""Miernik wielofunkcyjny""]",1,0,,,tak,nie,nie,nie,nie,nie,nie,nie,nie,,,,FALSE,[]
73,published,,94875643-bc29-4c6b-89d0-3b59e7ddf858,2023-01-04T08:27:56.000Z,309a04ad-6ef4-473d-a546-8f933d59bfd8,2024-09-30T12:42:14.000Z,Air Purifier 4 Lite,Xiaomi,f5987959-5129-4d69-9775-0d18ea9fbde7,555,,,,"[""nofollow"",""noopener""]",,https://www.ceneo.pl/125879945#crid=542466&pid=16557,"[""nofollow"",""noopener""]",link do sklepu Ceneo.pl,360,43,,0,,0,,,,,0,0,,,,0,,,,0,1,1,12,,,167,1,,,0,,1,"[""Wi-Fi 2,4 GHZ""]",0,,,24,53,4.8,24,https://ranking-oczyszczaczy.pl/recenzje/xiaomi-air-purifier-4-lite/,0,110-240,,10,,,10,33,61,33,1,,,,,,,,,0,0,"[""biały""]",3,"[""1"",""2"",""3"",""4"",""5"",""6""]",1,0,0,1,0,99.95,,,"3,4-34,4",0-20,21-35,36-55,Powyżej 55,,,Czyste powietrze,Lekko zanieczyszczone powietrze,Umiarkowanie zanieczyszczone powietrze,Silnie zanieczyszczone powietrze,,,Zielony,Żółty,Pomarańczowy,Czerwony,,,2024-09-30,FALSE,,,,,,1,0,,,nie,nie,nie,nie,nie,nie,nie,nie,nie,,,,FALSE,"[85,86,87,88,89,90,91,92,93,94,95,96,97,98,99,100,237]"
74,published,,94875643-bc29-4c6b-89d0-3b59e7ddf858,2023-01-04T08:41:30.000Z,309a04ad-6ef4-473d-a546-8f933d59bfd8,2024-09-30T12:42:08.000Z,Air Purifier 4,Xiaomi,37edde64-5fd8-4c34-8337-00f9893ed9d1,774,,,,"[""nofollow"",""noopener""]",,https://www.ceneo.pl/124658322#crid=508353&pid=16557,"[""nofollow"",""noopener""]",link do sklepu Ceneo.pl,400,48,,0,,0,,,,,0,0,,,,0,,,plasma,1,0,1,12,,,169,1,,,0,,1,"[""Wi-Fi 2,4 GHZ""]",0,,,25,55.5,5.6,24,https://ranking-oczyszczaczy.pl/recenzje/xiaomi-air-purifier-4/,1,110-240,,0,,,0,32,63,30,,,,,,,,,,0,0,"[""biały""]",4,"[""1"",""2"",""3"",""4"",""5"",""6""]",1,0,0,1,0,99.95,,"Prędkość maksymalna: 62,5 dB, prędkość 3: 52,5 dB","3,8-29,5",0-20,21-35,36-55,Powyżej 55,,,Czyste powietrze,Lekko zanieczyszczone powietrze,Umiarkowanie zanieczyszczone powietrze,Silnie zanieczyszczone powietrze,,,Zielony,Żółty,Pomarańczowy,Czerwony,,,2024-09-30,FALSE,,,,,,1,0,,,nie,nie,nie,nie,nie,nie,nie,nie,nie,,,,FALSE,"[101,102,103,104,105,106,107,108,109,110,111,112,113,114,115,116,117,118,119,120,121,122,238]"
75,published,,94875643-bc29-4c6b-89d0-3b59e7ddf858,2023-01-04T09:11:18.000Z,309a04ad-6ef4-473d-a546-8f933d59bfd8,2024-09-30T12:42:03.000Z,Air Purifier 4 Pro,Xiaomi,8d35b755-e399-4115-b973-ec333f25648b,1148,,,,"[""nofollow"",""noopener""]",,https://www.ceneo.pl/121790193#crid=504662&pid=16557,"[""nofollow"",""noopener""]",link do sklepu Ceneo.pl,500,60,50,0,,0,,,,,0,0,,,,0,,,plasma,1,0,1,18,,,219,1,,,0,,1,"[""Wi-Fi 2,4 GHZ""]",0,,,27.5,68,6.8,27.5,https://ranking-oczyszczaczy.pl/recenzje/xiaomi-air-purifier-4-pro/,1,110-240,,0,,,0,34,65,30,1,,,,,,,,,0,0,"[""biały""]",4,"[""1"",""2"",""3"",""4"",""5"",""6""]",1,0,0,1,0,99.95,,"Prędkość maksymalna: 66 dB, prędkość 3: 56 dB",6-27,0-20,21-35,36-55,Powyżej 55,,,Czyste powietrze,Lekko zanieczyszczone powietrze,Umiarkowanie zanieczyszczone powietrze,Silnie zanieczyszczone powietrze,,,Zielony,Żółty,Pomarańczowy,Czerwony,,,2024-09-30,FALSE,,,,,,1,0,,,nie,nie,nie,nie,nie,nie,nie,nie,nie,,,,FALSE,"[166,167,168,169,170,171,172,173,174,175,176,177,178,179,180,181,182,183,184,239]"
76,published,,94875643-bc29-4c6b-89d0-3b59e7ddf858,2023-01-04T09:43:24.000Z,309a04ad-6ef4-473d-a546-8f933d59bfd8,2024-09-30T12:41:52.000Z,Air Purifier 3H,Xiaomi,0a7a2ea6-50db-473c-9197-3ced6ee8d2b9,749,,,,"[""nofollow"",""noopener""]",,https://www.ceneo.pl/117205811#crid=522861&pid=16557,"[""noopener"",""nofollow""]",link do sklepu Ceneo.pl,380,48,48,0,,0,,,,,0,0,,,,0,,,,0,1,1,6,,,148,1,,,0,,1,"[""Wi-Fi 2,4 GHZ""]",0,,,24,54,4.8,24,https://ranking-oczyszczaczy.pl/recenzje/xiaomi-air-purifier-3/,0,110-240,,0,,,0,32,64,38,1,,,,,,,,,0,0,"[""biały""]",4,"[""1"",""2"",""3"",""4"",""5"",""6""]",1,0,0,1,0,99.95,,"2 prędkość: powyżej 56 db, 3 prędkość: powyżej 62 dB, Tryb Ulubiony (Turbo): 64,5","Tryb Sleep: 2,2 W, 1 prędkość: 2,3 W, 2 prędkość: 15 W, 3 prędkość: 26,2 W, Tryb Ulubiony (Turbo): 38,4 W",Do 75,75-150,Ponad 150,,,,Dobra jakość powietrza,Umiarkowana jakość powietrza,Zła jakość powietrza,,,,Zielony,Pomarańczowy,Czerwony,,,,2024-09-30,FALSE,,,,,,1,0,,,nie,nie,nie,nie,nie,nie,nie,nie,nie,,,,FALSE,"[185,186,187,188,189,190,191,192,193,194,195,196,197,241]"
77,published,,94875643-bc29-4c6b-89d0-3b59e7ddf858,2023-01-04T10:11:24.000Z,94875643-bc29-4c6b-89d0-3b59e7ddf858,2024-09-10T09:41:09.000Z,Air Purifier Pro H,Xiaomi,79d283fa-55a1-4697-8427-f24a617d1a14,1099,,,,"[""nofollow"",""noopener""]",,https://www.ceneo.pl/99060135#crid=430763&pid=16557,"[""nofollow"",""noopener""]",link do sklepu Ceneo.pl,600,72,75,0,,0,,,,,0,0,,,,0,,,,0,1,1,14,,,228,1,,,0,,1,"[""Wi-Fi 2,4 GHZ""]",0,,,31,73.8,9.6,31,https://ranking-oczyszczaczy.pl/recenzje/xiaomi-pro-h/,0,110-240,,67,,,54,31,61,60,1,,,,,,,,,0,0,"[""biały""]",4,"[""1"",""2"",""3"",""4"",""5"",""6""]",1,0,0,1,0,99.95,,Maksymalnie: 68 db,"4,4-67,4",Do 75,75-150,Ponad 150,,,,Dobra jakość powietrza,Umiarkowana jakość powietrza,Zła jakość powietrza,,,,Zielony,Pomarańczowy,Czerwony,,,,2024-09-10,FALSE,,,,,"[""Tryb auto"",""Sterowanie smartfonem""]",nie,0,,,nie,nie,nie,nie,tak,nie,nie,nie,nie,,,,FALSE,"[198,199,200,201,202,203,204,205,206,207,208,209,210,211,242]"
78,published,,401efa6b-b06c-4369-9280-791140b3c7a0,2023-01-04T10:13:14.000Z,309a04ad-6ef4-473d-a546-8f933d59bfd8,2024-09-30T11:39:25.000Z,Core Mini,Levoit,9e240c8b-8a08-484c-ab44-30c949bfcab7,298,,Levoit.pl,https://levoit.pl/produkt/oczyszczacz-powietrza-levoit-core-mini/,"[""noopener"",""nofollow""]",,,"[""nofollow"",""noopener""]",,78,17,10,0,,0,,,,,0,0,,,,0,,,,0,1,1,6,,,59,1,6,59,0,,0,"[""Wi-Fi 2,4 GHZ""]",0,,,16.4,26.4,1,16.4,https://ranking-oczyszczaczy.pl/recenzje/levoit-core-mini/,0,100-240,2,2,12,,12,25,44,7,1,,,,,,,,,,,"[""biały""]",3,"[""timer"",""aromaterapia""]",,,,,0,99.95,,,,,,,,,,,,,,,,,,,,,,2024-09-30,FALSE,,,,,,1,0,,,nie,nie,nie,nie,nie,nie,nie,nie,nie,,,,FALSE,[74]
79,published,,94875643-bc29-4c6b-89d0-3b59e7ddf858,2023-01-04T10:27:58.000Z,309a04ad-6ef4-473d-a546-8f933d59bfd8,2024-09-30T12:41:41.000Z,Air Purifier 2H,Xiaomi,5098bf62-c3f3-479b-b0cd-8d55dcdd4357,602,,,,"[""nofollow"",""noopener""]",,https://www.ceneo.pl/85387146#crid=522860&pid=16557,"[""noopener"",""nofollow""]",link do sklepu Ceneo.pl,260,31,33,0,,0,,,,,0,0,,,,0,,,,0,1,1,12,,,148,1,,,0,,1,"[""Wi-Fi 2,4 GHZ""]",0,,2,24,52,5.2,24,https://ranking-oczyszczaczy.pl/recenzje/xiaomi-air-purifier-2h/,0,110-240,,0,,,0,33,66,31,1,,,,,,,,,0,0,"[""biały""]",3,"[""1"",""2"",""3"",""4"",""5"",""6""]",1,0,0,1,0,99.95,,,,Do 75,75-150,Ponad 150,,,,Dobra jakość powietrza,Umiarkowana jakość powietrza,Zła jakość powietrza,,,,Zielony,Pomarańczowy,Czerwony,,,,2024-09-30,FALSE,,,,,,1,0,,,nie,nie,nie,nie,nie,nie,nie,nie,nie,,,,FALSE,"[212,213,214]"
80,published,,401efa6b-b06c-4369-9280-791140b3c7a0,2023-01-04T11:10:17.000Z,309a04ad-6ef4-473d-a546-8f933d59bfd8,2024-09-30T11:39:31.000Z,Core 200S,Levoit,8992c397-d6bc-45ec-b585-3b69709fc45f,529,,Levoit.pl,https://levoit.pl/produkt/oczyszczacz-powietrza-levoit-core-200s-smart-hepa/,"[""noopener""]",,,"[""nofollow"",""noopener""]",,170,35,21,0,,0,,,,,0,0,,,,0,,,,0,1,1,6,,,113,1,6,113,0,,1,"[""Wi-Fi 2,4 GHZ""]",0,,1,20.5,32,3,20.5,https://ranking-oczyszczaczy.pl/recenzje/levoit-core-200s/,0,220-240V,40,40,60,,60,24,45,37,1,,,,,,,,,,,"[""biały""]",3,"[""3"",""timer""]",,,,,0,99.95,,,,,,,,,,,,,,,,,,,,,,2024-09-30,FALSE,,,,,,1,0,,,nie,nie,nie,nie,nie,nie,nie,nie,nie,,,,FALSE,[75]
81,published,,94875643-bc29-4c6b-89d0-3b59e7ddf858,2023-01-04T11:19:39.000Z,309a04ad-6ef4-473d-a546-8f933d59bfd8,2024-09-30T12:41:35.000Z,Air Purifier 3C,Xiaomi,c51d2646-dd79-4670-b5fb-1422ab05d365,449,,,,0,,https://www.ceneo.pl/99831628#crid=408853&pid=16557,"[""nofollow"",""noopener""]",link do sklepu Ceneo.pl,320,40,40,0,,0,,,,,0,0,,,,0,,,,0,1,1,12,,,148,1,,,0,,1,"[""Wi-Fi 2,4 GHZ""]",0,,,24,52,6.1,24,https://ranking-oczyszczaczy.pl/recenzje/xiaomi-air-purifier-3c/,0,110-240,,0,,,0,31,61,29,1,,,,,,,,,0,0,"[""biały""]",4,"[""2"",""1"",""3"",""4"",""5"",""6""]",1,1,1,1,0,99.95,,Maksymalnie: 60 dB,"2,9-28",Do 75,76-150,Ponad 150,,,,Dobra jakość powietrza,Umiarkowana jakość powietrza,Zła jakość powietrza,,,,Zielony,Pomarańczowy,Czerwony,,,,2024-09-30,FALSE,,,,,,1,0,,,nie,nie,nie,nie,nie,nie,nie,nie,nie,,,,FALSE,"[215,216,217,218,219,220,221,222,223,224,225,226]"
82,published,,401efa6b-b06c-4369-9280-791140b3c7a0,2023-01-04T11:28:46.000Z,309a04ad-6ef4-473d-a546-8f933d59bfd8,2024-09-30T11:39:37.000Z,Core 600S,Levoit,5ced8a78-349e-4398-9a0b-e9c0fbc5a410,1469,,Levoit.pl,https://levoit.pl/produkt/oczyszczacz-powietrza-levoit-core-600s-smart-hepa/,"[""noopener"",""nofollow""]",,,"[""nofollow"",""noopener""]",,697,1472,,0,,0,,,,,0,0,,,,0,,,,0,1,1,,,,359,0,,,0,,1,"[""Wi-Fi 2,4 GHZ""]",0,,,31.3,60,6.4,31.3,https://ranking-oczyszczaczy.pl/recenzje/levoit-core-600s/,0,220-240,77,77,77,,77,26,55,49,1,,,,,,,,,,,"[""biały""]",3,"[""2"",""1""]",,,,,0,99.95,,,,,,,,,,,,,,,,,,,,,,2024-09-30,FALSE,,,,,,1,0,,,nie,nie,nie,nie,nie,nie,nie,nie,nie,,,,FALSE,[76]
83,published,,94875643-bc29-4c6b-89d0-3b59e7ddf858,2023-01-04T11:31:55.000Z,309a04ad-6ef4-473d-a546-8f933d59bfd8,2024-09-30T12:41:29.000Z,Smartmi Air Purifier P1,Xiaomi,fa2a3880-3cdf-477a-afba-ad4971484c59,504,,,,0,,https://www.ceneo.pl/116858392#crid=498724&pid=16557,"[""nofollow"",""noopener""]",link do sklepu Ceneo.pl,250,30,,0,,0,,,,,0,0,,,,0,,,,0,1,1,12,,,149,1,,,0,,1,"[""Wi-Fi 2,4 GHZ""]",0,,1,22,36.3,3.3,22,https://ranking-oczyszczaczy.pl/recenzje/xiaomi-smartmi-air-purifier-p1/,0,110-240,,0,,,0,30,49,30,1,,,,,,,,,0,0,"[""srebrny"",""czarny""]",3,"[""1"",""2"",""4"",""6""]",1,1,1,1,0,99.95,,Maksymalnie: 60,"2-26,7",,,,,,,,,,,,,,,,,,,2024-09-30,FALSE,,,,,,1,0,,,nie,nie,nie,nie,nie,nie,nie,nie,nie,,,,FALSE,"[77,227,228,229,230,231,232,233,234,235,236]"
84,published,,401efa6b-b06c-4369-9280-791140b3c7a0,2023-01-04T11:38:54.000Z,ce682939-7d3b-4f32-85de-df7f56fffb04,2024-08-12T10:58:56.000Z,Core 400 S,Levoit ,be87e3e0-1b95-4692-9f71-8923e667bc1d,1229,,Levoit.pl,https://levoit.pl/produkt/oczyszczacz-levoit-core-400s-smart-hepa/,"[""nofollow"",""noopener""]",,,"[""noopener"",""nofollow""]",,400,83,50,0,,0,,,,,0,0,,,,0,,,,0,1,1,12,,,280,1,12,280,0,,0,"[""Wi-Fi 2,4 GHZ""]",0,,,27.4,52,,27.4,https://ranking-oczyszczaczy.pl/recenzje/levoit-core-400s/,0,220-240V,52,52,65,,65,24,48,24,1,,,,,,,,,,,"[""biały""]",3,"[""3"",""timer""]",,,,,0,99.95,,,,,,,,,,,,,,,,,,,,,,2024-08-12,FALSE,,,,,,nie,nie,,,nie,nie,nie,tak,nie,nie,nie,nie,nie,,,,FALSE,[78]
85,published,,94875643-bc29-4c6b-89d0-3b59e7ddf858,2023-01-04T11:52:01.000Z,309a04ad-6ef4-473d-a546-8f933d59bfd8,2024-09-30T12:41:24.000Z,Smartmi Air Purifier FJY6003EU,Xiaomi,a803c087-436c-4e3d-99f5-a8d5ed6a53e0,549,,,,"[""nofollow"",""noopener""]",,https://www.ceneo.pl/106088567#crid=505154&pid=16557,"[""nofollow"",""noopener""]",link do sklepu Ceneo.pl,400,48,,0,,0,,,,,0,0,,,,0,,,,0,1,1,12,,,163,1,,,0,,1,"[""Wi-Fi 2,4 GHZ""]",0,,,26,52,5.2,26,https://ranking-oczyszczaczy.pl/recenzje/xiaomi-smartmi-air-purifier/,0,110-240,,0,,,0,,64,40,1,,,,,,,,,0,0,"[""biały""]",3,"[""1"",""2"",""4"",""5"",""6""]",0,0,0,1,0,99.95,,Maksymalnie: 64,"3,5-37,3",Poniżej 20,20-40,Ponad 40,,,,Dobra jakość powietrza,Umiarkowana jakość powietrza,Zła jakość powietrza,,,,Zielony,Pomarańczowy,Czerwony,Pomarańczowy,,,2024-09-30,FALSE,,,,,,1,0,,,nie,nie,nie,nie,nie,nie,nie,nie,nie,,,,FALSE,"[157,158,159,160,161,162,163,164,165,240]"
86,published,,401efa6b-b06c-4369-9280-791140b3c7a0,2023-01-04T12:02:42.000Z,94875643-bc29-4c6b-89d0-3b59e7ddf858,2024-10-09T08:13:36.000Z,Core P350 Pet Care,Levoit ,5eae93cd-1a29-4999-8dc5-bc3a5cb0efef,609,,Levoit.pl,https://levoit.pl/produkt/oczyszczacz-powietrza-levoit-core-p350-pet-care/,"[""noopener"",""nofollow""]",,,"[""nofollow"",""noopener""]",,187,40,23,0,,0,,,,,0,0,,,,0,,,,0,1,1,,,,139,1,,,0,,0,"[""Wi-Fi 2,4 GHZ""]",0,,24,27.4,52,5,27.4,https://ranking-oczyszczaczy.pl/recenzje/levoit-core-p350-pet-care/,0,220-240,12,12,30,,30,24,48,24,1,,,,,,,,,,,"[""biały""]",3,,,1,1,,0,99.95,,,,,,,,,,,,,,,,,,,,,,2024-10-09,FALSE,,,,,,1,0,,,nie,nie,nie,nie,nie,nie,nie,nie,nie,,,,FALSE,[]
87,published,,f76fde35-7e8f-49bd-893d-9706def1e294,2023-01-04T12:31:43.000Z,94875643-bc29-4c6b-89d0-3b59e7ddf858,2025-01-13T10:41:38.000Z,Zero,Winix,8e9196f9-3a91-4453-90ad-dd9d547d6f86,799,,,,"[""nofollow"",""noopener""]",,https://www.ceneo.pl/70457737#crid=240123&pid=16557,"[""nofollow"",""noopener""]",Sprawdź cenę na Ceneo.pl,390,49,49,0,,0,,,,,0,0,,,,0,,,plasma,1,1,1,12,,,,1,3,,0,,0,"[""Wi-Fi 2,4 GHZ""]",0,,3,30,60,7,20.8,https://ranking-oczyszczaczy.pl/recenzje/winix-zero/,1,220-240,,47,,,87,27,51,70,0,0,170,12,170,12,122,3,"[""AHAM"",""ECARF""]",0,1,"[""biały""]",5,"[""1"",""2"",""3"",""4""]",0,1,1,0,0,99.95,,"3 prędkość - 50 dB, Tryb turbo - 66 dB","6,2 W, 7,4 W, 11,8 W, 45,1 W",0-12,"12,1-43",>43,,,,dobry,średni,zły,,,,niebieski,żółty,czerwony,,,,2025-01-13,FALSE,,,,,,1,0,,,nie,nie,nie,nie,tak,nie,tak,nie,nie,,,,FALSE,"[79,80,81,82,83,84]"
88,published,,f76fde35-7e8f-49bd-893d-9706def1e294,2023-01-04T12:50:51.000Z,94875643-bc29-4c6b-89d0-3b59e7ddf858,2024-09-10T10:14:10.000Z,Zero Pro,Winix,41d6ddcb-e92e-498a-b76b-07c98140699e,1119,,,,[],,https://www.ceneo.pl/86864579#cid=34545&crid=381456&pid=16557,"[""noopener"",""nofollow""]",Sprawdź cenę na Ceneo.pl,470,120,59,0,,0,,,,,0,0,,,,0,,,plasma,1,1,1,,,,,1,6-12,,0,,0,"[""Wi-Fi 2,4 GHZ""]",0,,5,41.5,60,8.5,21.5,https://ranking-oczyszczaczy.pl/recenzje/winix-zero-pro/,1,220-240,,99,,,66,28,55,90,0,0,270,,,,,,"[""AHAM"",""ECARF""]",0,1,"[""0""]",5,"[""1"",""2"",""3"",""4"",""Timer""]",0,,,0,0,99.95,null,"3 prędkość - 48 dB, Tryb Turbo - 66 dB",Tryb turbo - 71 W,,0-12,,,,,Dobre,Średnie,Złe,Bardzo złe,,,Niebieski,Żółty,Bursztynowy,Czerwony,,,2024-09-10,FALSE,,,,,"[""Tryb auto"",""Czujnik LZO"",""Jonizator plazmowy""]",nie,nie,,,nie,nie,nie,nie,tak,nie,tak,tak,nie,,,,FALSE,"[123,124,125,126,127,128]"
89,published,,401efa6b-b06c-4369-9280-791140b3c7a0,2023-01-04T13:11:24.000Z,309a04ad-6ef4-473d-a546-8f933d59bfd8,2024-09-30T11:39:49.000Z,LV-PUR131,Levoit,,330,,Allegro.pl,https://ranking-oczyszczaczy.pl/recenzje/levoit-lv-pur131/,"[""noopener"",""nofollow""]",,,"[""nofollow"",""noopener""]",,230,33,29,0,,0,,,,,0,0,,,,0,,,,0,1,1,,,,,1,,,0,,0,"[""Wi-Fi 2,4 GHZ""]",0,,,47,37.1,5.21,18.3,https://ranking-oczyszczaczy.pl/recenzje/levoit-lv-pur131/,0,120,66,66,66,,66,27,52,40,0,1,,,200,,200,,,0,0,"[""biały""]",3,,,,,,0,99.95,,,,,,,,,,,,,,,,,,,,,,2024-09-30,FALSE,,,,,,1,0,,,nie,nie,nie,nie,nie,nie,nie,nie,nie,,,,FALSE,[]
90,published,,10f62388-6493-4bd4-8964-cb1d11ab3671,2023-01-04T14:10:58.000Z,f76fde35-7e8f-49bd-893d-9706def1e294,2024-11-06T15:00:30.000Z,AX47R9080SS,Samsung,d78efc44-7061-4eaa-ab8a-4c83c2d543ce,4695,,,,[],,https://www.ceneo.pl/85956594#crid=293896&pid=16557,"[""nofollow"",""noopener""]",link do Ceneo.pl,366,45.75,47,0,,0,,,,,0,0,,,,0,,,,0,1,1,12,,,199,1,12,,0,,1,"[""Wi-Fi 2,4 GHZ""]",0,,,36.7,43.6,12.2,38,https://ranking-oczyszczaczy.pl/recenzje/samsung-ax47r9080ss/,0,220-240,43,43,35,52,14,18,50,35,0,0,199,12,,,,,,0,0,"[""srebrny""]",3,"[""3"",""1"",""2"",""4"",""6"",""timer"",""sterowanie głosowe""]",0,1,1,1,0,99.95,,,,≤ 15,16-35,36-75,> 75,,,Bardzo dobry,Dobry,Średni,Zły,,,niebieski,Zielony,Żółty,Czerwony,,,2024-11-06,FALSE,,,Wymiana filtra zintegrowanego (HEPA i węglowy) co 1 rok - 299 zł.,,"[""Tryb auto"",""Sterowanie smartfonem""]",1,0,,,nie,nie,nie,nie,nie,nie,nie,nie,nie,,,,FALSE,"[523,524,525,526,527]"
91,published,,10f62388-6493-4bd4-8964-cb1d11ab3671,2023-01-04T14:40:56.000Z,ce682939-7d3b-4f32-85de-df7f56fffb04,2024-10-08T12:50:17.000Z,AX40R3030WM,Samsung,85066710-e752-4f1e-98cc-21136247c22d,819,,,,[],,https://www.ceneo.pl/85716066#crid=332180&pid=16557,"[""nofollow"",""noopener""]",Sprawdź ofertę na Ceneo.pl,311,40,39,0,,0,,,,,0,0,,,,0,,,,0,1,1,,,,,1,,,0,,1,"[""Wi-Fi 2,4 GHZ""]",0,,,35,64,9.2,35,https://ranking-oczyszczaczy.pl/recenzje/samsung-ax40r3030wm/,0,220-240,39,39,73,,73,20,48,40,0,0,229,12,,,,,,0,1,"[""biały""]",3,"[""1"",""2"",""3"",""4"",""timer"",""""]",0,1,1,1,0,99.95,,,,≤ 15,16-35,36-75,> 75,,,Bardzo dobry,Dobry,Średni,Zły,,,Niebieski,Zielony,Żółty,Czerwony,,,2024-10-08,FALSE,,,,,,1,0,,,nie,nie,nie,nie,nie,nie,nie,tak,tak,,,,FALSE,"[513,514,515,516]"
92,published,,10f62388-6493-4bd4-8964-cb1d11ab3671,2023-01-04T15:04:58.000Z,f76fde35-7e8f-49bd-893d-9706def1e294,2024-11-06T14:46:39.000Z,H-PURIFIER 700,Hoover,f6783048-0ed6-42e4-bac6-20686a505496,1499,,,,"[""nofollow"",""noopener""]",,https://www.ceneo.pl/101243749#crid=440257&pid=16557,"[""nofollow"",""noopener""]",Sprawdź ofertę,330,41,41,1,sonic,1,,,,1000,0,1,,,,0,,,,0,1,1,12,,,427,1,,,0,,1,"[""Wi-Fi 2,4 GHZ""]",0,,6,31.4,52.5,9.6,28,https://ranking-oczyszczaczy.pl/recenzje/hoover-h-purifier-700-2/,0,220-240,33,33,36,49,34,22,66,41,1,,,,,,,,,0,0,"[""biały"",""grafitowy""]",3,"[""1"",""2"",""3"",""6""]",0,0,0,1,0,99.95,,,,,,,,,,,,,,,,,,,,,,2024-11-06,FALSE,,,Zintegrowany filtr wymienny Hoover U98 – od 199 zł. Brak danych o żywotności,,"[""Aromaterapia"",""Sterowanie smartfonem"",""Tryb auto""]",1,0,,,tak,nie,nie,nie,nie,nie,nie,nie,nie,,,,FALSE,"[272,273,274,275,276,277,278,279,280,281,282]"
93,published,,f76fde35-7e8f-49bd-893d-9706def1e294,2023-01-04T15:38:22.000Z,ce682939-7d3b-4f32-85de-df7f56fffb04,2024-08-09T12:26:13.000Z,Zero Compact,Winix,a22d4ed2-027e-4065-9076-5cc61fd47154,629,,,,"[""nofollow"",""noopener""]",,https://www.ceneo.pl/102903729#crid=441738&pid=16557,"[""noopener"",""nofollow""]",Sprawdź cenę na Ceneo.pl,250,50,31,0,,0,,,,,0,0,,,,0,,,plasma,1,1,1,12,,,129,1,12,129,0,,0,"[""Wi-Fi 2,4 GHZ""]",0,,12,24.1,37,3.1,24.1,https://ranking-oczyszczaczy.pl/recenzje/winix-zero-compact/,1,220-240,,76,,,34,27,54,55,1,,,,,,,,"[""AHAM"",""ECARF""]",0,1,"[""biały""]",3,"[""1"",""2"",""4"",""timer""]",1,1,1,1,0,99.95,,,,0-12,12-43,>43,,,,dobre,średnie,złe,,,,niebieski,żółty,czerwony,,,,2024-08-09,FALSE,,,,,,nie,nie,,,nie,tak,nie,nie,nie,nie,nie,tak,tak,,,,FALSE,"[132,134,135]"
94,published,,10f62388-6493-4bd4-8964-cb1d11ab3671,2023-01-04T15:41:47.000Z,f76fde35-7e8f-49bd-893d-9706def1e294,2024-05-08T09:39:57.000Z,APH450D,Welltec,dfcc93fd-1953-4343-8636-657577e5cc75,2450,,,,"[""nofollow"",""noopener""]",,https://www.ceneo.pl/76511180#crid=436344&pid=16557,0,Sprawdź ofertę,422,52.75,53,0,,0,,,,,0,0,,,,0,,,,0,1,1,,,,,1,,,0,,1,"[""Wi-Fi 2,4 GHZ""]",0,,7,42,69,9.5,24,https://ranking-oczyszczaczy.pl/recenzje/welltec-aph450d/,1,230,57,56,45,28,45,20,56,79,0,0,,24,,,,,,0,0,"[""biały""]",6,"[""1"",""2"",""3"",""6"",""4""]",1,1,1,1,0,99.95,,,,,,,,,,,,,,,,,,,,,,2024-05-08,TRUE,,,,,,1,0,,,nie,nie,nie,nie,nie,nie,nie,nie,nie,,,,FALSE,"[293,294,295,296,297,298]"
95,published,,f76fde35-7e8f-49bd-893d-9706def1e294,2023-01-04T16:07:07.000Z,ce682939-7d3b-4f32-85de-df7f56fffb04,2024-08-09T10:57:45.000Z,FA31-201GY FLOW A3,Electrolux,a6a5218f-3319-41e7-a9ca-b82e4c2b41ba,849,,,,"[""nofollow"",""noopener""]",,https://www.ceneo.pl/97519517#crid=440977&pid=16557,"[""nofollow"",""noopener""]",Sprawdź cenę na Ceneo.pl,180,,22,0,,0,,,,,0,0,,,,0,,,,0,1,1,12,,,170,1,12,,0,,0,"[""Wi-Fi 2,4 GHZ""]",0,,5,24,38,2.8,24,https://ranking-oczyszczaczy.pl/recenzje/electrolux-fa31-201gy/,0,220-240,20,20,54,13,37,25,49,20,1,,,,,,,,"[""AHAM"",""ECARF""]",0,1,"[""szary""]",3,"[""1"",""2"",""4""]",,,,,0,99.95,,,,0-12,13-35,36-55,>55,,,bardzo dobre,dobre,średni,zły,,,zielony,żółty,pomarańczowy,czerwony,,,2024-08-09,FALSE,,,Filtr uniwersalny Breeze A3 – od 158 zł. Żywotność 12 mies.,,"[""Tryb auto""]",nie,nie,,,tak,tak,nie,nie,nie,nie,nie,nie,nie,,,,FALSE,"[137,138,139]"
96,published,,f76fde35-7e8f-49bd-893d-9706def1e294,2023-01-04T17:03:36.000Z,f76fde35-7e8f-49bd-893d-9706def1e294,2024-11-06T14:15:58.000Z,PA91-404DG/GY,Electrolux,2818a13f-c440-4c4c-ac6e-afb605ff4ca4,1999,,,,"[""nofollow"",""noopener""]",,https://www.ceneo.pl/86809579#crid=532383&pid=16557,"[""noopener"",""nofollow""]",Sprawdź cenę na Ceneo.pl,442,,55,0,,0,,,,,0,0,,,,0,,,plasma,1,1,1,12,,,299,1,12,299,0,,1,"[""Wi-Fi 2,4 GHZ""]",0,,,31.5,56.5,7.9,31.5,https://ranking-oczyszczaczy.pl/recenzje/electrolux-pa91-404gy/,1,,68,68,56,9,52,17,49,50,1,,,,,,,,,0,0,"[""srebrny"",""grafitowy""]",9,"[""2"",""3"",""4""]",0,0,0,0,1,99,,,,0-12,13-35,36-55,56-150,151-250,>250,bardzo dobre,dobre,słaba,bardzo słaba,zła,bardzo zła,zielony,żółty,pomarańczowy,czerwony,purpurowy,kasztanowy,2024-11-06,FALSE,,,Wymiana filtra zintegrowanego co 12 miesięcy – 399 zł. Koszt roczny od 399 zł.,,"[""Tryb auto"",""Sterowanie smartfonem""]",nie,nie,,https://staging.ranking-oczyszczaczy.pl/wp-content/uploads/ELECTROLUX-PA91-404GY.png,tak,nie,nie,tak,tak,nie,nie,tak,tak,,,just_purifier,FALSE,"[140,141,142,143,144,145]"
97,published,,f76fde35-7e8f-49bd-893d-9706def1e294,2023-01-04T17:34:13.000Z,ce682939-7d3b-4f32-85de-df7f56fffb04,2024-12-11T08:51:18.000Z,PA91-604DG/GY,Electrolux,0684dc93-9ff0-480b-ade8-98c961022d28,2299,,,,[],,https://www.ceneo.pl/86807127#crid=532382&pid=16557,"[""noopener"",""nofollow""]",Sprawdź cenę na Ceneo.pl,620,,78,0,,0,,,,,0,0,,,,0,,,plasma,1,1,1,12,,,399,1,12,,0,,1,"[""Wi-Fi 2,4 GHZ""]",0,,,31.5,72.5,7.9,31.5,https://ranking-oczyszczaczy.pl/recenzje/electrolux-pa91-604dg/,1,220-240,,73,,,62,17,49,50,1,,,,,,,,"[""AHAM"",""ECARF""]",laserowy,0,"[""srebrny"",""szary""]",9,"[""1"",""2"",""4"",""3""]",0,nie,nie,nie,EPA E12,99.5,,"5 prędkość >47 dB, 7 prędkość >53 dB, 8 prędkość >56 dB, 9 prędkość >62 dB","Prędkość 1: 4,1 W, Prędkość 2: 5,2 W, Prędkość 3: 6,1 W, Prędkość 4: 7,6 W, Prędkość 5: 9,6 W, Prędkość 6: 13 W, Prędkość 7: 18,2 W, Prędkość 8: 25,7 W, Prędkość 9: 39,4 W",0-12,13-35,36-55,56-150,151-200,>250,bardzo dobre,dobre,słabe,bardzo słabe,złe,bardzo złe,zielony,żółty,pomarańczowy,czerwony,fioletowy,Rdzawoczerwony,2024-12-11,FALSE,,,,,"[""Tryb auto"",""Sterowanie smartfonem"",""Czujnik LZO""]",nie,0,,,tak,nie,nie,tak,nie,tak,tak,tak,nie,,,,FALSE,"[146,147,148,149,150,151,152,153,154,155,156]"
99,published,,94875643-bc29-4c6b-89d0-3b59e7ddf858,2023-01-05T09:51:07.000Z,401efa6b-b06c-4369-9280-791140b3c7a0,2023-08-18T12:32:55.000Z,UA-HG30E-B,Sharp,54801cc1-895b-4faf-99e0-abd9d757e85c,999,,,,[],,https://www.ceneo.pl/73896655#crid=532404&pid=16557,"[""nofollow"",""noopener""]",Sprawdź cenę na Ceneo.pl,180,21,23,1,vapor,0,350,,,1800,1,0,,,,1,24,99,plasma,1,1,1,24,,,169,1,24,129,0,,0,"[""Wi-Fi 2,4 GHZ""]",0,,4,38,57,7.2,19.7,https://ranking-oczyszczaczy.pl/recenzje/sharp-ua-hg30e-b/,1,220-240,66,66,66,,66,21,48,27,0,1,0,,169,24,129,24,"[""PZH"",""BAF""]",1,1,"[""czarny""]",3,"[""1"",""4"",""timer""]",1,0,0,0,0,99.95,,,,,,,,,,,,,,,,,,,,,,2023-08-18,TRUE,,,,,,1,0,,,nie,nie,nie,nie,nie,nie,nie,nie,nie,,,,FALSE,"[754,755,756,757,758]"
100,published,,10f62388-6493-4bd4-8964-cb1d11ab3671,2023-01-05T10:17:02.000Z,ce682939-7d3b-4f32-85de-df7f56fffb04,2023-01-11T13:52:33.000Z,APH420H,Welltec,18d87a2d-157f-4140-8036-f653e59ec9df,2950,,,,"[""nofollow"",""noopener""]",,https://www.ceneo.pl/76511177#crid=436343&pid=16557,"[""nofollow""]",Sprawdź ofertę,394,49.25,49,1,vapor,0,200,,,1500,1,0,,,,1,12,98,plasma,1,1,1,24,,,,1,,,0,,1,"[""Wi-Fi 2,4 GHZ""]",1,,11,47.8,69,10.8,31.8,https://ranking-oczyszczaczy.pl/recenzje/welltec-aph420h/,1,230,66,66,66,,66,25,56,56.3,0,0,198,,,,,,"[""PZH""]",0,0,"[""biały""]",5,"[""1"",""2"",""3"",""6"",""4""]",1,,0,1,0,99.95,,,,,,,,,,,,,,,,,,,,,,2023-01-11,TRUE,,,,,,1,0,,,nie,nie,nie,nie,nie,nie,nie,nie,nie,,,,FALSE,"[299,300,301,302,303,304,305]"
101,published,,10f62388-6493-4bd4-8964-cb1d11ab3671,2023-01-05T11:02:54.000Z,309a04ad-6ef4-473d-a546-8f933d59bfd8,2024-09-11T12:29:25.000Z,APH800D,Welltec,bed9a953-425b-466a-adba-e0e9dbd22aef,3450,,,,"[""noopener"",""nofollow""]",,https://www.ceneo.pl/76511181#crid=436345&pid=16557,"[""noopener"",""nofollow""]",Sprawdź ofertę,794,99.25,99,0,,0,,,,,0,0,,,,0,,,plasma,1,1,1,24,,,289,1,,,1,"[""2""]",1,"[""Wi-Fi 2,4 GHZ""]",0,,5,35.6,66.4,13,35.6,,1,230 V,10,10,10,,10,27,52,62,0,0,289,,,,,,"[""PZH""]",,1,"[""biały""]",7,"[""1"",""2"",""4"",""5"",""3"",""6""]",,,,,0,99.95,,,,,,,,,,,,,,,,,,,,,,2024-09-11,FALSE,,,,,"[""Tryb auto"",""Jonizator plazmowy"",""Sterowanie smartfonem""]",nie,0,,,nie,nie,nie,nie,nie,nie,tak,nie,nie,,,,FALSE,"[254,255]"
102,published,,10f62388-6493-4bd4-8964-cb1d11ab3671,2023-01-05T11:26:10.000Z,309a04ad-6ef4-473d-a546-8f933d59bfd8,2024-09-11T12:55:16.000Z,APH1000D,Philips,b3e84ded-f634-48a4-8f04-61467b34c7b8,2950,,,,"[""nofollow"",""noopener""]",,https://www.ceneo.pl/89199778#crid=436341&pid=16557,"[""nofollow"",""noopener""]",Sprawdź ofertę,992,124,124,0,,0,,,,,0,0,,,,0,,,plasma,0,1,1,24,,,448,1,,,1,"[""2""]",1,"[""Wi-Fi 2,4 GHZ""]",0,,7,37.5,77.5,14,37.8,,1,230,100,100,54,,54,30,55,78,0,0,448,24,,,,,"[""PZH""]",0,1,"[""biały""]",7,"[""1"",""2"",""3"",""4"",""6""]",1,1,1,1,0,99.95,,,,,,,,,,,,,,,,,,,,,,2024-09-11,FALSE,,,,,"[""Tryb auto"",""Jonizator ostrzowy"",""Miernik wielofunkcyjny"",""Sterowanie smartfonem""]",nie,0,,,nie,nie,nie,nie,nie,nie,tak,nie,nie,,,,FALSE,"[263,264,265,266,267]"
103,published,,401efa6b-b06c-4369-9280-791140b3c7a0,2023-01-05T11:55:01.000Z,309a04ad-6ef4-473d-a546-8f933d59bfd8,2024-09-30T14:07:47.000Z,Vista 200,Levoit,6684a165-dede-4280-8a59-2a5197ae889a,332,,allegro.pl,https://allegro.pl/kategoria/do-domu-oczyszczacze-powietrza-256842?string=levoit%20vista%20200,"[""noopener"",""nofollow""]",,,"[""nofollow"",""noopener""]",,177,16,22,0,,0,,,,,0,0,,,,0,,,,0,1,1,,,,82,1,,,0,,0,"[""Wi-Fi 2,4 GHZ""]",0,,15,20,33,1.5,20,https://ranking-oczyszczaczy.pl/recenzje/levoit-vista-200/,0,220-240V,99,53,99,,60,25,36,,1,,,,,,,,,,,"[""biały""]",,,,,,,0,99.95,,,,,,,,,,,,,,,,,,,,,,2024-09-30,FALSE,,,,,,1,0,,,nie,nie,nie,nie,nie,nie,nie,nie,nie,,,,FALSE,[]
104,published,,10f62388-6493-4bd4-8964-cb1d11ab3671,2023-01-05T12:09:32.000Z,ce682939-7d3b-4f32-85de-df7f56fffb04,2023-01-11T13:58:27.000Z,Roger Big 2,Stadler Form,685112b3-1308-422c-bf78-dd5d884d7557,1999,,,,"[""nofollow"",""noopener""]",,https://www.ceneo.pl/115315117#crid=493322&pid=16557,"[""nofollow"",""noopener""]",Sprawdź nasza ofertę,736,92,92,0,,0,,,,,0,0,,,,0,,,,0,1,1,12,,,275,0,,,0,,1,"[""Wi-Fi 2,4 GHZ""]",0,,4,42,34,10.5,52,https://ranking-oczyszczaczy.pl/recenzje/stadler-form-roger-big-2/,0,,10,10,10,,10,28,58,90,0,0,275,12,,,,,,0,1,"[""czarny""]",5,"[""1"",""2"",""6"",""4"",""5"",""3""]",1,1,,1,1,99.5,,,,,,,,,,,,,,,,,,,,,,2023-01-11,TRUE,,,,,,1,0,,,nie,nie,nie,nie,nie,nie,nie,nie,nie,,,,FALSE,"[309,310,311,312,313]"
105,published,,401efa6b-b06c-4369-9280-791140b3c7a0,2023-01-05T12:16:41.000Z,309a04ad-6ef4-473d-a546-8f933d59bfd8,2024-09-30T11:40:07.000Z,LV-H132,Levoit,c01f66b3-a35b-420b-8a4e-ef7f7974fdd0,360,,Amazon.pl,https://www.amazon.pl/Levoit-Oczyszczacz-Powietrza-Alergik%C3%B3w-Aktywnym/dp/B071D58ZY5/ref=sr_1_3?__mk_pl_PL=%C3%85M%C3%85%C5%BD%C3%95%C3%91&dchild=1&keywords=oczyszczacz+powietrza&qid=1615466680&sr=8-3,"[""noopener"",""nofollow""]",,,"[""noopener"",""nofollow""]",,104,12,13,0,,0,,,,,0,0,,,,0,,,,0,1,1,6,,,175,1,,,0,,0,"[""Wi-Fi 2,4 GHZ""]",0,,25,20,32,3.3,20,https://ranking-oczyszczaczy.pl/recenzje/levoit-lv-h132/,0,220-240,55,55,60,,60,25,46,,1,,,,,,,,,,,"[""biały""]",3,,,,,,0,99.95,,,,,,,,,,,,,,,,,,,,,,2024-09-30,FALSE,,,,,,1,0,,,nie,nie,nie,nie,nie,nie,nie,nie,nie,,,,FALSE,[320]
106,published,,f76fde35-7e8f-49bd-893d-9706def1e294,2023-01-05T12:27:20.000Z,309a04ad-6ef4-473d-a546-8f933d59bfd8,2024-09-30T08:00:11.000Z,TP00,Dyson,0f202c15-e68c-488f-8353-774152b9165d,1599,,,,"[""nofollow"",""noopener""]",,https://www.ceneo.pl/63950797#crid=363162&pid=16557,"[""noopener"",""nofollow""]",Sprawdź cenę na Ceneo.pl,246,,31,0,,0,,,,,0,0,,,,0,,,,0,1,1,12,,,299,1,12,299,0,,0,"[""Wi-Fi 2,4 GHZ""]",1,,6,19.6,101.8,3.7,19.6,https://ranking-oczyszczaczy.pl/recenzje/dyson-tp00/,0,220-240,30,30,24,,24,46,69,40,1,,,,,,,,,0,0,"[""srebrny"",""czarny""]",10,"[""funkcja swing"",""zmiana kierunku przepływu powietrza""]",0,0,0,,0,99.95,,35-62,6-56,0-35,36-53,54-70,71-150,151-250,>251,dobre,umiarkowane,złe,bardzo złe,skrajnie niskie,niebezpieczne,zielony,żółty,pomarańczowy,czerwony,bordowy,fioletowy,2024-09-30,FALSE,,,,,,1,0,,,nie,nie,nie,nie,nie,nie,nie,nie,nie,,,,FALSE,[]
107,published,,10f62388-6493-4bd4-8964-cb1d11ab3671,2023-01-05T12:27:49.000Z,401efa6b-b06c-4369-9280-791140b3c7a0,2023-08-22T09:21:50.000Z,Roger Little,Stadler Form,5f59b1ad-cdd7-470e-a025-baa9113458b0,899,,,,"[""noopener"",""nofollow""]",,https://www.ceneo.pl/59639405#crid=240300&pid=16557,"[""nofollow"",""noopener""]",,249,31.12,31,0,,0,,,,,0,0,,,,0,,,,0,1,1,12,,,275,1,,,0,,0,"[""Wi-Fi 2,4 GHZ""]",0,,5,33,17,,45,https://ranking-oczyszczaczy.pl/recenzje/stadler-form-roger-little/,0,100-240,10,10,10,,10,29,59,40,0,0,275,12,,,,,"[""AHAM"",""ECARF""]",0,1,"[""srebrny""]",5,"[""1"",""2"",""6""]",1,1,1,1,1,99.5,,,,,,,,,,,,,,,,,,,,,,2023-08-22,TRUE,,,,,,1,0,,,nie,nie,nie,nie,nie,nie,nie,nie,nie,,,,FALSE,"[327,328,329,330]"
108,published,,10f62388-6493-4bd4-8964-cb1d11ab3671,2023-01-05T12:40:03.000Z,401efa6b-b06c-4369-9280-791140b3c7a0,2023-08-22T09:24:56.000Z,Roger,Stadler Form,352ead55-743c-4714-b81b-846a7140c742,1599,,,,"[""nofollow"",""noopener""]",,https://www.ceneo.pl/59815128#crid=240299&pid=16557,"[""nofollow"",""noopener""]",Sprawdź ofertę,521,65.12,65,0,,0,,,,,0,0,,,,0,,,,0,1,1,,,,,1,,,0,,0,"[""Wi-Fi 2,4 GHZ""]",0,,6,42,20,7.9,50,https://ranking-oczyszczaczy.pl/recenzje/stadler-form-roger/,0,220-240,,0,10,,10,30,65,100,0,0,299,12,,,,,"[""AHAM"",""ECARF""]",0,1,"[""srebrny""]",5,"[""1"",""2"",""6""]",1,1,1,1,,,,,,,,,,,,,,,,,,,,,,,,2023-08-22,TRUE,,,,,,1,0,,,nie,nie,nie,nie,nie,nie,nie,nie,nie,,,,FALSE,"[331,332,333,334]"
109,published,,f76fde35-7e8f-49bd-893d-9706def1e294,2023-01-05T12:42:43.000Z,309a04ad-6ef4-473d-a546-8f933d59bfd8,2024-09-30T08:00:19.000Z,TP02,Dyson,a3ee1f19-07b4-4fc5-9020-d6efb7f30b8e,1899,,,,"[""nofollow"",""noopener""]",,https://www.ceneo.pl/50720723#crid=363162&pid=16557,"[""noopener"",""nofollow""]",Sprawdź cenę na Ceneo.pl,120,,15,0,,0,,,,,0,0,,,,0,,,,0,1,1,12,,,299,1,12,,0,,1,"[""Wi-Fi 2,4 GHZ""]",1,,7,19.6,101.8,4.98,19.6,https://ranking-oczyszczaczy.pl/recenzje/dyson-tp02/,0,220-240,2,2,2,,2,,69,40,1,,,,,,,,,0,0,"[""srebrny""]",10,"[""6"",""dwukierunkowy przepływ powietrza"",""funkcja swing"",""4"",""2"",""1""]",0,0,0,,0,99.95,,do 62 dB,56,0-35,36-53,54-70,71-150,151-250,>251,,,,,,,zielony,żółty,pomarańczowy,czerwony,bordowy,fioletowy,2024-09-30,FALSE,,,,,,1,0,,,nie,nie,nie,nie,nie,nie,nie,nie,nie,,,,FALSE,"[335,336,337]"