"id","sort","user_created","date_created","user_updated","date_updated","brand_name","model","price","price_before","discount_info","type","image","partner_name","partner_link_url","partner_link_title","ceneo_url","ceneo_link_title","status","max_performance_dry","other_performance_condition","max_performance_dry_condition","max_drying_area_manufacturer","other_performance_dry","max_drying_area_ro","weight","width","depth","height","minimum_temperature","maximum_temperature","minimum_humidity","maximum_humidity","rated_power_consumption","rated_voltage","refrigerant_kind","refrigerant_amount","needs_to_be_completed","functions","water_tank_capacity","minimum_fill_time","average_filling_time","higrostat","min_value_for_hygrostat","max_value_for_hygrostat","increment_of_the_hygrostat","number_of_fan_speeds","max_air_flow","max_loudness","min_loudness","modes_of_operation","mesh_filter","hepa_service_life","hepa_filter_price","hepa_filter","carbon_filter","carbon_service_life","carbon_filter_price","ionization","uvc","uv_light_generator","mobile_app","mobile_features","partner_link_rel_2","ceneo_link_rel_2","manual_file","capability_points","capability","profitability_points","profitability","ranking","review_link","ranking_hidden","functions_and_equipment_dehumi","main_ranking","is_promo","gallery"
31,,"5ca02cd3-a310-4eb0-ac06-14c3eb99c0f1","2022-05-09T12:35:30.000Z","cc69ec5a-41ac-4c72-81cb-b851e58049a6","2025-02-20T10:41:28.000Z","Blaupunkt","ADH701",1039,,,"kondensacyjny","4bf67edc-0b34-44be-9957-a4b7dfa5e9b6",,,,"https://www.ceneo.pl/81231111#cid=38625&crid=481924&pid=16557","Osuszacz powietrza Blaupunkt ADH701","published",20,"27°C, RH 60%",,40,12,40,15.6,33,28,58,5,32,35,80,350,,"R290",75,"No","[""Tryb sleep (tryb nocny)"",""Automatyczne wył. przy zapełnieniu"",""Optyczny wskaźnik napełnienia zbiornika"",""Automatycznie odszranianie"",""Blokada rodzicielska"",""Kółka jezdne"",""Wyświetlacz %"",""Wygaszanie podświetlania""]",5.5,6.6,19.8,"[""1""]",35,80,"5",2,195,47,,"[""3"",""5"",""tryb automatyczny""]","1",,,"0","0",,,"1","0",,"0","[""Wi-Fi 2,4 GHZ""]","[""nofollow"",""noopener""]","[""nofollow""]","c6eef288-b9ed-47df-b9f4-d31e93326395",142,52,143,50,5,"https://ranking-oczyszczaczy.pl/osuszacze-powietrza/blaupunkt/adh701/",false,"[""Jonizator powietrza"",""Timer"",""Swing"",""Higrometr""]","tak",false,"[]"
32,,"5ca02cd3-a310-4eb0-ac06-14c3eb99c0f1","2022-05-09T12:50:35.000Z","cc69ec5a-41ac-4c72-81cb-b851e58049a6","2025-02-20T11:15:13.000Z","Camry","CR 7903",265,,,"Peltiera","98d0ef33-8a4d-47ab-b083-858fe001f7fd",,,,"https://www.ceneo.pl/37295963#crid=478004&pid=16557","Osuszacz powietrza Camry CR 7903","published",0.75,,"25°C, RH85%",30,,2,2.232,28,17,41,,,,,85,,,,,"[""Automatyczne wył. przy zapełnieniu"",""Optyczny wskaźnik napełnienia zbiornika""]",1.5,48,144,,,,,1,,40,,,"0",,,"0","0",,,"0","0",,"0","[""Wi-Fi 2,4 GHZ""]","[""nofollow"",""noopener""]","[""nofollow""]","f1113fb8-94cc-4f97-a2de-2aed04c5c8e6",7,15,30,23,,,false,,"tak",false,"[]"
33,,"5ca02cd3-a310-4eb0-ac06-14c3eb99c0f1","2022-05-09T13:04:16.000Z","cc69ec5a-41ac-4c72-81cb-b851e58049a6","2023-01-12T07:15:41.000Z","Cecotec","BigDry 3000 Essentual PureLight",599,,,"Peltiera","3303b278-c048-4d4c-a387-23dd23a817d0",,,,,,"published",0.75,,,25,,2,2,19.6,21.4,31.5,7,35,,,45,,,,,,1,32,96,,,,,3,100,46,,,"1",,,"0","1",,,"0","0",,"0","[""Wi-Fi 2,4 GHZ""]","[""nofollow"",""noopener""]","[""nofollow"",""noopener""]",,5,3,8,4,,,true,,"nie",false,"[]"
34,,"5ca02cd3-a310-4eb0-ac06-14c3eb99c0f1","2022-05-09T13:37:22.000Z","cc69ec5a-41ac-4c72-81cb-b851e58049a6","2023-01-12T07:15:34.000Z","Cecotec","BigDry 2500 Essential 360",499,,,"Peltiera","018b62a5-3f86-47e1-8e97-2d023b44017c",,,,,,"published",0.75,,,25,,2,2.25,12.5,21,36,7,35,,,40,,,,,"[""Automatyczne wył. przy zapełnieniu"",""Optyczny wskaźnik napełnienia zbiornika""]",2,64,192,,,,,2,95,42,,,"1",,,"0","0",,,"0","0",,"0","[""Wi-Fi 2,4 GHZ""]","[""nofollow"",""noopener""]","[""nofollow"",""noopener""]",,9,4,18,9,,,true,,"nie",false,"[]"
35,,"5ca02cd3-a310-4eb0-ac06-14c3eb99c0f1","2022-05-09T13:57:28.000Z","e7bcdc1c-c375-4e8c-80b7-b5e5af3507f6","2024-07-19T09:23:16.000Z","Columbia","Vac OPC550",399,,,"Peltiera","07b8d870-736b-49f2-8ce0-8175924969cc",,,,"https://www.ceneo.pl/87910906#cid=38625&crid=499136&pid=16557","Osuszacz powietrza Columbia Vac OPC550","published",0.5,,,25,,1,2.5,22,10.5,37,5,50,,,65,,,,,"[""Wyświetlacz %""]",2.5,120,360,,,,,1,,30,,"[]","0",,,"0","0",,,"1","1","[""1""]","0","[""Wi-Fi 2,4 GHZ""]","[]","[""nofollow""]","449f124b-e9a5-46be-8c05-972190a01ea7",74,31,185,89,,,true,,"nie",false,"[]"
36,,"5ca02cd3-a310-4eb0-ac06-14c3eb99c0f1","2022-05-09T14:45:20.000Z","cc69ec5a-41ac-4c72-81cb-b851e58049a6","2025-02-20T10:18:51.000Z","Columbia","Vac OPC1050N",999,,,"kondensacyjny","691367e3-64a8-4827-b526-601e35ad0097",,,,"https://www.ceneo.pl/85933777#crid=499200&pid=16557",,"published",12,"27°C, RH 60%","32°C, RH 85%",25,6.8,24,12,20,28,51,5,35,,,180,,"R290",60,"No","[""Tryb sleep (tryb nocny)"",""Poziom nawilżenia wskazywany kolorami"",""Automatyczne wył. przy zapełnieniu"",""Automatycznie odszranianie"",""Kółka jezdne"",""Wyświetlacz %""]",2,2,6,"[]",,,,2,120,36,,"[""tryb automatyczny"",""continous (praca ciągła)""]","1",,,"0","0",,,"0","0",,"0","[""Wi-Fi 2,4 GHZ""]","[""nofollow"",""noopener""]","[""nofollow"",""noopener""]","662777f3-2493-43e1-af61-b75dbdaac9bf",47,31,47,39,9,"https://ranking-oczyszczaczy.pl/osuszacze-powietrza/columbia-vac/opc1050n/",false,"[""Timer"",""Wi-fi"",""Higrometr""]","nie",false,"[]"
37,,"5ca02cd3-a310-4eb0-ac06-14c3eb99c0f1","2022-05-09T16:22:17.000Z","e7bcdc1c-c375-4e8c-80b7-b5e5af3507f6","2024-07-22T07:15:12.000Z","Maltec","DH-20000A Electronic",886,,,"kondensacyjny","ae1de123-c169-44e8-94a4-8c799e6645b8","Allegro","https://allegro.pl/produkt/osuszacz-powietrza-maltec-dh-20000a-electronic-370-w-168fba66-887f-4697-981c-b1dbaefb3f52","Osuszacz powietrza Maltec DH-20000A Electronic",,,"published",20,,,35,,40,14,34,24,57,5,38,,,370,,"R290",,"No","[""Tryb sleep (tryb nocny)"",""Kolorystyczny wskaźnik wilgotności"",""Automatyczny restart"",""Automatyczne wył. przy zapełnieniu"",""Optyczny wskaźnik napełnienia zbiornika"",""Automatycznie odszranianie"",""Blokada rodzicielska"",""Kółka jezdne"",""Wyświetlacz %""]",6.5,7.8,23.4,"[""1""]",30,80,"5",2,150,45,,"[""3"",""4"",""tryb automatyczny""]","1",,,"0","0",,,"0","0",,"0","[""Wi-Fi 2,4 GHZ""]","[""nofollow""]","[""nofollow"",""noopener""]","ec030f0a-2d96-4849-b1bf-82464a69da80",133,55,150,72,4,,true,,"nie",false,"[]"
38,,"5ca02cd3-a310-4eb0-ac06-14c3eb99c0f1","2022-05-09T16:48:59.000Z","e7bcdc1c-c375-4e8c-80b7-b5e5af3507f6","2024-07-22T07:14:55.000Z","Maltec","DH-10000A Electronic",558,,,"kondensacyjny","76192a7e-9f6b-4805-bb25-eb30b207e82e","Allegro","https://allegro.pl/oferta/osuszacz-powietrza-pochlaniacz-wilgoci-maltec-10899209392?utm_source=admitad&utm_medium=afiliacja&admitad_uid=6ce1ad9904d41e196c37a867aa3f84f2","Osuszacz powietrza Maltec DH-10000A Electronic",,,"published",10,,,25,,20,10.5,32,19,49,5,35,,,190,,"R290",45,"No","[""Kolorystyczny wskaźnik wilgotności"",""Tryb sleep (tryb nocny)"",""Automatyczne wył. przy zapełnieniu"",""Automatycznie odszranianie"",""Blokada rodzicielska"",""Przypomnienie o czyszczeniu filtra"",""Kółka jezdne"",""Wyświetlacz %""]",2.5,6,18,"[""1""]",20,80,"5",2,110,45,,"[""3"",""4"",""tryb automatyczny""]","1",,,"0","0",,,"0","0",,"0","[""Wi-Fi 2,4 GHZ""]","[""nofollow""]","[""nofollow"",""noopener""]","2b71fbfa-4d70-42d8-909b-a8cf09b6bc7b",86,36,154,74,3,,true,"[""Filtr HEPA"",""Wi-fi"",""Termometr""]","nie",false,"[]"
39,,"5ca02cd3-a310-4eb0-ac06-14c3eb99c0f1","2022-05-09T17:23:18.000Z","cc69ec5a-41ac-4c72-81cb-b851e58049a6","2023-01-12T07:14:41.000Z","Master","DH 720 P",1599,,,"kondensacyjny","db13385d-4233-4836-a74d-a8c4b1ea4b9f",,,,"https://www.ceneo.pl/10982104#crid=478800&pid=16557","Osuszacz powietrza Master DH 720 P","published",20,,,50,,40,11,41,21,55,5,32,40,95,390,,"R290",90,"No","[""Kolorystyczny wskaźnik wilgotności"",""Automatyczne wył. przy zapełnieniu"",""Wyświetlacz %"",""Kółka jezdne"",""Optyczny wskaźnik napełnienia zbiornika""]",5,6,18,"[""1""]",40,70,"10",2,150,48,,"[]","1",,,"0","1",,107,"0","0",,"0","[""Wi-Fi 2,4 GHZ""]","[""nofollow"",""noopener""]","[""nofollow""]","3590ac0a-85fc-4b3b-9dc6-f7c87cc3ce31",135,56,84,40,,,true,,"nie",false,"[]"
40,,"5ca02cd3-a310-4eb0-ac06-14c3eb99c0f1","2022-05-10T07:45:29.000Z","cc69ec5a-41ac-4c72-81cb-b851e58049a6","2025-02-20T11:14:02.000Z","Stadler Form","Theo",797,,,"kondensacyjny","c4e96260-9aa5-45f4-96c8-09e2ae8bf1f3",,,,"https://www.ceneo.pl/86301319#cid=38625&crid=484569&pid=16557","Osuszacz powietrza Stadler Form Theo","published",10,"27°C, RH 65%","32°C, RH 80%",40,10,20,11.9,30.5,21.6,51.6,5,35,40,90,280,,"R290",44,"No","[""Automatyczne wył. przy zapełnieniu"",""Automatycznie odszranianie""]",2.1,5.04,15.12,"[""1""]",40,60,"10",1,120,42,,"[]","1",,,"0","0",,,"0","0",,"0","[""Wi-Fi 2,4 GHZ""]","[""nofollow"",""noopener""]","[""nofollow""]","dac13e21-7ad4-4959-81aa-10207f58f232",65,27,72,34,8,"https://ranking-oczyszczaczy.pl/osuszacze-powietrza/stadler-form/theo/",false,"[""Timer""]","tak",false,"[]"
41,,"5ca02cd3-a310-4eb0-ac06-14c3eb99c0f1","2022-05-10T09:50:51.000Z","cc69ec5a-41ac-4c72-81cb-b851e58049a6","2025-02-20T11:15:59.000Z","Stadler Form","Albert",1999,,,"kondensacyjny","9d5c38b1-001b-445a-8efc-55636d6945e6",,,,"https://www.ceneo.pl/20247811#cid=38625&crid=499140&pid=16557","Osuszacz powietrza Stadler Form Albert","published",20,"27°C, RH 65%","32°C, RH 80%",70,20,40,12.5,35,25.2,65.5,5,35,40,90,320,,"R290",60,"No","[""Tryb sleep (tryb nocny)"",""Automatyczne wył. przy zapełnieniu"",""Automatycznie odszranianie"",""Kółka jezdne"",""Wyświetlacz %"",""Optyczny wskaźnik napełnienia zbiornika""]",4.6,5.52,16.56,"[""1""]",30,80,"10",3,175,44,33,"[""tryb automatyczny""]","1",,,"0","0",,,"0","0",,"0","[""Wi-Fi 2,4 GHZ""]","[""nofollow"",""noopener""]","[""nofollow"",""noopener""]","e4c99219-41c5-480a-9260-e8189716175a",125,50,50,25,,"/osuszacze-powietrza/stadler-form/albert/",false,"[""Timer""]","tak",false,"[]"
42,,"5ca02cd3-a310-4eb0-ac06-14c3eb99c0f1","2022-05-10T11:18:33.000Z","cc69ec5a-41ac-4c72-81cb-b851e58049a6","2024-11-26T07:51:13.000Z","VACO","VC3504",999,,,"Osuszacz powietrza","8dd1f1b2-071f-4841-bce1-b169f01d68ed","Homespot","https://homespot.pl/pl/p/VACO-VC3504-osuszacz-powietrza-Wi-Fi/459?_ga=2.256824779.1976162641.1721628260-25742062.1719486061&_gac=1.156970441.1717748924.CjwKCAjw34qzBhBmEiwAOUQcFxCZswkdecP8Oash-ogbgZajFDdRKRm9eSQafoLI2AZG3YtKIRFcIhoChGcQAvD_BwE","Osuszacz powietrza VACO VC3504",,,"published",30,,,90,,70,14.7,34.3,24,51.2,5,32,30,90,580,,"R290",100,"No","[""Automatyczne wył. przy zapełnieniu"",""Automatycznie odszranianie"",""Kółka jezdne"",""Wyświetlacz %"",""Optyczny wskaźnik napełnienia zbiornika"",""Blokada rodzicielska"",""Przypomnienie o czyszczeniu filtra""]",5,2.74286,8.22857,"[""1""]",30,80,"5",2,200,53,43,"[""bedroom (sypialnia)"",""basement (piwnica)"",""continous (praca ciągła)""]","1",,,"0","0",,,"0","0",,"1","[""Wi-Fi 2,4 GHZ""]","[""nofollow""]","[""nofollow"",""noopener""]","dc1d5846-9f53-4209-accb-9570c9475097",163,86,90,76,,"https://ranking-oczyszczaczy.pl/osuszacze-powietrza/vaco/vc3504/",true,"[""Wi-fi"",""Timer"",""Higrometr""]","tak",false,"[]"
43,,"5ca02cd3-a310-4eb0-ac06-14c3eb99c0f1","2022-05-10T12:16:49.000Z","cc69ec5a-41ac-4c72-81cb-b851e58049a6","2025-02-20T09:08:17.000Z","Warmtec","ODT-35",1299,,,"Osuszacz powietrza","92da1720-c5fe-4a6d-a6ed-0a7f7fca4308",,,,"https://www.ceneo.pl/100924367#cid=38625&crid=470435&pid=16557","Osuszacz powietrza Warmtec ODT-35","published",35,,,40,,70,14.7,35.5,24.5,50.5,5,32,30,90,440,,"R290",100,"No","[""Przypomnienie o czyszczeniu filtra"",""Kółka jezdne"",""Wyświetlacz %"",""Optyczny wskaźnik napełnienia zbiornika"",""Automatycznie odszranianie"",""Automatyczne wył. przy zapełnieniu""]",3.8,2.60571,7.81714,"[""1""]",35,80,"5",2,200,53,,"[""3""]","1",,,"0","0",,,"0","0",,"1","[""Wi-Fi 2,4 GHZ""]","[""nofollow"",""noopener""]","[""nofollow""]","e3bf1dd1-e79a-424d-8ede-bb61c82f116e",179,92,138,71,6,"https://ranking-oczyszczaczy.pl/osuszacze-powietrza/warmtec/odt-35/",true,"[""Wi-fi"",""Timer"",""Higrometr""]","tak",false,"[]"
44,,"5ca02cd3-a310-4eb0-ac06-14c3eb99c0f1","2022-05-10T12:56:29.000Z","cc69ec5a-41ac-4c72-81cb-b851e58049a6","2023-01-12T07:14:58.000Z","Meaco","12L Platinum",1499,,,"kondensacyjny","0207dcfa-32f8-4a00-be03-c0e6a4bb7d4d",,,,"https://www.ceneo.pl/36246065#crid=478732&pid=16557","Osuszacz powietrza Meaco 12 Platinum","published",11.6,"26,7°C, RH 60%",,20,6.2,23,9.5,32.5,24.8,48.5,5,35,,,165,,"R290",35,"No","[""Automatyczny restart"",""Automatyczne wył. przy zapełnieniu"",""Wyświetlacz %"",""Blokada rodzicielska""]",2.5,5.17241,15.51724,"[""1""]",30,90,"5",1,100,44,41,"[]","1",,80,"1","0",,,"0","0",,"0","[""Wi-Fi 2,4 GHZ""]","[""nofollow"",""noopener""]","[""nofollow""]","a14f07ef-c5df-495b-88c2-1dd530ae2ea8",94,39,62,30,,,true,,"nie",false,"[]"
45,,"5ca02cd3-a310-4eb0-ac06-14c3eb99c0f1","2022-05-11T07:47:56.000Z","cc69ec5a-41ac-4c72-81cb-b851e58049a6","2025-05-30T12:56:20.000Z","Welltec","DHN50",2850,,,"kondensacyjny","37e27709-33d9-4297-884d-7d0ee0701d89",,,,"https://www.ceneo.pl/98047747#cid=38625&crid=477979&pid=16557","Osuszacz powietrza Welltec DHN50","published",50,,,100,,100,17,37.1,28,58.7,5,35,30,90,630,,"R290",145,"No","[""Automatyczny restart"",""Funkcja autodiagnoza"",""Automatyczne wył. przy zapełnieniu"",""Automatycznie odszranianie"",""Optyczny wskaźnik napełnienia zbiornika"",""Blokada rodzicielska"",""Kółka jezdne"",""Wyświetlacz %""]",6,2.88,8.64,"[""1""]",30,90,"5",2,450,55,49,"[""tryb komfortowy (automatyczny)"",""swing"",""continous (praca ciągła)""]","1",,98,"1","1",,48,"0","0",,"1","[""Wi-Fi 2,4 GHZ""]","[""nofollow"",""noopener""]","[""nofollow""]","bd48bdd1-83fe-4d6e-8bd5-2352fa20ec87",365,151,128,61,,,false,,"nie",false,"[]"
46,,"5ca02cd3-a310-4eb0-ac06-14c3eb99c0f1","2022-05-11T08:35:11.000Z","cc69ec5a-41ac-4c72-81cb-b851e58049a6","2025-03-03T12:39:30.000Z","Whirlpool","DE20W5252",999,,,"Osuszacz powietrza","69e8e25b-b629-4cc8-886f-13cc9d111e48",,,,"https://www.ceneo.pl/98142199#cid=38625&crid=482232&pid=16557","Osuszacz powietrza Whirlpool DE20W5252","published",20,,,30,,40,14,34,24,57,5,32,,,380,,"R290",58,"No","[""Tryb sleep (tryb nocny)"",""Kolorystyczny wskaźnik wilgotności"",""Wygaszanie podświetlania"",""Wyświetlacz %"",""Automatyczne wył. przy zapełnieniu"",""Optyczny wskaźnik napełnienia zbiornika"",""Automatycznie odszranianie"",""Blokada rodzicielska"",""Kółka jezdne""]",6.5,7.8,23.4,"[""1""]",30,80,,2,150,40,,"[""tryb automatyczny"",""3"",""4""]","1",,,"0","1",,,"0","0",,"0","[""Wi-Fi 2,4 GHZ""]","[""nofollow"",""noopener""]","[""nofollow"",""noopener""]","22daf28f-d328-4265-a7aa-9b140129702a",147,54,128,54,7,"https://ranking-oczyszczaczy.pl/osuszacze-powietrza/whirlpool/de20w5252/",false,"[""Filtr węglowy"",""Timer"",""Higrometr""]","tak",false,"[]"
47,,"5ca02cd3-a310-4eb0-ac06-14c3eb99c0f1","2022-05-11T11:31:56.000Z","cc69ec5a-41ac-4c72-81cb-b851e58049a6","2025-05-09T05:56:01.000Z","Fersk","Torr 20",949,1199,,"Osuszacz powietrza z oczyszczaczem","83620df6-25af-4233-b951-ceb4a4bd0c19","Fersk","https://fersk.pl/osuszacze-powietrza/fersk-torr-20/","Osuszacz powietrza Fersk Torr 20",,,"published",20,,,40,,40,15,33,23,51,5,32,,,400,,"R290",52,"NIE","[""Funkcja osuszania wnętrza urządzenia"",""Automatyczne wył. przy zapełnieniu"",""Optyczny wskaźnik napełnienia zbiornika"",""Automatycznie odszranianie"",""Blokada rodzicielska"",""Kółka jezdne"",""Wyświetlacz %""]",4,4.8,14.4,"[""1""]",30,80,"5",2,230,55,42,"[""continous (praca ciągła)""]","1",6,99,"1","0",,,"1","0",,"1","[""Wi-Fi 2,4 GHZ""]","[""nofollow""]","[""nofollow"",""noopener""]","afe36594-30e5-44d8-9fec-069e37b90b5c",184,75,184,90,2,"https://ranking-oczyszczaczy.pl/osuszacze-powietrza/fersk/torr-20/",false,"[""Filtr HEPA"",""Wi-fi"",""Timer"",""Jonizator powietrza"",""higrometr""]","tak",true,"[]"
48,,"5ca02cd3-a310-4eb0-ac06-14c3eb99c0f1","2022-05-11T11:45:54.000Z","cc69ec5a-41ac-4c72-81cb-b851e58049a6","2025-05-14T08:42:34.000Z","Fersk","Torr 30",1099,1399,,"Osuszacz powietrza z oczyszczaczem","924dce91-ef18-436e-9995-cb958298e40f","Fersk","https://fersk.pl/osuszacze-powietrza/fersk-torr-30/","Osuszacz powietrza Fersk Torr 30",,,"published",30,,,60,,60,16,33,23,51,5,32,,,600,,"R290",70,"nie","[""Funkcja osuszenie wnętrza urządzenia"",""Automatyczne wył. przy zapełnieniu"",""Optyczny wskaźnik napełnienia zbiornika"",""Automatycznie odszranianie"",""Blokada rodzicielska"",""Kółka jezdne"",""Wyświetlacz %""]",4,3.2,9.6,"[""1""]",30,80,"5",2,230,47,42,"[""tryb automatyczny"",""continous (praca ciągła)""]","1",6,99,"1","0",,,"1","0",,"1","[""Wi-Fi 2,4 GHZ""]","[""nofollow""]","[""nofollow"",""noopener""]","ccb38662-2ccd-489a-a95c-6321075de21e",242,96,210,95,1,"https://ranking-oczyszczaczy.pl/osuszacze-powietrza/fersk/torr-30/",false,"[""Filtr HEPA"",""Jonizator powietrza"",""Wi-fi"",""Timer"",""higrometr""]","tak",true,"[]"
50,,"5ca02cd3-a310-4eb0-ac06-14c3eb99c0f1","2022-05-12T08:15:20.000Z","cc69ec5a-41ac-4c72-81cb-b851e58049a6","2023-01-12T07:14:10.000Z","Haus & Luft","HL-OS-10/WIFI",795,,,"kondensacyjny","5ce3c3df-6fe7-47dd-8280-42ac79f2d950",,,,,,"published",10,"26,7°C, RH 60%",,20,5.5,20,10.5,31,24,45,5,35,,,165,,"R290",50,"No","[""Kolorystyczny wskaźnik wilgotności"",""Nadmuch powietrza bez osuszania"",""Automatycznie odszranianie"",""Automatyczne wył. przy zapełnieniu"",""Optyczny wskaźnik napełnienia zbiornika"",""Przypomnienie o czyszczeniu filtra"",""Kółka jezdne"",""Wyświetlacz %"",""Wygaszanie podświetlania""]",2.5,6,18,"[""1""]",35,80,"5",2,135,40,37,"[]","1",,,"0","1",,129,"0","1","[""1""]","1","[""Wi-Fi 2,4 GHZ""]","[""nofollow"",""noopener""]","[""nofollow"",""noopener""]","af738960-8992-4fa1-b118-194a6ba48db2",100,42,125,60,,,true,,"nie",false,"[]"
51,,"5ca02cd3-a310-4eb0-ac06-14c3eb99c0f1","2022-05-13T11:57:37.000Z","ce682939-7d3b-4f32-85de-df7f56fffb04","2024-03-22T13:46:42.000Z","Warmtec","OD-40",1399,,,"kondensacyjny","fb31ab1a-e3a9-4796-87c4-dfbcdc45b489",,,,,,"draft",40,,,80,,80,17.5,37.1,25.1,59.5,5,35,,,600,,"R290",145,"No","[""Nadmuch powietrza bez osuszania"",""Automatyczne wył. przy zapełnieniu"",""Optyczny wskaźnik napełnienia zbiornika"",""Automatycznie odszranianie"",""Blokada rodzicielska"",""Kółka jezdne"",""Wyświetlacz %""]",5.5,3.3,9.9,"[""1""]",30,90,"5",2,240,45,,"[""tryb komfortowy (automatyczny)""]","1",,,"0","0",,,"0","0",,"0","[""Wi-Fi 2,4 GHZ""]","[""nofollow"",""noopener""]","[""nofollow"",""noopener""]","f69468a3-9275-4881-8d42-202a8f367624",191,79,136,65,,,false,,"nie",false,"[]"
53,,"cc69ec5a-41ac-4c72-81cb-b851e58049a6","2022-07-12T11:57:41.000Z","309a04ad-6ef4-473d-a546-8f933d59bfd8","2024-10-14T10:12:47.000Z","Sharp","UD-P20E-W",1099,,,"kondensacyjny","1bc888ec-5e52-4ffd-81ea-617266fade21",,,,"https://www.ceneo.pl/129648912#crid=614821&pid=16557",,"published",20,"27°C, 60% RH",,46,11,40,15.5,35.5,26,57,5,35,40,70,280,,"R290",60,"No","[""Kółka jezdne"",""Wyświetlacz %"",""Automatycznie odszranianie"",""Blokada rodzicielska"",""Optyczny wskaźnik napełnienia zbiornika"",""Automatyczne wył. przy zapełnieniu"",""Automatyczny restart""]",3.8,4.56,13.68,"[""1""]",40,70,"5",2,175,48,,"[""3"",""4"",""5""]","1",,,"0","0",,,"0","0",,"0","[""Wi-Fi 2,4 GHZ""]","[""nofollow"",""noopener""]","[""nofollow"",""noopener""]","d4ac430b-86a2-4d13-8a15-467e24e4f56e",120,43,85,39,,"https://ranking-oczyszczaczy.pl/osuszacze-powietrza/sharp/ud-p20e-w/",false,"[""Swing"",""Timer"",""Higrometr""]","tak",false,"[]"
54,,"cc69ec5a-41ac-4c72-81cb-b851e58049a6","2022-10-13T10:47:38.000Z","cc69ec5a-41ac-4c72-81cb-b851e58049a6","2023-01-12T07:10:06.000Z","Eberg","Krug 24",1199,,,"kondensacyjny",,,,,,,"draft",24,,,,,48,,,,,,,,,390,,,,,"[""Automatyczne wył. przy zapełnieniu"",""Automatycznie odszranianie"",""Blokada rodzicielska"",""Kółka jezdne"",""Wyświetlacz %"",""Wygaszanie podświetlania""]",4,4,12,"[""1""]",,,,,,42,,"[""swing"",""tryb automatyczny""]","1",,,"0","1",,,"1","1",,"0","[""Wi-Fi 2,4 GHZ""]","[""nofollow"",""noopener""]","[""nofollow"",""noopener""]",,166,69,138,66,,,false,,"nie",false,"[]"
55,,"cc69ec5a-41ac-4c72-81cb-b851e58049a6","2022-10-13T12:17:12.000Z","cc69ec5a-41ac-4c72-81cb-b851e58049a6","2023-01-12T07:14:25.000Z","Blyss","25",1048,,,"kondensacyjny",,,,,,,"published",25,,,,,50,,,,,,,,,390,,,,,"[""Kółka jezdne"",""Automatyczne wył. przy zapełnieniu"",""Optyczny wskaźnik napełnienia zbiornika"",""Automatycznie odszranianie""]",4,3.84,11.52,"[""1""]",,,,,,50,,,"1",,,"0","0",,,"0","0",,"0","[""Wi-Fi 2,4 GHZ""]","[""nofollow"",""noopener""]","[""nofollow"",""noopener""]",,90,38,85,41,,,true,,"nie",false,"[]"
56,,"cc69ec5a-41ac-4c72-81cb-b851e58049a6","2022-10-13T12:39:09.000Z","cc69ec5a-41ac-4c72-81cb-b851e58049a6","2025-02-20T10:37:10.000Z","Climative","DH-20S",999,,,"kondensacyjny","e776d1ef-6176-4df4-8943-f39dd6e1a370",,,,"https://www.ceneo.pl/107404245#crid=581572&pid=16557",,"published",20,,,40,,40,14.5,34,33,56,,,,,420,,"R290",,,"[""Automatyczne wył. przy zapełnieniu"",""Blokada rodzicielska"",""Kółka jezdne"",""Wyświetlacz %"",""Automatycznie odszranianie"",""Optyczny wskaźnik napełnienia zbiornika"",""Kolorowy wskaźnik poziomu wilgotności""]",6.5,7.8,23.4,"[""1""]",30,80,,,195,48,,"[""osuszanie prania"",""continous (praca ciągła)""]","1",,,"0","0",,,"0","1","[""2""]","1","[""Wi-Fi 2,4 GHZ""]","[""nofollow"",""noopener""]","[""nofollow"",""noopener""]",,143,56,143,56,,,false,"[""Wi-fi""]","tak",false,"[]"
57,,"cc69ec5a-41ac-4c72-81cb-b851e58049a6","2022-10-13T13:03:38.000Z","cc69ec5a-41ac-4c72-81cb-b851e58049a6","2023-01-12T07:09:40.000Z","SilverCrest","20L SLE 320C4",749,,,"kondensacyjny","d92ac650-95e4-49dc-9a41-72a1647c3da5",,,,,,"published",20,,,,,40,,,,,,,,,320,,,,,"[""Automatyczne wył. przy zapełnieniu"",""Optyczny wskaźnik napełnienia zbiornika"",""Kółka jezdne"",""Blokada rodzicielska"",""Wyświetlacz %""]",5.5,6.6,19.8,"[""1""]",,,,,,50,,,"0",,,"0","1",,,"0","0",,"0","[""Wi-Fi 2,4 GHZ""]","[""nofollow"",""noopener""]","[""nofollow"",""noopener""]",,136,57,181,87,,,true,,"nie",false,"[]"
58,,"cc69ec5a-41ac-4c72-81cb-b851e58049a6","2022-10-14T08:18:49.000Z","cc69ec5a-41ac-4c72-81cb-b851e58049a6","2023-01-12T07:10:31.000Z","Haus & Luft","HL-OS-20",1099,,,"kondensacyjny","186bddc3-4f0a-4f60-8f4b-b8ecccbea1cb",,,,"https://www.ceneo.pl/74657982#crid=581578&pid=16557",,"published",20,,,30,,40,14.3,31,24,45,,,,,365,,"R290",75,"nie","[""Automatyczne wył. przy zapełnieniu"",""Optyczny wskaźnik napełnienia zbiornika"",""Automatycznie odszranianie"",""Kółka jezdne"",""Wyświetlacz %""]",4,4.8,14.4,"[""1""]",35,80,"5",2,180,46,,"[""SMART (tryb automatyczny)""]","1",,,"0","1",,,"0","1","[""1""]","1","[""Wi-Fi 2,4 GHZ""]","[""nofollow"",""noopener""]","[""nofollow"",""noopener""]",,144,60,131,63,,,true,,"nie",false,"[]"
59,,"cc69ec5a-41ac-4c72-81cb-b851e58049a6","2023-09-14T11:41:25.000Z","e7bcdc1c-c375-4e8c-80b7-b5e5af3507f6","2023-11-23T11:52:49.000Z","Olimpia","Splendid Aquaria S1 24P",1069,,,"kondensacyjny",,,,,,,"draft",24,,,,,48,,,,,,,,,515,,"R290",,"nie",,5,5,15,"[""1""]",,,,,180,42,38,,"1",,,"1","1",,,"0","0",,"1","[""Wi-Fi 2,4 GHZ""]","[""nofollow"",""noopener""]","[""nofollow"",""noopener""]",,168,70,157,75,,,false,,"nie",false,"[]"
60,,"cc69ec5a-41ac-4c72-81cb-b851e58049a6","2023-09-14T11:43:47.000Z","cc69ec5a-41ac-4c72-81cb-b851e58049a6","2023-09-14T11:45:11.000Z","Maltec","DH 20330",659,,,"kondensacyjny",,,,,,,"draft",20,,,,,40,,,,,,,,,330,,"R290",,"nie","[""Kółka jezdne"",""Blokada rodzicielska"",""Wyświetlacz %""]",4.5,5.4,16.2,"[""1""]",,,,,,45,41,,"1",,,"0","0",,,"0","0",,"0","[""Wi-Fi 2,4 GHZ""]","[""nofollow"",""noopener""]","[""nofollow"",""noopener""]",,80,34,121,58,,,false,,"nie",false,"[]"
61,,"e7bcdc1c-c375-4e8c-80b7-b5e5af3507f6","2023-11-08T12:52:01.000Z",,,"Maltec","DH-12200",649,,,"kondensacyjny","4f921e97-da1e-4c8b-afb9-421f95401a39",,,,"https://www.ceneo.pl/153237119#crid=643782&pid=16557",,"draft",12,,,32,,24,11,25.5,22,44.5,5,35,30,80,200,240,"R290",,"nie","[""Automatycznie odszranianie"",""Blokada rodzicielska"",""Wygaszanie podświetlania""]",2,4,12,"[""1""]",30,80,"5",2,120,38,37,"[""continous (praca ciągła)""]","1",,,"0","0",,,"0","0",,"0","[""Wi-Fi 2,4 GHZ""]","[""nofollow"",""noopener""]","[""nofollow"",""noopener""]","216b8c11-596d-4abb-b109-0857bc19a69b",,,,,,,false,,"nie",false,"[]"
63,,"e7bcdc1c-c375-4e8c-80b7-b5e5af3507f6","2024-07-19T11:59:19.000Z","cc69ec5a-41ac-4c72-81cb-b851e58049a6","2025-02-20T10:59:40.000Z","TCL","DEA25EB",2052,,,"kondensacyjny","9d44bcab-bf14-4341-80ba-53edd366a546",,,,"https://www.ceneo.pl/124791648#crid=614820&pid=16557",,"published",25,,,50,25,50,14,37,27,50.5,5,35,15,55,330,,"R290",60,"tak","[""Blokada rodzicielska"",""Automatyczne wył. przy zapełnieniu"",""Optyczny wskaźnik napełnienia zbiornika"",""Przypomnienie o czyszczeniu filtra""]",6,,,"[""1""]",15,55,,2,200,49,,"[""continous (praca ciągła)"",""basement (piwnica)"",""bedroom (sypialnia)""]","1",,,"0","0",,,"0","0",,"0","[""Wi-Fi 2,4 GHZ""]","[""nofollow"",""noopener""]","[""noopener"",""nofollow""]","ecd1f7f1-9c83-49d4-9fdf-f663e0fc6cef",,61,,39,,"https://ranking-oczyszczaczy.pl/osuszacze-powietrza/tcl/dea25eb/",false,"[""Timer""]","nie",false,"[]"
64,,"e7bcdc1c-c375-4e8c-80b7-b5e5af3507f6","2024-07-22T08:23:35.000Z","cc69ec5a-41ac-4c72-81cb-b851e58049a6","2025-03-03T12:37:12.000Z","Blaupunkt","ADH501",856,,,"kondensacyjny","9104d088-067f-47a0-b063-f3585d5e72c9",,,,"https://www.ceneo.pl/81231109#crid=614819&pid=16557",,"published",16,,,32,,32,11.8,30,23,53,5,32,35,80,260,,"R134a",140,"nie","[""Automatycznie odszranianie"",""Kółka jezdne"",""Wyświetlacz %"",""Automatyczne wył. przy zapełnieniu""]",3.5,,,"[""1""]",35,80,"5",2,130,48,,"[""continous (praca ciągła)""]","1",,,"0","0",,,"0","0",,"0","[""Wi-Fi 2,4 GHZ""]","[""nofollow"",""noopener""]","[""noopener"",""nofollow""]","a58b75eb-7514-4297-915a-181ca11f5ba7",,43,,50,,"https://ranking-oczyszczaczy.pl/osuszacze-powietrza/blaupunkt/adh501/",false,"[""Timer"",""Termometr"",""Higrometr"",""Filtr HEPA""]","tak",false,"[]"
65,,"e7bcdc1c-c375-4e8c-80b7-b5e5af3507f6","2024-07-22T10:41:13.000Z","cc69ec5a-41ac-4c72-81cb-b851e58049a6","2025-02-20T10:57:21.000Z","TCL","DEWA20EB",1299,,,"kondensacyjny","8e117b17-cb5d-412d-9447-66ac8863fa2b",,,,"https://www.ceneo.pl/124791652#crid=562934&pid=16557",,"published",20,,,,,40,12.2,36,20,57,5,35,35,80,445,,"R290",0.6,"nie","[""Automatyczne wył. przy zapełnieniu"",""Optyczny wskaźnik napełnienia zbiornika"",""Kółka jezdne"",""Wyświetlacz %"",""Wygaszanie podświetlania""]",4.2,,,"[""1""]",35,80,,,175,41,,"[""swing"",""continous (praca ciągła)"",""tryb auto""]","1",,,"0","0",,,"0","0","[""1""]","0","[]","[""nofollow"",""noopener""]","[""nofollow"",""noopener""]","a7377089-9457-4c9e-a8e0-a77ec3a38411",,50,,39,,"https://ranking-oczyszczaczy.pl/osuszacze-powietrza/tcl/dewa20eb/",false,"[""Jonizator powietrza"",""Timer"",""Swing"",""Higrometr""]","tak",false,"[]"
66,,"e7bcdc1c-c375-4e8c-80b7-b5e5af3507f6","2024-07-22T11:22:54.000Z","cc69ec5a-41ac-4c72-81cb-b851e58049a6","2025-03-03T12:43:01.000Z","Welltec","DHN30",1750,,,"kondensacyjny","c3cf5660-aafd-40a7-8eb5-74c6b93ec637",,,,"https://www.ceneo.pl/98047761#crid=614822&pid=16557",,"published",30,,,60,,60,16,37.1,31,58.7,5,35,30,90,580,230,"R290",,"nie","[""Blokada rodzicielska"",""Kółka jezdne"",""Wyświetlacz %"",""Automatyczne wył. przy zapełnieniu""]",6,,,"[""1""]",30,90,"5",3,350,50,0,"[""osuszanie prania"",""continous (praca ciągła)"",""tryb auto"",""komfortowy""]","1",,,"1","1",,,"0","0",,"1","[""Wi-Fi 2,4 GHZ""]","[""nofollow"",""noopener""]","[""nofollow"",""noopener""]","5e56fa4e-7e99-48ac-b768-5c29ac262e69",,92,,52,,"https://ranking-oczyszczaczy.pl/osuszacze-powietrza/welltec/dhn30/",false,"[""Filtr HEPA"",""Filtr węglowy"",""Wi-fi"",""Swing"",""Timer"",""Termometr"",""Higrometr""]","tak",false,"[]"
67,,"ce682939-7d3b-4f32-85de-df7f56fffb04","2024-08-09T11:44:15.000Z","cc69ec5a-41ac-4c72-81cb-b851e58049a6","2025-03-18T13:00:34.000Z","Meaco","Arete 20",1600,,,"kondensacyjny","3e8c4b65-875e-4a88-94cd-664056d6ecc1",,,,"https://www.ceneo.pl/124206730#crid=620922&pid=16557",,"published",20,,,40,,40,,,,,,,,,250,,,,"nie",,4.8,,,"[""1""]",,,,,,40,,,"0",,,"1","0",,,"0","0",,"0","[""Wi-Fi 2,4 GHZ""]","[""nofollow"",""noopener""]","[""noopener"",""nofollow""]",,,23,,36,,,false,"[""Filtr HEPA"",""Wi-fi"",""Timer""]","nie",false,"[]"
68,,"ce682939-7d3b-4f32-85de-df7f56fffb04","2024-08-09T11:51:49.000Z","cc69ec5a-41ac-4c72-81cb-b851e58049a6","2025-03-18T12:58:09.000Z","Trotec","TTK 64 HEPA",1549,,,"kondensacyjny","c0b7a50d-4a6f-4df6-b060-d512a6473db4",,,,"https://www.ceneo.pl/141857039#crid=620928&pid=16557",,"published",20,,,,,40,,,,,,,,,420,,,,"nie",,4.8,,,"[""1""]",,,,,,40,,,"0",,,"1","0",,,"0","0",,"0","[""Wi-Fi 2,4 GHZ""]","[""nofollow"",""noopener""]","[""noopener"",""nofollow""]",,,40,,56,,,false,"[""Filtr HEPA"",""Wi-fi"",""Timer""]","nie",false,"[]"
69,,"ce682939-7d3b-4f32-85de-df7f56fffb04","2024-08-09T11:54:16.000Z","cc69ec5a-41ac-4c72-81cb-b851e58049a6","2025-03-18T12:56:11.000Z","Perfect Air","Smart Concept OV2216",999,,,"kondensacyjny","d5fcb4aa-8081-446a-8ab5-dc370330c483",,,,"https://www.ceneo.pl/143201957#crid=620930&pid=16557",,"published",16,,,,,32,,,,,,,,,240,,,,"nie",,3.5,,,,,,,,,45,,,"1",,,"1","0",,,"0","0","[""2""]","0","[""Wi-Fi 2,4 GHZ""]","[""nofollow"",""noopener""]","[""nofollow"",""noopener""]",,,45,,64,,,false,"[""Filtr HEPA"",""Jonizator powietrza""]","nie",false,"[]"
70,,"ce682939-7d3b-4f32-85de-df7f56fffb04","2024-08-09T11:57:42.000Z","cc69ec5a-41ac-4c72-81cb-b851e58049a6","2025-03-18T12:54:35.000Z","Warmtec","DHN40",2599,,,"kondensacyjny","04a90b2c-ec93-432f-974d-c3b4a0994550",,,,"https://www.ceneo.pl/98047770#crid=620931&pid=16557",,"published",38,,,,,80,,,,,,,,,600,,,,"nie",,6,,,,,,,,400,43,,,"1",,,"1","1",,,"0","0",,"0","[""Wi-Fi 2,4 GHZ""]","[""nofollow"",""noopener""]","[""noopener"",""nofollow""]",,,40,,45,,,false,"[""Wi-fi"",""Filtr HEPA"",""Filtr węglowy""]","nie",false,"[]"
71,,"e7bcdc1c-c375-4e8c-80b7-b5e5af3507f6","2024-09-23T11:01:07.000Z","cc69ec5a-41ac-4c72-81cb-b851e58049a6","2025-06-16T08:51:15.000Z","Klarstein","DryFy Grand Smart 55",1800,,,"kondensacyjny","8f85b284-d266-4b67-a085-9a2661fa538b",,,,"https://www.ceneo.pl/159377805#crid=705010&pid=16557",,"published",55,,,45,,110,25,46,30.5,71,5,35,20,95,500,230,"R290",,"nie","[""Kółka jezdne"",""Wyświetlacz %"",""Optyczny wskaźnik napełnienia zbiornika"",""Wygaszanie podświetlania""]",8,,,"[""1""]",20,95,"5",3,360,45,,"[""continous (praca ciągła)""]","1",,,"0","0",,,"0","0",,"1","[""Asystent Google"",""Wi-Fi 2,4 GHZ""]","[""nofollow"",""noopener""]","[""nofollow"",""noopener""]","4cdf4619-0762-4276-9f60-e2a374ac8759",,98,,86,,,false,"[""Timer"",""Wi-fi"",""Higrometr""]","tak",false,"[]"
73,,"cc69ec5a-41ac-4c72-81cb-b851e58049a6","2024-10-08T08:26:31.000Z","cc69ec5a-41ac-4c72-81cb-b851e58049a6","2025-02-20T09:11:16.000Z","Warmtec","ODT-25N",1099,,,"Osuszacz powietrza","0672b86b-7a70-4bcb-a8a2-8b423fe6029f",,,,"https://www.ceneo.pl/154980273#crid=706642&pid=16557",,"published",25,"20°C, RH 60%",,46,12,50,14.5,36.5,25,50,5,32,,,320,230,"R290",,"nie","[""Blokada rodzicielska"",""Optyczny wskaźnik napełnienia zbiornika"",""Automatyczne wył. przy zapełnieniu"",""Automatycznie odszranianie"",""Przypomnienie o czyszczeniu filtra"",""Kółka jezdne"",""Wyświetlacz %"",""Boczny wylot powietrza""]",3.4,,,"[""1""]",,,,2,230,49,,"[""continous (praca ciągła)"",""comfort (praca automatyczna)""]","1",,,"0","0",,,"0","0",,"0","[""Wi-Fi 2,4 GHZ""]","[""nofollow"",""noopener""]","[""nofollow"",""noopener""]",,,66,,60,,"https://ranking-oczyszczaczy.pl/osuszacze-powietrza/warmtec/odt-25n/",false,"[""Wi-fi"",""Timer"",""Higrometr""]","tak",false,"[]"
74,,"cc69ec5a-41ac-4c72-81cb-b851e58049a6","2024-10-08T09:13:42.000Z","cc69ec5a-41ac-4c72-81cb-b851e58049a6","2025-02-20T09:08:42.000Z","Mission Air","ProDry 50L",1549,,,"Osuszacz powietrza","d8f31340-ee05-48d0-9947-9d37926e78e2",,,,"https://www.ceneo.pl/159317599#crid=706643&pid=16557",,"published",50,"27℃, RH 60%",,125,30,100,19,36.5,25.5,63,5,35,,,685,,"R290",125,"nie","[""Kółka jezdne"",""Wyświetlacz %"",""Automatycznie odszranianie"",""Optyczny wskaźnik napełnienia zbiornika"",""Automatyczne wył. przy zapełnieniu""]",5.1,,,"[""1""]",,,,2,350,46,,"[""continous (praca ciągła)"",""auto (praca z higrostatem)""]","1",,,"0","0",,,"0","0",,"1","[""Wi-Fi 2,4 GHZ""]","[""nofollow"",""noopener""]","[""noopener"",""nofollow""]",,,95,,82,,"https://ranking-oczyszczaczy.pl/osuszacze-powietrza/mission-air/prodry-50l/",false,"[""Wi-fi"",""Timer"",""Higrometr""]","tak",false,"[]"
75,,"cc69ec5a-41ac-4c72-81cb-b851e58049a6","2024-10-08T10:14:28.000Z","cc69ec5a-41ac-4c72-81cb-b851e58049a6","2025-02-20T09:53:17.000Z","EcoAir","DD3 Classic",1659,,,"adsorpcyjny","ca77b7c3-6ee0-4bf3-9aec-9f07e1bf6771",,,,"https://www.ceneo.pl/57513672#crid=706645&pid=16557",,"published",10,,,120,,120,8.5,,,,1,40,,,670,,,,"nie","[""Automatyczne wył. przy zapełnieniu""]",3.5,,,"[""1""]",,,,2,276,51,42,"[""continous (praca ciągła)"",""automatyczny (praca z higrostatem)"",""intensywny ""]","1",,,"0","0",,,"0","0",,"0","[""Wi-Fi 2,4 GHZ""]","[""nofollow"",""noopener""]","[""nofollow"",""noopener""]",,,76,,46,,,false,"[""Timer"",""Higrometr""]","tak",false,"[]"
76,,"cc69ec5a-41ac-4c72-81cb-b851e58049a6","2024-10-08T10:59:51.000Z","cc69ec5a-41ac-4c72-81cb-b851e58049a6","2025-02-20T11:12:07.000Z","Ruby","DH600",1390,,,"adsorpcyjny","f6bf2555-e0da-408c-8624-95470f10ba21",,,,"https://www.ceneo.pl/6749709#crid=706656&pid=16557",,"published",5.5,"5°C, RH 60%","20°C, RH 80%",22,5.1,22,7,20,43,54.5,1,40,30,99,430,,,,"nie",,5.5,,,"[""1""]",,,,3,150,45,29,,"0",,,"0","1",,,"0","0",,"0","[""Wi-Fi 2,4 GHZ""]","[""nofollow"",""noopener""]","[""nofollow"",""noopener""]",,,51,,37,,,false,"[""Filtr węglowy""]","tak",false,"[]"
77,,"cc69ec5a-41ac-4c72-81cb-b851e58049a6","2024-10-08T11:31:35.000Z","cc69ec5a-41ac-4c72-81cb-b851e58049a6","2025-02-20T11:01:41.000Z","Meaco","DD8L",1650,,,"adsorpcyjny","5f76e7c4-976a-4bd6-a63c-f448296a74ee",,,,"https://www.ceneo.pl/43267149#crid=706661&pid=16557",,"published",8,,,22,,,6.4,,,,1,40,,,650,,,,"nie",,2,,,,,,,2,115,48,,,"1",,,"1","0",,,"1","0",,"0","[""Wi-Fi 2,4 GHZ""]","[""nofollow"",""noopener""]","[""noopener"",""nofollow""]",,,62,,37,,,false,"[""Timer"",""Filtr HEPA"",""Jonizator powietrza""]","tak",false,"[]"
78,,"cc69ec5a-41ac-4c72-81cb-b851e58049a6","2024-10-08T11:46:41.000Z","cc69ec5a-41ac-4c72-81cb-b851e58049a6","2025-03-03T12:46:01.000Z","Air&Me","Evel",1469,,,"adsorpcyjny","e0ff00a6-e9c9-4f35-b596-91a77c5e4af9",,,,"https://www.ceneo.pl/81316587#crid=706664&pid=16557",,"published",7,,,90,,90,,,,,0,35,,,650,,,,"nie",,2.5,,,,,,,,140,55,,,"0",,,"0","0",,,"0","0",,"0","[""Wi-Fi 2,4 GHZ""]","[""nofollow"",""noopener""]","[""nofollow"",""noopener""]",,,60,,41,,,false,"[""Timer"",""Higrometr"",""Swing""]","tak",false,"[]"
79,,"cc69ec5a-41ac-4c72-81cb-b851e58049a6","2024-10-08T12:04:40.000Z","cc69ec5a-41ac-4c72-81cb-b851e58049a6","2025-02-20T10:59:03.000Z","Remko","ASF 100",1830,,,"adsorpcyjny","d9839acf-1e1f-4cbb-9192-7408825a3930",,,,"https://www.ceneo.pl/27580093#crid=706667&pid=16557",,"published",8.7,,,28,,28,6.5,,,,1,40,,,600,,,,"nie",,3,,,,,,,,150,48,,,"0",,,"0","0",,,"0","0",,"0","[""Wi-Fi 2,4 GHZ""]","[""nofollow"",""noopener""]","[""noopener"",""nofollow""]",,,71,,39,,,false,"[""Jonizator powietrza"",""Swing""]","tak",false,"[]"
80,,"cc69ec5a-41ac-4c72-81cb-b851e58049a6","2024-10-08T12:23:36.000Z","cc69ec5a-41ac-4c72-81cb-b851e58049a6","2025-02-20T09:53:51.000Z","Woods","WDD90",1350,,,"adsorpcyjny","02e6018a-43bf-446a-8a2d-5402d138233b",,,,"https://www.ceneo.pl/159317587#crid=706669&pid=16557",,"published",8,,,60,,60,,,,,1,37,,,630,,,,"nie",,2,,,,,,,,180,49,,,"0",,,"0","0",,,"1","0",,"0","[""Wi-Fi 2,4 GHZ""]","[""nofollow"",""noopener""]","[""noopener"",""nofollow""]",,,73,,54,,,false,"[""Jonizator powietrza"",""Timer"",""Swing"",""Higrometr"",""Wi-fi""]","tak",false,"[]"
81,,"cc69ec5a-41ac-4c72-81cb-b851e58049a6","2024-10-15T12:18:36.000Z","cc69ec5a-41ac-4c72-81cb-b851e58049a6","2025-03-03T12:43:48.000Z","Concept","Perfect Air Smart OV2012",839,,,"Osuszacz powietrza z jonizatorem","29442660-a4ec-4061-a51c-25d1e0a0e635",,,,"https://www.ceneo.pl/143199948#crid=707604&pid=16557",,"published",12,,,45,,24,9.5,25,25,46,5,42,,,210,,,,"nie","[""Kółka jezdne"",""Wyświetlacz %"",""Kolorowy wskaźnik poziomu wilgotności"",""Automatycznie odszranianie"",""timer (programator czasowy)""]",2.2,,,"[""1""]",,,,2,120,45,,"[""continous (praca ciągła)"",""osuszanie prania"",""automatyczny""]","1",,,"0","1",,,"1","0",,"1","[""Wi-Fi 2,4 GHZ""]","[""nofollow"",""noopener""]","[""noopener"",""nofollow""]",,,36,,43,,,false,"[""Wi-fi"",""Filtr węglowy"",""Jonizator powietrza"",""Timer"",""Higrometr""]","tak",false,"[]"
82,,"cc69ec5a-41ac-4c72-81cb-b851e58049a6","2024-10-15T12:32:04.000Z","cc69ec5a-41ac-4c72-81cb-b851e58049a6","2025-02-20T11:16:48.000Z","Mozano","Dry Comfort 90W",219,,,"Peltiera","e8735a06-f6e9-4e4d-83a7-7f9302e042ec",,,,"https://www.ceneo.pl/117322457#crid=707605&pid=16557",,"published",0.7,,,40,,2,,,,,,,,,90,,,,"nie","[""Wyświetlacz %"",""Automatycznie odszranianie"",""Optyczny wskaźnik napełnienia zbiornika"",""Automatyczne wył. przy zapełnieniu""]",2.2,,,,,,,,,35,,,"0",,,"0","0",,,"0","1",,"0","[""Wi-Fi 2,4 GHZ""]","[""nofollow"",""noopener""]","[""noopener"",""nofollow""]",,,15,,27,,,false,"[""Timer"",""Termometr"",""Higrometr""]","tak",false,"[]"
83,,"f76fde35-7e8f-49bd-893d-9706def1e294","2024-11-19T14:29:53.000Z","cc69ec5a-41ac-4c72-81cb-b851e58049a6","2025-03-18T12:50:37.000Z","DeLonghi","Tasciugo AriaDry Multi DDSX220",1409,,,"kondensacyjny","d6bf57c3-2956-4a43-be53-44573926d00c",,,,"https://www.ceneo.pl/98850069#crid=715458&pid=16557","Link do Ceneo.pl","published",21,,,90,,42,13.5,38.3,25.5,60,2,30,,,430,220,"R290",,"nie","[""Automatyczne wył. przy zapełnieniu"",""Optyczny wskaźnik napełnienia zbiornika"",""Wyświetlacz %""]",5,,,"[""1""]",30,90,,3,,47,42,"[""continous (praca ciągła)"",""swing""]","1",9,,"1","1",9,,"0","0",,"0","[""Wi-Fi 2,4 GHZ""]","[""nofollow"",""noopener""]","[""nofollow"",""noopener""]",,,61,,43,,"https://ranking-oczyszczaczy.pl/osuszacze-powietrza/delonghi/tasciugo-ariadry-multi-ddsx220/",false,"[""Filtr HEPA"",""Wi-fi"",""Swing"",""Timer"",""Termometr""]","tak",false,"[71,72,73,74]"
84,,"94875643-bc29-4c6b-89d0-3b59e7ddf858","2024-11-21T12:16:59.000Z","309a04ad-6ef4-473d-a546-8f933d59bfd8","2024-11-25T14:55:18.000Z","Klarstein","DryFy ProConnect 24L",1317,,,"kondensacyjny","be4159a2-a1a5-45ea-815c-e2637a82041a","Allegro.pl","http://bit.ly/4fXXBQE","Allegro.pl",,,"published",24,,,36,,48,15,20,38,58,,,,,305,,"R290",,"nie","[""Automatyczne wył. przy zapełnieniu"",""Kółka jezdne"",""Wyświetlacz %"",""Optyczny wskaźnik napełnienia zbiornika"",""Automatycznie odszranianie"",""Blokada rodzicielska""]",4,,,"[""1""]",40,80,"5",2,180,42,,"[""continous (praca ciągła)"",""swing"",""tryb cichy"",""tryb automatyczny""]","1",,,"1","1",,,"0","0",,"0","[""Wi-Fi 2,4 GHZ""]","[""noopener"",""nofollow""]","[""nofollow"",""noopener""]","454ccd53-2351-4827-ba6c-3f18dfcbb4ce",,,,,,,false,"[""Filtr HEPA"",""Wi-fi"",""Higrometr"",""Filtr węglowy""]","nie",false,"[75]"
85,,"cc69ec5a-41ac-4c72-81cb-b851e58049a6","2024-11-21T14:01:57.000Z","309a04ad-6ef4-473d-a546-8f933d59bfd8","2025-01-21T13:42:38.000Z","Xiaomi","Smart Dehumidifier Lite",799,,,"kondensacyjny","7ada2832-297c-4092-b56c-4db42bd4f752",,,,"https://www.ceneo.pl/174847397#crid=715809&pid=16557",,"published",13,"27°C, RH 60%","30°C, RH 80%",25,7,26,11.1,29,29,52,5,35,,,250,,,,"nie","[""Kółka jezdne"",""Wyświetlacz %"",""Automatyczne wył. przy zapełnieniu""]",3,,,,,,,,140,34,,"[""osuszanie prania"",""automatyczny""]","1",,,"0","0",,,"0","0",,"1","[""Wi-Fi 2,4 GHZ""]","[""nofollow"",""noopener""]","[""nofollow"",""noopener""]",,,33,,39,,"/osuszacze-powietrza/xiaomi/smart-dehumidifier-lite/",false,"[""Wi-fi"",""Higrometr""]","nie",false,"[]"
87,,"94875643-bc29-4c6b-89d0-3b59e7ddf858","2024-11-25T12:14:33.000Z","cc69ec5a-41ac-4c72-81cb-b851e58049a6","2025-05-09T05:52:58.000Z","Fersk","Torr 20 Gray",949,,,"Osuszacz powietrza z oczyszczaczem","5a8971fc-9c86-430e-80fc-240c43390fce","Fersk","https://fersk.pl/osuszacze-powietrza/fersk-torr-20-gray/","Osuszacz powietrza Fersk Torr 20 Gray",,,"published",20,,,40,,40,15,33,23,51,5,32,,,400,,"R290",52,"nie","[""Automatyczne wył. przy zapełnieniu"",""Optyczny wskaźnik napełnienia zbiornika"",""Automatycznie odszranianie"",""Blokada rodzicielska"",""Kółka jezdne"",""Wyświetlacz %"",""Funkcja osuszania wnętrza urządzenia""]",4,,,"[""1""]",30,80,"5",2,230,55,42,"[""continous (praca ciągła)""]","1",6,99,"1","0",,,"1","0",,"1","[""Wi-Fi 2,4 GHZ""]","[""nofollow""]","[""noopener"",""nofollow""]","afe36594-30e5-44d8-9fec-069e37b90b5c",,75,,90,,"https://ranking-oczyszczaczy.pl/osuszacze-powietrza/fersk/torr-20/",false,"[""Filtr HEPA"",""Wi-fi"",""Jonizator powietrza"",""Timer"",""Higrometr""]","nie",false,"[]"
88,,"94875643-bc29-4c6b-89d0-3b59e7ddf858","2024-11-25T12:24:10.000Z","cc69ec5a-41ac-4c72-81cb-b851e58049a6","2025-05-09T05:51:03.000Z","Fersk","Torr 30 Gray",1099,,,"Osuszacz powietrza z oczyszczaczem","c71efc98-fc4c-4f06-97f0-1ea97cce8398","Fersk","https://fersk.pl/osuszacze-powietrza/fersk-torr-30-gray/",,,,"published",30,,,60,,60,16,33,23,51,5,32,,,600,,"R290",70,"nie","[""Automatyczne wył. przy zapełnieniu"",""Optyczny wskaźnik napełnienia zbiornika"",""Automatycznie odszranianie"",""Blokada rodzicielska"",""Kółka jezdne"",""Wyświetlacz %"",""Funkcja osuszenie wnętrza urządzenia""]",4,,,"[""1""]",30,80,"5",2,230,47,42,"[""continous (praca ciągła)"",""tryb automatyczny""]","1",6,99,"1","0",,,"1","0",,"0","[""Wi-Fi 2,4 GHZ""]","[""nofollow""]","[""nofollow"",""noopener""]","ccb38662-2ccd-489a-a95c-6321075de21e",,96,,95,,"https://ranking-oczyszczaczy.pl/osuszacze-powietrza/fersk/torr-30/",false,"[""Filtr HEPA"",""Wi-fi"",""Jonizator powietrza"",""Timer"",""Higrometr""]","nie",false,"[]"
89,,"cc69ec5a-41ac-4c72-81cb-b851e58049a6","2024-11-26T07:43:17.000Z","cc69ec5a-41ac-4c72-81cb-b851e58049a6","2025-03-03T12:31:58.000Z","Warmtec","ODT-35N",1299,,,"kondensacyjny","cd572648-72a8-4aac-8a9c-ab0c738d469c",,,,"https://www.ceneo.pl/156228851#crid=716544&pid=16557",,"published",35,"20°C, RH 60%","30°C, RH 80%",54,17.5,70,15,36.5,25,50,5,32,,,500,,"R290",,"nie","[""Blokada rodzicielska"",""Kółka jezdne"",""Wyświetlacz %"",""Przypomnienie o czyszczeniu filtra"",""Automatycznie odszranianie"",""Optyczny wskaźnik napełnienia zbiornika"",""Automatyczne wył. przy zapełnieniu""]",3.4,,,"[""1""]",35,80,,,270,49,,"[""continous (praca ciągła)"",""comfort (dostosowanie do temperatury)"",""turbo""]","1",,,"0","0",,,"0","0",,"1","[""Wi-Fi 2,4 GHZ""]","[""nofollow"",""noopener""]","[""noopener"",""nofollow""]",,,92,,70,,"https://ranking-oczyszczaczy.pl/osuszacze-powietrza/warmtec/odt-35n/",false,"[""Higrometr"",""Timer"",""Wi-fi""]","tak",false,"[]"
90,,"f76fde35-7e8f-49bd-893d-9706def1e294","2024-12-04T09:40:24.000Z","cc69ec5a-41ac-4c72-81cb-b851e58049a6","2025-03-18T13:02:42.000Z","Sharp","UD-T104AP-W",499,799,,"kondensacyjny","b4113f1f-6c5f-45c6-9a70-2f5fff39d743",,,,"https://www.ceneo.pl/174668637#crid=718029&pid=16557","Sprawdź na Ceneo.pl","published",10,,,22,,20,12,29,24.5,47.6,,,,,220,230,"R290",,"nie",,2,,,"[""1""]",,,,,,60,44,,"0",,,"0","0",,,"0","0",,"0","[""Wi-Fi 2,4 GHZ""]","[""nofollow"",""noopener""]","[""noopener"",""nofollow""]",,,18,,50,,,false,"[""Timer"",""Higrometr""]","nie",false,"[]"
91,,"cc69ec5a-41ac-4c72-81cb-b851e58049a6","2025-02-18T08:03:17.000Z","cc69ec5a-41ac-4c72-81cb-b851e58049a6","2025-03-03T12:44:51.000Z","Trotec","TTK 166 ECO",2299,,,"Osuszacz budowlany","2c260e68-b30b-463f-b1f0-4d40d37401e2",,,,"https://www.ceneo.pl/141635159#crid=727270&pid=16557",,"published",50,"20°C, RH 60%","30°C, RH 80%",90,20,100,30,45,48,65.5,5,35,10,95,950,,"R290",200,"nie","[""Automatyczne wył. przy zapełnieniu"",""Automatycznie odszranianie"",""Wyświetlacz %"",""Termometr"",""Kółka jezdne"",""timer (programator czasowy)""]",7,,,"[""1""]",,,,,300,63,56,"[""continous (praca ciągła)""]","1",,,"0","0",,,"0","0",,"0","[""Wi-Fi 2,4 GHZ""]","[""nofollow"",""noopener""]","[""noopener"",""nofollow""]",,,93,,46,,,false,"[""Timer"",""Termometr"",""Higrometr""]","tak",false,"[]"
92,,"cc69ec5a-41ac-4c72-81cb-b851e58049a6","2025-02-20T09:26:42.000Z","cc69ec5a-41ac-4c72-81cb-b851e58049a6","2025-06-16T08:57:21.000Z","Columbia","VAC OPC1000N",545,,,"kondensacyjny","b2df7558-e639-4382-81f2-c48555196c63",,,,"https://www.ceneo.pl/97533159#crid=727542&pid=16557",,"published",12,"27°C, RH 60%","30°C, RH 80%",25,7,24,11,22,25.5,46,5,35,,,185,,,,"nie","[""Automatyczne wył. przy zapełnieniu"",""Optyczny wskaźnik napełnienia zbiornika"",""Blokada rodzicielska"",""Kółka jezdne"",""Wyświetlacz %""]",2,,,"[""1""]",30,80,"5",2,130,36,,"[""continous (praca ciągła)""]","1",,,"0","0",,,"0","0",,"0","[""Wi-Fi 2,4 GHZ""]","[""nofollow"",""noopener""]","[""noopener"",""nofollow""]",,,32,,58,,,false,"[""Timer"",""Higrometr""]","nie",false,"[]"
93,,"cc69ec5a-41ac-4c72-81cb-b851e58049a6","2025-02-20T09:36:42.000Z","cc69ec5a-41ac-4c72-81cb-b851e58049a6","2025-02-20T09:38:14.000Z","Yoer","Secco DE01W",2299,,,"kondensacyjny","1e2ed777-7805-494b-b47f-cada4687ee7e",,,,"https://www.ceneo.pl/158143669#crid=727544&pid=16557",,"published",60,,,70,,120,21,38,28,62.5,,,,,800,,,,"nie","[""Automatyczne wył. przy zapełnieniu"",""Automatycznie odszranianie"",""Optyczny wskaźnik napełnienia zbiornika"",""Blokada rodzicielska"",""Kółka jezdne"",""Wyświetlacz %"",""timer (programator czasowy)""]",8,,,"[""1""]",,,,2,270,50,45,"[""continous (praca ciągła)"",""osuszanie prania""]","1",,,"0","1",,,"0","0",,"0","[""Wi-Fi 2,4 GHZ""]","[""nofollow"",""noopener""]","[""noopener"",""nofollow""]",,,97,,73,,,false,"[""Wi-fi"",""Timer"",""Higrometr"",""Filtr węglowy"",""Pompa wody""]","tak",false,"[]"
94,,"cc69ec5a-41ac-4c72-81cb-b851e58049a6","2025-02-20T10:27:54.000Z","cc69ec5a-41ac-4c72-81cb-b851e58049a6","2025-06-16T08:55:17.000Z","Berdsen","BD-521",530,,,"kondensacyjny","0b9be3e2-d7ee-435c-bde7-2d8b4a31f9cf",,,,"https://www.ceneo.pl/116034415#crid=727552&pid=16557",,"published",12,,,60,,24,,,,,5,,,,250,,,,"nie","[""Kółka jezdne"",""Wyświetlacz %"",""timer (programator czasowy)"",""Automatyczne wył. przy zapełnieniu"",""Kolorowy wskaźnik poziomu wilgotności""]",2.5,,,"[""1""]",30,80,,,120,45,,,"0",,,"0","0",,,"0","0",,"0","[""Wi-Fi 2,4 GHZ""]","[""nofollow"",""noopener""]","[""noopener"",""nofollow""]",,,31,,58,,,false,"[""Timer"",""Higrometr""]","nie",false,"[]"
95,,"cc69ec5a-41ac-4c72-81cb-b851e58049a6","2025-02-20T10:55:21.000Z",,,"Sharp","UD-P16E-W",849,,,"kondensacyjny","dbb3348a-87b0-423d-9ac8-687a1cb989db",,,,"https://www.ceneo.pl/129648911#cid=25918&crid=541179&pid=16557",,"published",16,,,38,,32,15.4,,,,,,,,230,,"R290",,"nie","[""Kółka jezdne"",""Wyświetlacz %"",""Automatyczne wył. przy zapełnieniu"",""Automatycznie odszranianie"",""Blokada rodzicielska"",""timer (programator czasowy)""]",3.8,,,"[]",,,,2,146,48,,"[""swing"",""osuszanie prania""]","0",,,"0","0",,,"0","0",,"0","[""Wi-Fi 2,4 GHZ""]","[""nofollow"",""noopener""]","[""nofollow"",""noopener""]",,,35,,41,,,false,"[""Higrometr"",""Timer"",""Swing""]","tak",false,"[]"
96,,"cc69ec5a-41ac-4c72-81cb-b851e58049a6","2025-02-20T11:29:07.000Z","cc69ec5a-41ac-4c72-81cb-b851e58049a6","2025-02-20T11:29:26.000Z","Maltec","DH-2200",549,,,"Peltiera","cbd77f79-604c-4b87-8e1a-8866fda5022f",,,,"https://www.ceneo.pl/133439446#crid=727566&pid=16557",,"published",0.7,,,,,1,2.4,24,13.5,36.5,,,,,90,,,,"nie","[""Automatyczne wył. przy zapełnieniu"",""Optyczny wskaźnik napełnienia zbiornika"",""Wyświetlacz %"",""timer (programator czasowy)"",""Termometr""]",2.2,,,,,,,,,34,,,"0",,,"0","0",,,"0","0",,"0","[""Wi-Fi 2,4 GHZ""]","[""nofollow"",""noopener""]","[""nofollow"",""noopener""]",,,15,,11,,,false,"[""Termometr"",""Timer"",""Higrometr""]","tak",false,"[]"
98,,"e7bcdc1c-c375-4e8c-80b7-b5e5af3507f6","2025-03-03T08:59:04.000Z","e7bcdc1c-c375-4e8c-80b7-b5e5af3507f6","2025-03-04T12:56:31.000Z","Eldom","OP1131 Luxi",569,,,"kondensacyjny","4f719681-6618-4a83-bcea-ba76e7ea96c2",,,,"https://www.ceneo.pl/174072709?srsltid=AfmBOoqediKjfL6d551vnr8lJeKA8_BvbgRTTrc8IXduN1EZ4DaXAY5n#crid=728700&pid=16557",,"published",10,,,25,,20,11,29.1,24.2,41.5,5,35,30,90,180,,"R290",38,"nie","[""Automatyczne wył. przy zapełnieniu"",""Wyświetlacz %""]",2.3,,,"[""1""]",30,80,"5",,100,72,,"[""continous (praca ciągła)""]","1",,,"0","0",,,"0","0",,"0","[""Wi-Fi 2,4 GHZ""]","[""nofollow"",""noopener""]","[""nofollow""]","da67eb03-7c61-4ffe-89ee-396828cf8994",,28,,19,,"https://ranking-oczyszczaczy.pl/osuszacze-powietrza/eldom/op1131-luxi-wifi/",false,"[""Wi-fi""]","tak",false,"[]"