"id","status","sort","user_created","date_created","user_updated","date_updated","brand_name","model","colors","image","price","price_date","price_before","discount_info","partner_name","partner_link_url","partner_link_rel_2","partner_link_title","ceneo_url","ceneo_link_rel_2","ceneo_link_title","vacuum_cleaner_type","suction_power_aw","suction_power_pa","number_of_suction_power_levels","automatic_power_adjustment","suction_power_highest_level_pa","suction_power_medium_level_pa","suction_power_low_level_pa","maximum_engine_power","rotation_speed","noise_level","battery_change","cable_length","power_supply","maximum_operation_time","battery_charging_time","battery_voltage","battery_capacity","mopping_function","active_washing_function","self_cleaning_function","self_cleaning_underlays","clean_water_tank_capacity","dirty_water_tank_capacity","dust_tank_capacity","hand_vacuum_cleaner","led_backlight","uv_technology","detecting_dirt_on_the_floor","detecting_carpet","display","display_type","pollution_filtration_system","cyclone_technology","mesh_filter","hepa_filter","epa_filter","electric_brush","bendable_pipe","turbo_brush","carpet_and_floor_brush","attachment_for_pets","telescopic_tube","charging_station","additional_equipment","for_pet_owners","for_allergy_sufferers","weight","warranty","profitability","capability","capability_points","profitability_points","ranking","review_link","mopping_time_max","vacuuming_time_max","easy_emptying_tank","continuous_work","displaying_battery_status","operation_time_turbo","operation_time_eco","weight_hand","type_of_washing","main_ranking","type","ranking_hidden","is_promo","videorecenzja1"
5,"published",,"cc69ec5a-41ac-4c72-81cb-b851e58049a6","2024-08-23T08:19:22.000Z","cc69ec5a-41ac-4c72-81cb-b851e58049a6","2025-03-24T13:40:15.000Z","Xiaomi","Mi Vacuum Cleaner G10","[""biały z elementami pomarańczowego""]","0e51b87c-8caa-48b1-a9b2-e237dcbe0086",1100,"2024-12-10",,,,,"[""nofollow"",""noopener""]",,"https://www.ceneo.pl/103475515#crid=703068&pid=16557","[""nofollow"",""noopener""]",,"[""bezworkowy""]",150,,3,"Jest",,,,450,125000,79,"Jest",,"[""Akumulatorowe""]","65","3,5",25.2,3000,"Jest","Brak","Brak","Jest",0.23,,0.6,"Jest","Brak","Brak","Brak","Jest","Jest","[""TFT""]","5-stopniowy","Jest","Jest","Jest",,"Jest","Brak","Brak","Jest","Jest","Brak","[""stacja do montażu na ścianie""]","[""zbiornik na wodę"",""pad mopujący"",""dysza szczelinowa"",""dysza 2w1""]","Tak","Tak",4.2,,76,64,,,,,,65,"Jest","Jest","Procentowo","99","99",99.99,,"nie","stick",false,false,
6,"published",,"cc69ec5a-41ac-4c72-81cb-b851e58049a6","2024-08-26T06:35:46.000Z","e7bcdc1c-c375-4e8c-80b7-b5e5af3507f6","2025-06-02T11:06:44.000Z","Hygse","Handy","[""szary""]","fa67c952-835b-4abe-8522-54fa87a089e2",899,,,,"Hygse","https://hygse.pl/odkurzacze-pionowe/hygse-handy/","[""nofollow"",""noopener""]",,,"[""nofollow"",""noopener""]",,"[""bezworkowy""]",,24000,7,"Jest","24 000",,"10 000",400,,71,"Jest",,"[""Akumulatorowe""]","50","4-4,5",29.6,2000,"Brak","Brak","Brak",,,,1,"Jest","Jest","Brak","Jest","Jest","Jest","[""LED""]","5-stopniowy","Jest",,"Jest",,"Jest","Brak","Brak","Jest","Jest","Brak","[""stacja do montażu na ścianie""]","[""Elastyczna rura"",""Końcówka 2w1"",""Końcówka szczelinowa"",""Mini elektroszczotka do tapicerki i materacy"",""Końcówka z miękkim włosiem""]","Tak","Tak",2.2,,93,87,,,,"/odkurzacz/hygse/handy/",,50,"Jest","Jest","Procentowo","10","0",,,"tak","stick_electro",true,true,
7,"published",,"cc69ec5a-41ac-4c72-81cb-b851e58049a6","2024-08-26T07:42:47.000Z","cc69ec5a-41ac-4c72-81cb-b851e58049a6","2025-03-24T13:56:31.000Z","Electrolux","Well Clean 300 ES31CB18SH","[""Biały z elementami czarnego""]","5b167748-ae47-4cdb-b022-c1f7aff29f6c",669,"2025-03-24",,,,,"[""nofollow"",""noopener""]",,"https://www.ceneo.pl/151369193#crid=702998&pid=16557","[""nofollow"",""noopener""]",,"[""bezworkowy""]",,,,,,,,99,,79,"Jest",,"[""Akumulatorowe""]","45","4,5",21.6,2000,"Brak","Brak","Brak",,,,0.3,"Jest","Brak","Brak","Brak","Brak","Brak",,,"Jest",,,"Jest",,"Brak",,,,"Brak","[""konstrukcja samostojąca"",""uchwyt do montażu na ścianie ""]","[""Ssawka szczelinowa"",""Końcówka 2w1 do kurzu""]",,,2.65,,36,49,,,,,,45,"Brak",,"Wskaźnik","13","0",,,"tak","stick",false,false,
8,"published",,"cc69ec5a-41ac-4c72-81cb-b851e58049a6","2024-08-26T07:58:32.000Z","cc69ec5a-41ac-4c72-81cb-b851e58049a6","2025-03-24T13:51:06.000Z","Tefal","X-pert 6.60 Animal Kit TY6878",,"fcce739f-9173-433d-9288-d402fb85f7df",699,"2025-03-24",,,,,"[]",,"https://www.ceneo.pl/112965091#crid=702999&pid=16557","[""nofollow"",""noopener""]",,"[""bezworkowy""]",,,2,,,,,,,,"Jest",,,"45",,,,"Brak","Brak","Brak",,,,,"Jest","Jest",,"Brak","Brak","Brak",,,"Jest",,,"Jest","Jest","Brak",,,"Jest","Brak","[""konstrukcja samostojąca"",""stacja do montażu na ścianie""]","[""Ssawka szczelinowa"",""Mini szczotka""]","Tak",,1.6,24,72,56,,,,"https://ranking-oczyszczaczy.pl/odkurzacz/tefal/x-pert-6-60-animal-kit/",,27,"Brak",,"Wskaźnik",,"0",,,"tak",,false,false,
9,"published",,"cc69ec5a-41ac-4c72-81cb-b851e58049a6","2024-08-26T08:36:34.000Z","cc69ec5a-41ac-4c72-81cb-b851e58049a6","2025-03-24T13:56:05.000Z","Samsung","Jet 60 Turbo VS15A6031R1","[""Turkusowy z czarnymi elementami""]","f02302f3-0b23-4b6a-9410-8c5230d3b542",830,"2025-03-24",,,,,"[""nofollow"",""noopener""]",,"https://www.ceneo.pl/110629812#crid=703000&pid=16557","[""nofollow"",""noopener""]",,"[""bezworkowy""]",,,,,,,,410,,86,,,,"40","3,5",21.6,1800,"Brak","Brak","Brak",,,,0.8,"Jest","Brak","Brak","Brak","Brak","Brak",,"5-stopniowy","Jest","Jest","Jest",,"Jest","Brak",,"Jest","Brak","Brak","[""stacja do montażu na ścianie""]","[""Ssawka szczelinowa"",""Szczotka 2w1 do kurzu""]","Nie",,2.3,,37,50,,,,"https://ranking-oczyszczaczy.pl/odkurzacz/samsung/jet-60-turbo/",,27,"Brak",,"Wskaźnik","5","0",,,"tak","stick",false,false,
10,"published",,"cc69ec5a-41ac-4c72-81cb-b851e58049a6","2024-08-26T10:28:10.000Z","e7bcdc1c-c375-4e8c-80b7-b5e5af3507f6","2025-05-15T06:34:10.000Z","Philips","Aqua 3000 XC3131/01","[""Czarny/srebrny z niebieskimi elementami""]","92b00ba8-cbdd-4b28-b3e3-cc0966f3bad1",749,"2025-03-24",,,,,"[""nofollow"",""noopener""]",,"https://www.ceneo.pl/158821269#crid=703069&pid=16557","[""nofollow"",""noopener""]",,"[""bezworkowy""]",,,,"Brak",,,,,,,"Jest",,"[""Akumulatorowe""]","60","5",25.2,,"Jest","Brak","Brak","Jest",0.2,,,"Jest","Jest","Brak","Brak","Brak","Brak",,"3-stopniowy","Jest","Brak",,"Jest",,,,,"Brak","Brak","[""stacja do montażu na ścianie""]","[""Ssawka szczelinowa"",""Końcówka 2w1 do kurzu"",""Pojemnik na wodę""]",,,,,71,54,,,,"https://ranking-oczyszczaczy.pl/odkurzacz/philips/aqua-3000/",,,"Brak",,"Wskaźnik","15","0",,,"tak","stick_wet",false,false,
11,"published",,"cc69ec5a-41ac-4c72-81cb-b851e58049a6","2024-08-26T10:46:30.000Z","cc69ec5a-41ac-4c72-81cb-b851e58049a6","2025-03-24T13:31:42.000Z","Jimmy","H8 Flex","[""Szary/srebrny ""]","5003a8ae-3309-4499-abf5-56415bc10d0e",859,"2024-12-10",,,,,"[""nofollow"",""noopener""]",,"https://www.ceneo.pl/149654208#crid=703001&pid=16557","[""nofollow"",""noopener""]",,"[""bezworkowy""]",185,24000,4,"Jest",,,,550,,,"Jest",,"[""Akumulatorowe""]","65","4-5",25.2,2500,"Brak","Brak","Brak",,,,0.5,"Jest","Jest","Brak","Jest","Jest","Jest","[""LED""]",,"Jest","Jest","Jest",,"Jest","Jest",,"Jest",,"Brak","[""stacja do montażu na ścianie""]","[""Ssawka szczelinowa"",""Końcówka 2w1 do kurzu"",""Elektroszczotka do materacy i kanap"",""Elastyczny wąś"",""Miękka szczotka ""]",,"Tak",1.49,,85,78,,,,,,45,"Jest",,"Czasowo","11","0",,,"tak","stick",true,false,
12,"published",,"cc69ec5a-41ac-4c72-81cb-b851e58049a6","2024-08-26T11:08:44.000Z","e7bcdc1c-c375-4e8c-80b7-b5e5af3507f6","2025-04-25T07:30:40.000Z","Dreame","V11 SE","[""Szary/srebrny""]","45df8cac-2a19-4942-b829-d66b8e66ad44",889,"2025-04-25",,,,,"[""nofollow"",""noopener""]",,"https://www.ceneo.pl/110142739#crid=703004&pid=16557","[""nofollow"",""noopener""]",,"[""bezworkowy""]",150,24000,3,"Brak",,,,450,,,"Brak",,"[""Akumulatorowe""]","60","3,5",25.2,2500,"Brak","Brak","Brak",,,,,"Jest","Brak","Brak","Brak","Brak","Jest","[""LCD""]",,"Jest","Jest",,"Jest","Jest","Brak",,"Jest",,"Brak","[""stacja do montażu na ścianie""]","[""Ssawka szczelinowa"",""Końcówka 2w1 do kurzu"",""Mini elektroszczotka""]","Tak",,3.9,,73,57,,,,"/odkurzacz/dreame/v11/",,,"Jest","Jest","Wskaźnik",,"0",,,"tak","stick",false,false,
13,"draft",,"cc69ec5a-41ac-4c72-81cb-b851e58049a6","2024-08-26T11:28:06.000Z","e7bcdc1c-c375-4e8c-80b7-b5e5af3507f6","2025-05-22T06:25:27.000Z","Dreame","T20","[""Srebrny/czerwony""]","bcb41d8b-0e5c-462c-9462-a3b3f50fbef7",729,"2025-03-24",,,,,"[""nofollow"",""noopener""]",,"https://www.ceneo.pl/123337110#crid=703017&pid=16557","[""nofollow"",""noopener""]",,"[""bezworkowy""]",,25000,4,"Jest",,,,450,,,"Jest",,"[""Akumulatorowe""]","70","4",25.2,2800,"Brak","Brak","Brak",,,,0.6,"Jest","Brak",,"Brak","Jest","Jest","[""LCD""]","5-stopniowy","Jest","Jest","Brak","Jest","Jest","Brak",,"Jest",,"Brak","[""stacja do montażu na ścianie""]","[""Mini elektroszczotka"",""Ssawka szczelinowa"",""Końcówka 2w1 do kurzu"",""Elastyczny wąż""]",,,3.8,,76,62,,,,"/odkurzacz/dreame/t20/",,30,"Jest","Jest","Wskaźnik","8","0",,,"tak",,false,false,
14,"published",,"cc69ec5a-41ac-4c72-81cb-b851e58049a6","2024-08-27T08:56:21.000Z","e7bcdc1c-c375-4e8c-80b7-b5e5af3507f6","2025-05-15T06:23:09.000Z","Sencor","SVC 0740BL-EUE3","[""Srebrny/czarny/niebieski"",""Czarny/żółty""]","5fc1e89a-b728-4eef-b7bd-20691390bcb2",696,"2025-03-24",,,,,"[""nofollow"",""noopener""]",,"https://www.ceneo.pl/88524623#crid=703070&pid=16557","[""nofollow"",""noopener""]",,"[""bezworkowy""]",,,,,,,,160,,75,"Brak",,"[""Akumulatorowe""]","85","4-5",40.7,2200,"Jest","Brak","Brak","Jest",,,0.5,"Jest","Jest","Brak","Brak","Brak","Brak",,,"Jest","Jest","Jest",,"Jest","Brak",,"Jest","Brak","Brak","[""Konstrukcja samostojąca""]","[""Końcówka 2w1 do kurzu"",""Pojemnik na wodę""]",,,3,,79,66,,,,"https://ranking-oczyszczaczy.pl/odkurzacz/sencor/svc-0740bl-eue3/",,,"Brak",,"Wskaźnik",,"0",,,"tak","odkurzaczmyjacy",false,false,
15,"published",,"cc69ec5a-41ac-4c72-81cb-b851e58049a6","2024-08-28T06:41:30.000Z","cc69ec5a-41ac-4c72-81cb-b851e58049a6","2025-03-24T10:32:04.000Z","Dreame","R20","[""Szary/srebrny ""]","a9971efb-f9eb-4341-8703-033811466a61",1199,"2025-03-24",,,,,"[""nofollow"",""noopener""]",,"https://www.ceneo.pl/154310058#crid=703018&pid=16557","[""nofollow"",""noopener""]",,"[""bezworkowy""]",190,27000,2,"Jest",,,,570,,,"Jest",,"[""Akumulatorowe""]","90","4",29.6,2750,"Brak",,,,,,0.6,"Jest","Jest","Brak","Jest",,"Jest","[""LCD""]","5-stopniowy","Jest",,,,"Jest","Jest",,"Jest","Jest","Brak","[""stacja do montażu na ścianie""]","[""Mini elektroszczotka"",""Miękka szczotka"",""Końcówka 2w1 do kurzu"",""Ssawka szczelinowa"",""Elastyczny adapter""]","Tak","Tak",4.6,,95,95,,,,"/odkurzacz/dreame/r20/",,,"Jest","Jest","Procentowo",,,,,"tak","stick",false,false,
16,"published",,"cc69ec5a-41ac-4c72-81cb-b851e58049a6","2024-08-28T07:10:31.000Z","cc69ec5a-41ac-4c72-81cb-b851e58049a6","2025-03-24T13:47:41.000Z","Dyson","Cyclone V10 Absolute","[""Srebrny/złoty/fioletowy""]","2977efe3-f0d2-4453-a4d9-a16dd2001c5b",2369,"2025-03-24",,,,,"[""nofollow"",""noopener""]",,"https://www.ceneo.pl/63951365#crid=703023&pid=16557","[""nofollow"",""noopener""]",,"[""bezworkowy""]",151,,3,,,,,525,,,"Jest",,"[""Akumulatorowe""]","60","3,5",25.2,,"Brak",,,,,,0.76,"Jest","Brak",,"Brak","Brak","Brak",,,"Jest",,"Jest",,"Jest","Jest",,"Jest","Jest","Brak","[""stacja do montażu na ścianie""]","[""Mini elektroszczotka"",""Elektroszczotka do podłóg twardych"",""Ssawka szczelinowa"",""Końcówka 2w1 do kurzu"",""Elastyczny adapter""]","Tak",,2.67,,63,59,,,,"https://ranking-oczyszczaczy.pl/odkurzacz/dyson/cyclone-v10-absolute/",,,"Jest","Brak","Wskaźnik","5",,,,"tak","stick",false,false,
17,"published",,"cc69ec5a-41ac-4c72-81cb-b851e58049a6","2024-08-28T08:24:09.000Z","cc69ec5a-41ac-4c72-81cb-b851e58049a6","2025-03-24T13:32:35.000Z","Dyson","V15 Detect Absolute","[""Srebrny/fioletowy""]","30098936-e122-446b-844b-b64757019793",3092,"2025-03-24",,,,,"[""nofollow"",""noopener""]",,"https://www.ceneo.pl/109506792#crid=703027&pid=16557","[""nofollow"",""noopener""]",,"[""bezworkowy""]",240,,3,,,,,660,,,"Jest",,"[""Akumulatorowe""]","60","4,5",25.2,3600,"Brak",,,,,,0.76,"Jest","Jest",,"Jest","Jest","Jest","[""LCD""]","5-stopniowy","Jest","Jest","Jest",,"Jest","Jest",,"Jest","Jest",,"[""stacja do montażu na ścianie""]","[""Mini elektroszczotka"",""Ssawka szczelinowa"",""Końcówka 2w1 do kurzu"",""Elastyczny adapter"",""Szczotka do podłóg twardych""]","Tak","Tak",3.15,,71,78,,,,"https://ranking-oczyszczaczy.pl/odkurzacz/dyson/v15-detect-absolute/",,,"Jest",,"Czasowo","10",,,,"tak","stick",false,false,
18,"published",,"cc69ec5a-41ac-4c72-81cb-b851e58049a6","2024-08-28T10:29:12.000Z","cc69ec5a-41ac-4c72-81cb-b851e58049a6","2025-03-24T13:49:54.000Z","Bosch","Unlimited 7 BCS711XXL","[""Czarny/biały/srebrny""]","69ffbb1a-07ff-4c56-b436-c785ec0ba9c4",1199,"2025-03-24",,,,,"[""nofollow"",""noopener""]",,"https://www.ceneo.pl/135190772#crid=703032&pid=16557","[""nofollow"",""noopener""]",,"[""bezworkowy""]",,,3,"Jest",,,,,,82,"Jest",,"[""Akumulatorowe""]","40","5",18,,"Brak",,,,,,,"Jest","Jest",,"Brak","Jest","Brak",,,,,,,"Jest","Jest",,"Jest",,,"[""Konstrukcja samostojąca "",""stacja do montażu na ścianie""]","[""Dodatkowy akumulator"",""Końcówka 2w1 do kurzu"",""Szczotka do tapicerki"",""Elastyczna ssawka szczelinowa"",""Ssawka szczelinowa z włosiem"",""Ssawka szczelinowa""]",,,2.9,,70,57,,,,"https://ranking-oczyszczaczy.pl/odkurzacz/bosch/unlimited-7-bcs711xxl/",,,"Brak","Jest","Wskaźnik","10","30",,,"tak","stick",false,false,
19,"published",,"cc69ec5a-41ac-4c72-81cb-b851e58049a6","2024-08-28T11:28:44.000Z","cc69ec5a-41ac-4c72-81cb-b851e58049a6","2025-03-24T13:27:38.000Z","Jimmy","H9 Pro","[""Szary/miedziany""]","8be3b7c5-61fe-4a60-b008-8f11fc321d4c",1199,"2025-03-24",,,,,"[""nofollow"",""noopener""]",,"https://www.ceneo.pl/106497294#crid=703035&pid=16557","[""nofollow"",""noopener""]",,"[""bezworkowy""]",200,25000,4,"Jest",,,,600,,82,"Jest",,,"80","4-5",28.8,3000,"Brak",,,,,,0.6,"Jest","Brak","Brak","Jest","Jest","Jest","[""LED""]",,"Jest","Jest","Jest",,"Jest","Jest",,"Jest","Jest","Brak","[""stojak""]","[""Miękka szczotka"",""Końcówka 2w1 do kurzu"",""Ssawka szczelinowa"",""Mini elektroszczotka"",""Elastyczna rura "",""Łącznik""]","Tak","Tak",3.1,,85,81,,,,"/odkurzacz/jimmy/h9-pro/",,,"Jest","Jest","Procentowo","15","25",,,"tak","stick",false,false,
20,"published",,"cc69ec5a-41ac-4c72-81cb-b851e58049a6","2024-08-30T08:10:46.000Z","cc69ec5a-41ac-4c72-81cb-b851e58049a6","2025-03-24T13:46:33.000Z","Electrolux","Ultimate 700 Turbo Drive EP71U142XN","[""Czarny/szary/granatowy""]","c197dd7a-ae1d-4f01-a5cc-5f4f8ad896f6",1899,"2025-03-24",,,,,"[""nofollow"",""noopener""]",,"https://www.ceneo.pl/151300161#crid=703036&pid=16557","[""nofollow"",""noopener""]",,"[""bezworkowy""]",,,,"Jest",,,,,,80,"Jest",,"[""Akumulatorowe""]","50","4,5",14.4,4000,"Brak",,,,,,0.3,"Jest","Jest",,"Brak","Jest","Jest",,"5-stopniowy","Jest","Jest",,,"Jest",,,,,,"[""stojak""]","[""Elektroszczotka do podłóg twardych"",""Ssawka szczelinowa"",""Elastyczny adapter"",""Szczotka do delikatnych powierzchni"",""Końcówka 2w1 do kurzu""]",,,2.2,,67,60,,,,,,,"Jest",,"Wskaźnik","10","40",,,"tak","stick",false,false,
21,"published",,"cc69ec5a-41ac-4c72-81cb-b851e58049a6","2024-08-30T08:32:18.000Z","cc69ec5a-41ac-4c72-81cb-b851e58049a6","2025-03-24T13:50:19.000Z","Hoover","HFX10H 011","[""Czarny/czerwony""]","0d918b96-9e37-4a35-8db0-05c6b988a2bc",1196,"2025-03-24",,,,,"[""nofollow"",""noopener""]",,"https://www.ceneo.pl/159161863#crid=703040&pid=16557","[""nofollow"",""noopener""]",,"[""bezworkowy""]",,,3,"Brak",,,,365,,,"Jest",,"[""Akumulatorowe""]","30","2,5",21.6,4000,"Brak",,,,,,1.2,"Jest","Jest",,"Brak",,"Jest","[""LED""]",,,"Jest",,"Jest",,"Brak",,"Jest",,"Brak","[""konstrukcja samostojąca"",""stacja do montażu na ścianie""]","[""Końcówka 360 stopni"",""Ssawka szczelinowa""]",,,3.7,,69,56,,,,"/odkurzacz/hoover/hf500/",,,"Jest","Brak","Czasowo","12","30",,,"tak","stick",false,false,
22,"published",,"cc69ec5a-41ac-4c72-81cb-b851e58049a6","2024-08-30T09:14:53.000Z","cc69ec5a-41ac-4c72-81cb-b851e58049a6","2025-03-24T13:52:06.000Z","Miele","Triflex HX2 Cat & Dog","[""czarny""]","2ea544c8-127a-47d2-91c1-14eb5ea060d5",2649,"2025-03-24",,,,,"[""nofollow"",""noopener""]",,"https://www.ceneo.pl/135534448#crid=703041&pid=16557","[""nofollow"",""noopener""]",,"[""bezworkowy""]",,,,,,,,,,,"Jest",,"[""Akumulatorowe""]",,,,,"Brak",,,,,,0.5,"Jest","Jest",,,"Jest","Brak",,,,"Jest","Jest",,"Jest","Brak",,"Jest","Jest","Brak","[""stacja do montażu na ścianie""]","[""Ssawka do tapicerki"",""Ssawka szczelinowa"",""Końcówka 2w1 do kurzu"",""Mini elektroszczotka""]","Tak",,,,59,55,,,,,,,"Jest",,"Wskaźnik",,,,,"tak","stick",false,false,
23,"published",,"cc69ec5a-41ac-4c72-81cb-b851e58049a6","2024-08-30T09:46:06.000Z","cc69ec5a-41ac-4c72-81cb-b851e58049a6","2025-03-24T13:58:30.000Z","Dreame","MOVA J10","[""Czarny/srebrny ""]","1a7b9fe7-a6f5-415a-9a5d-6afe61de48ff",499,"2025-03-24",,,,,"[""nofollow"",""noopener""]",,"https://www.ceneo.pl/171160473#crid=702598&pid=16557","[""nofollow""]",,"[""bezworkowy""]",43,8000,1,"Brak",,,,150,,81,"Jest",,"[""Akumulatorowe""]","35","4,5",14.8,2200,"Brak",,,,,,0.5,"Jest","Jest","Brak","Brak","Brak","Brak",,,,,,"Jest",,"Jest",,"Jest",,"Brak","[""stacja do montażu na ścianie"",""konstrukcja samostojąca""]","[""Ssawka szczelinowa"",""Końcówka 2w1 do kurzu""]",,,1.07,,76,59,,,,,,,"Jest",,"Wskaźnik",,,,,"tak","stick",false,false,
24,"published",,"cc69ec5a-41ac-4c72-81cb-b851e58049a6","2024-08-30T10:12:56.000Z","cc69ec5a-41ac-4c72-81cb-b851e58049a6","2025-03-24T13:34:53.000Z","Dreame","MOVA J20","[""Czarny/srebrny ""]","0efb19c9-5c6a-42dc-83f2-dbc7cd6cc2e0",599,"2025-03-24",,,,,"[""nofollow"",""noopener""]",,"https://www.ceneo.pl/171160510#crid=702600&pid=16557","[""nofollow""]",,"[""bezworkowy""]",,17000,1,"Brak",,,,250,,80,"Jest",,"[""Akumulatorowe""]","50","4,5",22.2,2200,"Brak",,,,,,0.5,"Jest","Jest",,"Brak","Brak","Brak",,,,"Jest",,"Jest","Jest","Jest",,"Jest",,"Brak","[""stacja do montażu na ścianie""]","[""Ssawka szczelinowa"",""Końcówka 2w1 do kurzu""]",,,1.4,,82,71,,,,"https://ranking-oczyszczaczy.pl/odkurzacz/dreame/mova-j20/",,,"Jest",,"Wskaźnik",,,,,"tak","stick_led",false,false,
25,"published",,"cc69ec5a-41ac-4c72-81cb-b851e58049a6","2024-08-30T11:00:32.000Z","cc69ec5a-41ac-4c72-81cb-b851e58049a6","2025-03-24T10:37:41.000Z","Dreame","MOVA J30","[""czarny""]","295592c4-dbdf-482b-b6f2-c74d7dbb4c75",749,"2025-03-24",,,,,"[""nofollow"",""noopener""]",,"https://www.ceneo.pl/171160539#crid=702609&pid=16557","[""nofollow""]",,"[""bezworkowy""]",144,24000,3,,,,,450,,,"Jest",,"[""Akumulatorowe""]","60","4,5",,2500,"Brak",,,,,,0.5,"Jest","Jest","Brak","Brak","Brak","Jest","[""LED""]",,,"Jest",,"Jest","Jest","Jest",,"Jest",,,"[""konstrukcja samostojąca"",""stacja do montażu na ścianie""]","[""Mini elektroszczotka"",""Ssawka szczelinowa"",""końcówka 2w1 do kurzu""]",,,1.54,,81,67,,,,,,,"Jest",,"Procentowo",,,,,"tak","stick_led",false,false,
26,"draft",,"cc69ec5a-41ac-4c72-81cb-b851e58049a6","2024-08-30T12:45:55.000Z","cc69ec5a-41ac-4c72-81cb-b851e58049a6","2024-12-10T13:31:48.000Z","Dreame","MOVA K10","[""biały""]","d681b7ca-a199-4d1c-b6c3-f14c0a940f77",979,"2024-12-10",,,,,"[""nofollow"",""noopener""]",,"https://www.ceneo.pl/171160549#crid=702642&pid=16557","[""nofollow""]",,"[""bezworkowy""]",,,3,,,,,220,540,,,,"[""Akumulatorowe""]","30","4,5",,,"Jest","Jest","Jest",,0.89,0.6,,"Brak","Brak",,"Brak","Brak","Jest","[""LED""]",,,,,,,"Brak",,"Brak",,"Brak","[""stojak z tacą ociekową""]",,,,3.8,,,,,,,,,,,"Brak","Procentowo",,,,"1","nie",,,false,
27,"draft",,"cc69ec5a-41ac-4c72-81cb-b851e58049a6","2024-08-30T13:23:17.000Z","cc69ec5a-41ac-4c72-81cb-b851e58049a6","2024-12-10T14:07:18.000Z","Dreame","MOVA K10 Pro","[""biały""]","36c1c96a-d092-4edb-8d67-07566ffcc02a",979,"2024-12-10",,,,,"[""nofollow"",""noopener""]",,"https://www.ceneo.pl/171035203#crid=702644&pid=16557","[""nofollow""]",,"[""bezworkowy""]",,15000,3,"Jest",,,,220,540,,,,"[""Akumulatorowe""]","30","4,5",26,2400,"Jest","Jest","Jest",,0.89,0.6,,"Brak","Brak",,"Jest","Brak","Jest","[""LED""]",,,,,,"Jest","Brak",,"Brak","Brak","Brak","[""stojak z tacą ociekowa""]",,,,3.8,,,,,,,,,,,,"Procentowo",,,,"1","nie",,,false,
28,"draft",,"ce682939-7d3b-4f32-85de-df7f56fffb04","2024-09-26T17:57:05.000Z","e7bcdc1c-c375-4e8c-80b7-b5e5af3507f6","2025-05-22T06:33:20.000Z","Electrolux","Power Hygienic 800 EP81HB25WU","[""granatowo-złoty""]","f1b2d6cb-c358-4ec5-986c-625080c55375",2399,"2025-03-24",,,,,"[""nofollow"",""noopener""]",,"https://www.ceneo.pl/131301089#crid=705817&pid=16557","[""nofollow"",""noopener""]",,"[""bezworkowy""]",,,4,"Jest",,,,153,,79,"Jest",,"[""Akumulatorowe""]","60","2,5",25.2,2500,"Jest","Jest","Jest","Jest",,,0.4,"Jest","Jest","Jest","Brak","Brak","Jest","[""LED""]","5-stopniowy","Jest","Jest","Brak","Jest","Jest","Brak","Brak","Jest","Brak","Jest","[""stojak"",""stacja do montażu na ścianie""]","[""elektroszczotka do mopowania"",""elektroszczotka z technologią UV"",""elastyczna końcówka"",""szczotka szczelinowa"",""końcówka 2w1 do kurzu"",""ssawka do powierzchni delikatnych"",""stacja myjąca""]","Tak","Nie",4.5,24,66,63,,,,,,15,"Brak",,"Wskaźnik","6",,,"2","nie","stick_wet",false,false,
29,"published",,"ce682939-7d3b-4f32-85de-df7f56fffb04","2024-09-26T18:24:19.000Z","cc69ec5a-41ac-4c72-81cb-b851e58049a6","2025-03-24T13:23:24.000Z","Dyson","V15s Detect Submarine","[""srebrny""]","4bacdaf4-0f92-48eb-8622-13017c7b14b5",3498,"2025-03-24",,,,,"[""nofollow"",""noopener""]",,"https://www.ceneo.pl/159411838#crid=705852&pid=16557","[""nofollow"",""noopener""]",,"[""bezworkowy""]",240,,3,"Jest",,,,660,,76,"Jest",,"[""Akumulatorowe""]","60","4,5",25.2,3600,"Jest","Jest","Brak","Brak",300,,0.77,"Jest","Jest","Brak","Jest","Jest","Jest","[""LCD""]",,"Jest","Brak","Jest","Brak","Jest","Brak","Brak","Jest","Jest","Brak","[""stacja do montażu na ścianie""]","[""końcówka 2w1 do kurzu"",""ssawka szczelinowa"",""elastyczny adapter"",""podświetlania końcówka szczelinowa"",""miękka szczotka"",""szczotka do uporczywego brudu"",""końcówka do materacy"",""adapter zginania rury""]","Tak","Tak",3.1,24,76,88,,,,,120,60,"Jest","Brak","Czasowo",,,,"1","tak","stick_wet",false,false,
30,"published",,"ce682939-7d3b-4f32-85de-df7f56fffb04","2024-09-26T20:30:05.000Z","e7bcdc1c-c375-4e8c-80b7-b5e5af3507f6","2025-06-02T11:09:03.000Z","Dyson","V12 Detect Slim Absolute","[""srebrny""]","24a175ac-c5bd-4d88-a606-22bbeb58b9cb",2188,"2025-05-22",,,,,"[""nofollow"",""noopener""]",,"https://www.ceneo.pl/114700014#crid=705853&pid=16557","[""nofollow"",""noopener""]",,"[""bezworkowy""]",150,,3,"Jest",,,,545,,82,"Jest",,"[""Akumulatorowe""]","60","4",25.2,2500,"Brak",,,,,,0.35,"Jest","Jest","Brak","Jest","Jest","Jest","[""LCD""]",,"Jest","Brak","Jest","Brak","Jest","Jest","Jest","Jest","Jest","Brak","[""stacja do montażu na ścianie""]","[""minielektroszczotka"",""elektroszczotka z miękkim włosiem"",""końcówka szczelinowa"",""końcówka 2w1 do kurzu""]","Tak","Tak",2.4,24,79,81,,,,"/odkurzacz/dyson/v12-detect-slim-absolute/",,60,"Jest","Jest","Czasowo",,,,,"tak",,false,false,
31,"published",,"ce682939-7d3b-4f32-85de-df7f56fffb04","2024-09-26T20:58:07.000Z","cc69ec5a-41ac-4c72-81cb-b851e58049a6","2025-03-24T13:30:39.000Z","Samsung","Jet 95 Premium VS20C954FTB GE","[""czarny""]","6fec7f48-2983-4f2f-9a1b-7c0c6e46b82d",2599,"2024-12-10",,,,,"[""nofollow"",""noopener""]",,"https://www.ceneo.pl/156666200#crid=705860&pid=16557","[""nofollow"",""noopener""]",,"[""bezworkowy""]",210,,4,"Jest",,,,580,,86,"Jest",,"[""Akumulatorowe""]","60","3.5",25.2,,"Jest","Jest","Brak","Brak",150,,0.8,"Jest","Jest","Brak","Brak","Brak","Jest","[""LCD""]",,"Jest","Jest","Jest","Brak","Jest","Brak","Jest","Brak","Jest","Jest","[""stojak""]","[""końcówka szczelinowa"",""końcówka 2w1 do kurzu"",""elastyczna końcówka"",""minielektroszczotka pet""]","Tak","Tak",2.51,24,74,78,,,,,100,,"Jest","Jest","Czasowo",,,,"2","tak","stick_wet",false,false,
33,"published",,"cc69ec5a-41ac-4c72-81cb-b851e58049a6","2024-10-01T12:08:28.000Z","e7bcdc1c-c375-4e8c-80b7-b5e5af3507f6","2025-05-22T06:38:26.000Z","Electrolux","Aqua Ultimate 800 Wet&Dry EW81U3DB","[""granatowo-czarny""]","31439af5-fec4-43c3-8c90-aa6174e3e73e",1699,"2024-12-10",,,,,"[""nofollow"",""noopener""]",,"https://www.ceneo.pl/160748415#crid=705823&pid=16557","[""noopener"",""nofollow""]",,"[""bezworkowy""]",,,2,,,,,,,81,"Brak",,"[""Akumulatorowe""]",,"4",21.6,4000,"Jest","Jest","Jest",,0.6,0.55,,"Brak","Brak","Brak",,,"Jest",,,"Jest","Brak",,"Jest","Jest","Brak","Brak","Brak","Brak","Brak","[""stojak"",""konstrukcja samostojąca""]","[""dodatkowy wałek""]","Nie","Nie",4.5,,51,38,,,,"https://ranking-oczyszczaczy.pl/odkurzacz/electrolux/aqua-ultimate-800-wet-dry-ew81u3db/",,,"Brak",,"Wskaźnik","24",,,"1","tak","odkurzaczmyjacy",false,false,
34,"published",,"28e43c45-388e-4984-94ed-f3ef33a4314b","2024-10-01T20:27:55.000Z","cc69ec5a-41ac-4c72-81cb-b851e58049a6","2025-03-24T13:43:31.000Z","Tefal","X-Force Flex 12.60 Aqua TY98C0","[""niebieski/czarny""]","07945a6e-0f23-4d1a-b612-65964e0d7ff9",1599,"2025-03-24",,,,,"[""nofollow"",""noopener""]",,"https://www.ceneo.pl/140246884#crid=717237&pid=16557","[""nofollow"",""noopener""]",,"[""bezworkowy""]",150,,3,"Jest",,,,320,,82,"Jest",0,"[""Akumulatorowe""]","45","3",25.2,,"Jest","Brak","Brak","Jest",,,0.9,"Jest","Jest","Brak","Brak","Jest","Jest","[""cyfrowy""]",,"Jest","Jest","Jest","Brak",,"Jest",,"Jest","Jest",,"[""stacja do montażu na ścianie""]","[""szczotka EasyBrush"",""dodatkowy filtr"","" ssawka szczelinowa"",""szczotka do tapicerki"",""szczotka Animal Turbo Brush"",""ładowarka"",""2 ściereczki mopujące""]","Tak","Tak",3,24,72,65,,,,,,35,"Brak","Brak","Procentowo","5","35",,"3","tak","stick_wet",false,false,
35,"published",,"28e43c45-388e-4984-94ed-f3ef33a4314b","2024-10-02T16:42:36.000Z","e7bcdc1c-c375-4e8c-80b7-b5e5af3507f6","2025-05-15T06:41:58.000Z","Samsung","Bespoke Jet Plus Pro Extra VS20B95973B","[""Satynowy granat"",""czarny""]","a5e50c9c-7c67-4eac-a809-d9a1a3348f75",3799,"2025-03-24",,,,,"[""nofollow"",""noopener""]",,"https://www.ceneo.pl/159999920#crid=717238&pid=16557","[""nofollow"",""noopener""]",,"[""bezworkowy""]",,,4,"Brak",,,,580,4000,86,"Jest",,"[""Akumulatorowe""]","60","3.5",25.2,2200,"Jest","Brak","Brak","Jest",0.15,,0.5,"Jest",,"Brak","Brak","Brak","Jest","[""LCD""]","5-stopniowy","Jest","Jest","Jest","Brak","Jest",,"Jest","Jest","Jest","Jest","[""stojak""]","[""2 baterie "",""stacja czyszcząca All in One"",""Elektroszczotka Pet Tool+"",""stojak na akcesoria "",""Końcówka do mopowania"",""Szczelinówka"",""szczotka do kurzu "",""Elastyczna końcówka"",""worki na kurz (1 w stacji + 2 dodatkowe)"",""Wielorazowe antybakteryjne ściereczki""]","Tak","Nie",2.74,24,54,60,,,,"https://ranking-oczyszczaczy.pl/odkurzacz/samsung/bespoke-jet/",100,42,"Jest",,"Czasowo","9","24",,"2","tak","stick_wet",false,false,
36,"draft",,"28e43c45-388e-4984-94ed-f3ef33a4314b","2024-10-02T17:56:36.000Z","309a04ad-6ef4-473d-a546-8f933d59bfd8","2025-03-20T09:38:05.000Z","Xiaomi","Truclean W10 Pro Wet Dry Vacuum","[""biały""]","f2c1226e-91c3-4d1e-9b44-c961d726f423",2899,"2024-12-10",,,,,"[""nofollow"",""noopener""]",,"https://www.ceneo.pl/142396037#crid=717239&pid=16557","[""nofollow"",""noopener""]",,"[""bezworkowy""]",,,3,"Jest",,,,200,,,,,"[""Akumulatorowe""]","35","5",,,"Jest","Jest","Jest",,0.75,0.64,,"Brak","Brak","Brak","Jest","Brak","Jest","[""LED""]",,"Brak",,,,"Brak","Brak","Brak","Brak","Brak","Brak","[""stojak"",""samostojąca konstrukcja odkurzacza""]","[""brak""]","Nie","Nie",5.4,24,,,,,,"/odkurzacz/xiaomi/truclean-w10-pro-wet-dry-vacuum/",,,"Brak","Jest","Procentowo",,,,"1","nie","odkurzaczmyjacy",,false,
38,"published",,"389b56e9-e46f-4549-b406-ed747d9163c6","2024-10-11T11:38:49.000Z","cc69ec5a-41ac-4c72-81cb-b851e58049a6","2025-03-24T13:50:44.000Z","Philips","AquaTrio 9000 XW9383/01","[""czarny""]","e3ae4e28-bed7-4cc9-a7be-250fe951ee4e",2999,"2025-03-24",,,,,"[""nofollow"",""noopener""]",,"https://www.ceneo.pl/138265678#crid=717240&pid=16557","[""nofollow"",""noopener""]",,"[""bezworkowy""]",,,,,,,,,,76,"Jest",,"[""Akumulatorowe""]","45","4",25.2,2250,"Jest","Jest","Jest",,0.45,0.4,,"Jest","Jest","Jest",,,"Jest","[""LED""]","3-stopniowy","Jest",,"Jest",,"Jest","Brak",,"Jest","Jest","Brak","[""stojak"",""Stacja dokująca 2 w 1 do czyszczenia po sprzątaniu i do przechowywania"",""Uchwyt ścienny""]","[""Mini elektroszczotka"",""Narzędzie do czyszczenia"",""Płyn do mycia podłóg"",""Ładowarka"",""Długa szczelinówka"","" Nasadka AquaSpin "",""Nasadka z podświetleniem LED""]","Tak","Nie",4.2,24,58,56,,,,,25,25,"Brak","Brak","Procentowo",,,,"1","tak","stick_wet",false,false,
39,"published",,"389b56e9-e46f-4549-b406-ed747d9163c6","2024-10-11T13:33:20.000Z","e7bcdc1c-c375-4e8c-80b7-b5e5af3507f6","2025-05-22T06:25:09.000Z","Dreame","T20 Pro","[""srebrny"",""srebrno-czerwony"",""srebrno-niebieski""]","bf085794-427a-4260-ae7f-7e297dd958f4",1859,"2024-12-10",,,,,"[""nofollow"",""noopener""]",,"https://www.ceneo.pl/107268207#crid=717241&pid=16557","[""nofollow"",""noopener""]",,"[""bezworkowy""]",,25000,,"Jest","25000",,,450,,,"Jest",,"[""Akumulatorowe""]","70","4",25.2,2600,"Jest","Brak","Brak","Jest",0.25,,0.6,"Jest","Jest","Brak","Brak","Jest","Jest","[""LED""]","5-stopniowy","Jest",,"Brak","Jest","Jest","Brak","Brak","Jest","Jest","Brak","[""uchwyt ze stacją ładującą"",""stacja do montażu na ścianie""]","[""Wąż przedłużający"",""Dysza szczelinowa"",""Szczotka wielofunkcyjna"",""Dysza szczotkowa 2w1"",""Minielektroszczotka do materacy""]","Tak","Nie",5.1,,74,70,,,,"https://ranking-oczyszczaczy.pl/odkurzacz/dreame/t20/",30,70,"Jest","Jest","Wskaźnik","8","70",,"3","tak","stick_electro",false,false,
40,"published",,"389b56e9-e46f-4549-b406-ed747d9163c6","2024-10-11T14:40:11.000Z","f76fde35-7e8f-49bd-893d-9706def1e294","2025-05-13T12:07:46.000Z","Bissell","CrossWave HF3 Cordless Select 3639N","[""czarny"",""srebrny""]","5e353b7f-f3e7-49e5-9851-0d59f2dd3b81",1229,"2024-12-10",,,,,"[""nofollow"",""noopener""]",,"https://www.ceneo.pl/148374024#crid=717242&pid=16557","[""noopener"",""nofollow""]",,"[""bezworkowy""]",,,,"Jest",,,,,,70,"Jest",,"[""Akumulatorowe""]","25","4",22.2,,"Jest","Jest","Jest",,0.53,0.41,,"Brak","Jest",,"Brak",,"Jest","[""LED""]",,,"Brak",,"Jest","Jest","Brak","Brak","Brak","Brak",,"[""stojak""]",,"Nie","Nie",3.99,24,61,50,,,,"/odkurzacz/bissell/crosswave-hf3-cordless-select-3639n/",25,25,"Brak","Brak","Wskaźnik",,,,"1","tak","odkurzaczmyjacy",false,false,
41,"published",,"389b56e9-e46f-4549-b406-ed747d9163c6","2024-10-17T14:44:03.000Z","cc69ec5a-41ac-4c72-81cb-b851e58049a6","2025-03-24T13:33:10.000Z","Robojet","Speed Up 2 PRO","[""biały""]","e030dd0c-f232-419f-921d-dfb8732e08e3",1849,"2025-03-24",,,,,"[""nofollow"",""noopener""]",,"https://www.ceneo.pl/154836613#crid=717243&pid=16557","[""nofollow"",""noopener""]",,"[""bezworkowy""]",,26000,3,"Jest",,,,350,,60,"Jest",,"[""Akumulatorowe""]","55-60","2.5",,2200,"Jest","Brak","Jest",,150,,1.5,"Jest","Jest","Jest","Jest",,"Jest","[""LCD""]","5-stopniowy",,,"Jest",,"Jest",,,"Jest",,"Jest","[""uchwyt ze stacją ładującą"",""stojak"",""mała elektroszczotka do tapicerki"",""końcówka szczelinowa 2w1 do czyszczenia zakamarków"",""płaska szczotka do mniejszych powierzchni"",""mop do jednoczesnego mopowania i odkurzania,"",""elektroszczotka do podłóg twardych, wykładzin i dywanów,""]",,"Tak","Tak",3.2,,77,75,,,,"/odkurzacz/robojet/speed-up-2-pro/",,,"Jest","Jest","Wskaźnik","11-15","55-60",,"3","tak","stick_wet",false,false,
42,"published",,"389b56e9-e46f-4549-b406-ed747d9163c6","2024-10-17T15:45:58.000Z","cc69ec5a-41ac-4c72-81cb-b851e58049a6","2025-03-24T13:39:00.000Z","Tefal","Tefal X-Force Flex 13.60 TY9AC1","[""srebrny"",""granatowy""]","89c481f0-89fd-4395-b190-c226524b9ef3",1749,"2025-03-24",,,,,"[""nofollow"",""noopener""]",,"https://www.ceneo.pl/167962747#crid=717244&pid=16557","[""nofollow"",""noopener""]",,"[""bezworkowy""]",150,,,"Jest",,,,,,,"Jest",,"[""Akumulatorowe""]","60","3",,,"Jest","Jest",,,,,0.65,"Jest","Jest",,,,"Jest","[""LED""]",,,,,"Jest","Jest","Jest",,,,,"[""uchwyt ze stacją ładującą""]",,,"Tak",3,24,73,67,,,,,,,"Jest",,"Wskaźnik","5-11","60",1.6,"3","tak","stick_wet",false,false,
43,"published",,"389b56e9-e46f-4549-b406-ed747d9163c6","2024-10-17T18:50:57.000Z","cc69ec5a-41ac-4c72-81cb-b851e58049a6","2025-03-24T13:49:32.000Z","Bosch","Unlimited 7 Prohygienic Aqua BCS712HYG5","[""biały""]","970c2afd-6b79-4759-8765-7f52757dfb07",2298,"2025-03-24",,,,,"[""nofollow"",""noopener""]",,"https://www.ceneo.pl/168604369#crid=717245&pid=16557","[""nofollow"",""noopener""]",,"[""bezworkowy""]",,,,"Jest",,,,,,82,,,,"40","5",18,3,"Jest","Jest","Jest","Jest",0.25,,0.3,"Jest","Jest",,,"Brak","Jest","[""LED""]",,,"Jest","Jest",,"Jest","Jest",,"Jest","Jest",,"[""uchwyt ze stacją ładującą""]","[""ssawka 2w1"",""ssawka szczelinowa""]","Tak","Tak",2.9,,62,57,,,,,,,"Jest",,"Wskaźnik","8","40",1.4,"2","tak","stick_wet",false,false,
44,"draft",,"389b56e9-e46f-4549-b406-ed747d9163c6","2024-10-17T19:22:52.000Z","cc69ec5a-41ac-4c72-81cb-b851e58049a6","2025-03-24T13:52:31.000Z","Philips","Aquatrio 7000 XW711001","[""szary"",""szampański""]","ac06fa31-0b2c-4abe-bcdf-8ef96d9279f5",1999,"2024-12-10",,,,,"[""nofollow"",""noopener""]",,"https://www.ceneo.pl/155629385#crid=717246&pid=16557","[""nofollow"",""noopener""]",,"[""bezworkowy""]",,,3,,,,,,,76,"Jest",,"[""Akumulatorowe""]","30","4",25.9,,"Jest","Jest","Jest","Brak",670,600,,"Jest","Jest",,,,"Jest","[""OLED""]","1-stopniowy",,,,,"Jest",,,,,,"[""uchwyt ze stacją ładującą""]",,,,4.6,,39,54,,,,,25,,,,"Procentowo","25","30",,"1","tak","stick_electro",false,false,
45,"published",,"389b56e9-e46f-4549-b406-ed747d9163c6","2024-10-17T20:07:01.000Z","cc69ec5a-41ac-4c72-81cb-b851e58049a6","2025-03-24T13:33:47.000Z","Xiaomi","Vacuum Cleaner G10 Plus","[""biały""]","44df3a15-5923-40fd-b8ea-acca0f9d605f",1249,"2025-03-24",,,,,"[""nofollow"",""noopener""]",,"https://www.ceneo.pl/155137878#crid=717247&pid=16557","[""nofollow"",""noopener""]",,"[""bezworkowy""]",150,,,,,,,425,108000,79,"Jest",,"[""Akumulatorowe""]","45","4",25,3000,"Jest","Brak",,,0.25,,0.6,"Jest","Jest",,,,"Jest","[""LED""]","5-stopniowy","Jest",,"Jest",,"Jest","Brak",,"Jest","Jest",,"[""stacja do montażu na ścianie""]","[""dysza szczelinowa"",""szczotka 2w1""]","Tak","Tak",4.2,,79,71,,,,"/odkurzacz/xiaomi/mi-vacuum-cleaner-g10-plus/",45,45,"Jest",,"Procentowo","8","45",,"3","tak","stick_wet",false,false,
47,"published",,"e7bcdc1c-c375-4e8c-80b7-b5e5af3507f6","2025-01-22T10:21:18.000Z","f76fde35-7e8f-49bd-893d-9706def1e294","2025-04-08T08:45:30.000Z","Hygse","Akva","[""szary"",""czarny""]","62bc768d-4144-4734-b9ac-7fb50ec9e58a",1399,"2025-01-22",,,"HYGSE","https://hygse.pl/odkurzacze-pionowe/hygse-akva/","[""noopener"",""nofollow""]",,,"[""nofollow"",""noopener""]",,"[""bezworkowy""]",,16000,3,"Brak","16 000",,,200,600,70,"Brak",,"[""Akumulatorowe""]","40","5",21.6,4000,"Jest","Jest","Jest","Brak",750,720,,"Brak","Brak","Brak","Brak","Brak","Jest","[""LED""]",,"Brak","Jest","Jest","Brak","Jest","Brak","Brak","Jest","Brak","Brak","[""samostojąca konstrukcja odkurzacza"",""Stacja ładująco-czyszcząca""]",,"Tak","Tak",4,24,,,,,,"/odkurzacz/hygse/akva/",40,,"Brak","Jest","Procentowo",,,,"1","nie","stick_wet",,false,
48,"published",,"94875643-bc29-4c6b-89d0-3b59e7ddf858","2025-01-22T12:29:35.000Z","cc69ec5a-41ac-4c72-81cb-b851e58049a6","2025-03-24T13:42:45.000Z","Electrolux","Ultimate 800","[""czarno-złoty""]","180c18b6-44fe-46d0-b1ab-0d3bd493d1d2",2144,"2025-01-22",,,,,"[""nofollow"",""noopener""]",,"https://www.ceneo.pl/131928174#crid=723728&pid=16557","[""noopener"",""nofollow""]","Link do Ceneo.pl","[""bezworkowy""]",150,,3,"Jest",,,,,,80,"Jest",,"[""Akumulatorowe""]","35","2,5",25.2,2500,"Brak","Brak","Brak",,,,,"Jest","Jest",,"Jest","Brak","Jest",,"5-stopniowy","Jest","Jest",,,"Jest",,,,"Jest","Jest",,,"Tak","Tak",2.88,,69,66,,,,"https://ranking-oczyszczaczy.pl/odkurzacz/electrolux/ultimate-800/",,,"Brak","Jest","Procentowo",,,,,"tak","stick",false,false,
49,"published",,"f76fde35-7e8f-49bd-893d-9706def1e294","2025-01-27T10:21:25.000Z","309a04ad-6ef4-473d-a546-8f933d59bfd8","2025-02-10T09:32:06.000Z","Philips","SpeedPro Aqua FC6729/01",,"06b34a01-a59a-4dc8-b889-f342a6b2534d",,,,,,,"[""nofollow"",""noopener""]",,"https://www.ceneo.pl/80935183#crid=723749&pid=16557","[""noopener"",""nofollow""]","Sprawdź na Ceneo.pl",,,,2,"Brak",,,,,,80,"Jest",,"[""Akumulatorowe""]","50",,21.6,,"Jest","Brak","Brak","Jest",0.28,,0.4,"Jest","Jest",,,,"Jest","[""LED""]","2-stopniowy","Jest","Jest","Brak","Brak","Jest","Brak","Jest",,,,"[""stacja ładująca do montażu na ścianie""]",,,"Tak",2.45,24,,,,,,"/odkurzacz/philips/speedpro-aqua/",,,,,"Procentowo","22","50",,"3","nie",,false,false,
50,"published",,"94875643-bc29-4c6b-89d0-3b59e7ddf858","2025-01-28T11:06:32.000Z","309a04ad-6ef4-473d-a546-8f933d59bfd8","2025-03-18T12:00:19.000Z","Philips","AquaTrio 9000 XW9463/11","[""czarny""]","759db67d-231d-472f-9963-49117ee31047",2999,"2025-01-28",,,,,"[""nofollow"",""noopener""]",,"https://www.ceneo.pl/175688372#crid=724430&pid=16557","[""noopener"",""nofollow""]",,"[""bezworkowy""]",,,2,"Brak",,,,,,,"Jest",,"[""Akumulatorowe""]","58","4",,,"Jest","Jest","Jest",,450,420,,"Jest","Jest",,,,"Jest",,,,,,,"Jest",,,,"Jest",,"[""stojak""]",,,,,,53,45,,,,"/odkurzacz/philips/aquatrio-9000-xw9463-11/",38,,"Brak",,"Procentowo","26",,,"1","tak","odkurzaczmyjacy",false,false,
51,"published",,"f76fde35-7e8f-49bd-893d-9706def1e294","2025-01-31T12:16:23.000Z","cc69ec5a-41ac-4c72-81cb-b851e58049a6","2025-03-26T13:34:21.000Z","Hoover","HF500","[""srebrny""]","64bcf252-075f-44d5-85ee-fe0d821e3e52",999,"2025-01-31",,,,,"[""nofollow"",""noopener""]",,"https://www.ceneo.pl/142017171#crid=724968&pid=16557","[""nofollow"",""noopener""]","Sprawdź na Ceneo.pl","[""bezworkowy""]",75,,2,"Jest",,,,290,100000,,"Jest",,"[""Akumulatorowe""]","90","2.5",22,,"Brak",,"Brak",,,,0.45,"Jest","Jest",,,,"Jest",,"1-stopniowy","Jest",,,"Jest",,,,"Jest",,,"[""brak""]",,"Tak","Tak",2.4,24,,,,,,"https://ranking-oczyszczaczy.pl/odkurzacz/hoover/hf500/",,,,,"Procentowo","90","70",,,"nie","stick_led",,false,
52,"published",,"e7bcdc1c-c375-4e8c-80b7-b5e5af3507f6","2025-02-04T14:24:46.000Z","309a04ad-6ef4-473d-a546-8f933d59bfd8","2025-02-05T13:10:17.000Z","Tineco","iFloor Breeze","[""biały""]","d99cca2e-9a1e-4099-8a50-a7702369e5ad",849,"2025-02-04",,,,,"[""nofollow"",""noopener""]",,"https://www.ceneo.pl/147474791#crid=725021&pid=16557","[""nofollow""]",,"[""bezworkowy""]",12,,3,"Brak",,,,190,,78,,,"[""Akumulatorowe""]","20","5",21.6,3000,"Jest","Jest","Jest","Brak",,0.5,0.6,"Brak","Brak","Brak",,"Brak","Jest","[""LED""]",,"Brak","Brak","Brak","Brak","Jest","Brak","Brak","Brak","Brak","Brak","[""samostojąca konstrukcja odkurzacza""]",,"Tak","Tak",4.2,24,,,,,,"https://ranking-oczyszczaczy.pl/odkurzacz/tineco/ifloor-breeze/",,,,"Brak","Wskaźnik",,,,"1","nie","stick_wet",,false,
53,"published",,"f76fde35-7e8f-49bd-893d-9706def1e294","2025-02-11T11:53:06.000Z","e7bcdc1c-c375-4e8c-80b7-b5e5af3507f6","2025-05-15T06:28:31.000Z","Sharp","SA-VP3501BS","[""czarny""]","5e3b90b7-e176-4694-9960-d85e4a486c06",899,"2025-02-11",,,,,"[""nofollow"",""noopener""]",,"https://www.ceneo.pl/140684254#crid=726575&pid=16557","[""noopener"",""nofollow""]","Sprawdź na Ceneo.pl","[""bezworkowy""]",,,2,"Brak",,,,,,82,"Jest",,"[""Akumulatorowe""]","60","210",24,2600,"Brak","Brak","Brak","Brak",,,0.65,"Jest","Jest","Brak","Brak","Jest","Jest",,"4-stopniowy","Jest","Jest",,"Jest","Jest",,"Brak","Jest","Brak","Jest","[""samostojąca konstrukcja odkurzacza"",""stacja ładująca do montażu na ścianie""]","[]","Tak","Tak",2.65,24,73,60,,,,"https://ranking-oczyszczaczy.pl/odkurzacz/sharp/sharp-sa-vp4000ws/",,,"Jest",,"Procentowo","14","60",,,"tak","stick_electro",false,false,
54,"published",,"e7bcdc1c-c375-4e8c-80b7-b5e5af3507f6","2025-02-19T08:44:55.000Z","cc69ec5a-41ac-4c72-81cb-b851e58049a6","2025-03-24T13:38:22.000Z","Samsung","Bespoke Jet Plus Complete","[""biały"",""granat"",""biel""]","dedfea63-08ef-4143-9ba4-8808b01367db",2999,"2025-02-19",,,,,"[""nofollow""]",,"https://www.ceneo.pl/159899121?srsltid=AfmBOoq-B9H82IUCXteWPbsjXjvUHeofwZP44futg4VEiZdFLH7ZULu_#crid=727127&pid=16557","[""nofollow"",""noopener""]",,"[""bezworkowy""]",,,4,"Brak",,,,580,4000,86,"Jest",,"[""Akumulatorowe""]","60","3,5",25.2,2200,"Jest","Jest","Jest","Brak",150,,0.5,"Jest","Jest","Brak","Brak","Brak","Jest","[""LED""]","5-stopniowy","Jest","Jest","Jest","Brak","Jest","Jest","Brak","Jest","Jest","Jest","[""samostojąca konstrukcja odkurzacza""]",,"Tak","Tak",1.44,24,67,70,,,,"https://ranking-oczyszczaczy.pl/odkurzacz/samsung/bespoke-jet/",,,"Jest","Jest","Czasowo",,,,"2","tak","stick",false,false,
55,"published",,"94875643-bc29-4c6b-89d0-3b59e7ddf858","2025-02-25T14:30:18.000Z","cc69ec5a-41ac-4c72-81cb-b851e58049a6","2025-03-24T13:30:05.000Z","Tefal","X-Force Flex 15.60","[""czarny""]","a31b5cce-c441-4cfb-82d9-2dfa74b1ebc9",2499,,,,,,"[""nofollow"",""noopener""]",,"https://www.ceneo.pl/153594072#crid=728278&pid=16557","[""noopener"",""nofollow""]",,"[""bezworkowy""]",230,,4,"Jest",,,,550,,,"Jest",,"[""Akumulatorowe""]","80","3",,,"Jest",,,,,,,"Jest","Jest",,,,,"[""LED""]",,,"Jest","Jest",,"Jest","Jest",,,"Jest",,"[""stojak""]",,,,,,76,79,,,,"https://ranking-oczyszczaczy.pl/odkurzacz/tefal/x-force-flex-15-60/",,,,,,,,,"3","tak","stick_wet",false,false,
56,"published",,"e7bcdc1c-c375-4e8c-80b7-b5e5af3507f6","2025-02-27T14:52:30.000Z","cc69ec5a-41ac-4c72-81cb-b851e58049a6","2025-03-24T13:26:57.000Z","Miele","Miele Triflex HX2 Pro","[""biały"",""czarny""]","5ae8a195-23d1-44ad-846f-862a5da139b6",2799,"2025-03-24",,,,,"[""nofollow"",""noopener""]",,"https://www.ceneo.pl/135534456#crid=728422&pid=16557","[""nofollow""]",,"[""bezworkowy""]",192,,3,"Jest",,,,272,,73,"Jest",,"[""Akumulatorowe""]","120","4",,,"Brak","Brak",,"Brak",,,0.5,"Jest","Jest","Brak","Jest","Brak","Brak",,"3-stopniowy","Jest","Jest","Jest","Brak","Jest","Brak","Brak","Jest","Brak","Brak","[""uchwytbezładowania""]",,"Nie","Tak",3.6,24,76,83,,,,"https://ranking-oczyszczaczy.pl/odkurzacz/miele/miele-triflex-hx2-pro/",,,"Jest","Jest","Wskaźnik",,,,,"tak","stick",false,false,
57,"published",,"f76fde35-7e8f-49bd-893d-9706def1e294","2025-02-28T12:16:27.000Z","e7bcdc1c-c375-4e8c-80b7-b5e5af3507f6","2025-05-15T06:36:07.000Z","Vestfrost","VM4001WB Aqua","[""biały""]","845fbab3-3ccb-474d-8622-4210c2f5d4cd",999,"2025-03-24",,,,,"[""nofollow"",""noopener""]",,"https://www.ceneo.pl/140787369#crid=728694&pid=16557","[""noopener"",""nofollow""]","Sprawdź na Ceneo.pl","[""bezworkowy""]",,,2,,,,,220,,82,"Jest",,"[""Akumulatorowe""]","60","3,5",,2000,"Jest","Brak","Brak","Jest",0.25,,0.65,"Jest","Jest","Brak","Jest","Brak","Jest","[""LED""]","4-stopniowy",,,"Brak","Jest","Jest",,"Jest","Jest",,"Jest","[""samostojąca konstrukcja odkurzacza"",""uchwyt bez funkcji ładowania do montażu na ścianie""]",,"Tak","Tak",2.65,24,70,56,,,,"https://ranking-oczyszczaczy.pl/odkurzacz/vestfrost/vf-vm4001wb-aqua/",,60,"Jest",,,"14","60",,"3","tak","stick_wet",false,false,
58,"published",,"f76fde35-7e8f-49bd-893d-9706def1e294","2025-02-28T12:26:10.000Z","e7bcdc1c-c375-4e8c-80b7-b5e5af3507f6","2025-05-22T06:20:46.000Z","Sharp","SA-VP4000WS","[""biały""]","46e89ffc-6a91-41c9-8d0f-5df7b7328592",1099,"2025-03-24",,,,,"[""nofollow"",""noopener""]",,"https://www.ceneo.pl/140684216#crid=728696&pid=16557","[""noopener"",""nofollow""]","Sprawdź na Ceneo.pl","[""bezworkowy""]",,,2,,,,,220,,82,"Jest",,"[""Akumulatorowe""]","60","3,5",,2000,"Jest","Brak","Brak","Jest",0.25,,0.65,"Jest","Jest","Brak","Jest","Brak","Jest","[""LED""]","4-stopniowy",,,"Brak","Jest","Jest",,"Jest","Jest",,"Jest","[""samostojąca konstrukcja odkurzacza"",""uchwyt bez funkcji ładowania do montażu na ścianie""]",,"Tak","Tak",2.65,24,77,67,,,,"https://ranking-oczyszczaczy.pl/odkurzacz/sharp/sharp-sa-vp4000ws/",,60,"Jest",,,"14","60",,"3","tak","stick_wet",false,false,
59,"published",,"e7bcdc1c-c375-4e8c-80b7-b5e5af3507f6","2025-03-04T09:42:01.000Z","cc69ec5a-41ac-4c72-81cb-b851e58049a6","2025-03-24T13:53:26.000Z","Karcher","VC 4 Cordless myHome","[""czarny""]","dbd10981-1c39-4d9d-bb44-cf2f91e47242",710,"2025-03-04",,,,,"[""nofollow"",""noopener""]",,"https://www.ceneo.pl/162913127#crid=729029&pid=16557","[""nofollow""]",,"[""bezworkowy""]",,,2,"Brak",,,,250,,78,"Jest",,"[""Akumulatorowe""]","30","5,75",21.6,2500,"Brak","Brak","Brak","Brak",,,0.65,"Jest","Brak","Brak","Brak","Brak","Brak",,"3-stopniowy","Jest","Jest","Brak","Brak","Jest","Brak","Brak","Jest","Brak","Brak","[""stacjaładująca""]",,"Nie","Nie",2.4,24,38,53,,,,"https://ranking-oczyszczaczy.pl/odkurzacz/karcher/vc-4-cordless-myhome/",,,"Jest","Jest","Brak",,,,,"tak","stick",false,false,
60,"published",,"94875643-bc29-4c6b-89d0-3b59e7ddf858","2025-03-04T11:11:11.000Z","cc69ec5a-41ac-4c72-81cb-b851e58049a6","2025-03-24T13:41:51.000Z","Karcher","VC 7 Signature Line","[""czarno-srebrno-biało-żółty""]","3d4f2dd8-e655-4c2c-8500-858f7884dc80",1849,"2025-03-04",,,,,"[""nofollow"",""noopener""]",,"https://www.ceneo.pl/163874685#crid=729172&pid=16557","[""nofollow"",""noopener""]","Link do Ceneo.pl","[""bezworkowy""]",,,,"Jest",,,,,,78,"Jest",,"[""Akumulatorowe""]","60","3 godziny, 40 minut",,,,,,,,,,"Jest","Jest",,"Jest",,,"[""LED""]","3-stopniowy","Jest",,"Jest",,"Jest","Brak","Jest",,,,"[""stacjaładująca""]",,,,2.6,,71,66,,,,"https://ranking-oczyszczaczy.pl/odkurzacz/karcher/vc-7-signature-line/",,,,,,"8",,,,"tak",,false,false,
61,"published",,"e7bcdc1c-c375-4e8c-80b7-b5e5af3507f6","2025-03-07T10:54:24.000Z","cc69ec5a-41ac-4c72-81cb-b851e58049a6","2025-03-24T13:48:24.000Z","Tefal","X-Force Flex 8.60 TY9690","[""niebieski""]","cc9bfed9-152a-4167-8b73-e4affe3b47eb",1149,"2025-03-07",,,,,"[""nofollow"",""noopener""]",,"https://www.ceneo.pl/109641002?srsltid=AfmBOoqd3vBhZ6XipGRw1MKkEavfJKrbn6XYPNUFN7x6qnaISuBHvx6v#crid=729597&pid=16557","[""nofollow""]",,"[""bezworkowy""]",,,2,"Brak",,,,185,,82,"Jest",,"[""Akumulatorowe""]","45","3",22,,"Jest","Brak","Brak","Jest",0.35,,0.55,"Jest","Jest","Brak","Brak","Brak","Brak",,"3-stopniowy","Jest","Jest","Brak","Jest","Jest","Jest","Brak","Jest","Brak","Brak","[""brak""]",,"Tak","Tak",2.7,24,71,59,,,,"https://ranking-oczyszczaczy.pl/odkurzacz/tefal/x-force-flex-8-60/",,,"Jest","Jest","Wskaźnik",,,,"3","tak","stick_wet",false,false,
62,"published",,"e7bcdc1c-c375-4e8c-80b7-b5e5af3507f6","2025-03-13T10:39:08.000Z","cc69ec5a-41ac-4c72-81cb-b851e58049a6","2025-03-24T13:37:28.000Z","Xiaomi","Vacuum Cleaner G20 Lite","[""biały""]","10db4e00-da9a-432e-af36-63163809a759",389,"2025-03-13",,,,,"[""nofollow"",""noopener""]",,"https://www.ceneo.pl/167163125#crid=718934&pid=16557","[""nofollow""]",,"[""bezworkowy""]",,18000,2,"Brak",,,,215,,70,"Brak",,"[""Akumulatorowe""]","45","5",22.2,2200,"Brak","Brak","Brak","Brak",,,,"Jest","Jest","Brak","Brak","Brak","Brak",,"5-stopniowy","Jest","Jest","Brak","Brak","Jest","Brak","Brak","Brak","Jest","Brak","[""uchwytbezładowania""]","[""brak""]","Nie","Nie",2.4,24,83,70,,,,"https://ranking-oczyszczaczy.pl/odkurzacz/xiaomi/vacuum-cleaner-g20-lite/",,,"Jest","Jest","Wskaźnik",,,,,"tak","stick",false,false,
63,"published",,"e7bcdc1c-c375-4e8c-80b7-b5e5af3507f6","2025-03-19T13:00:51.000Z","309a04ad-6ef4-473d-a546-8f933d59bfd8","2025-04-23T08:01:49.000Z","Jimmy","PW11 Pro","[""czarny""]","fae41a8d-5528-486d-b114-8fa97117bf56",1699,"2025-03-24",,,,,"[""nofollow"",""noopener""]",,"https://www.ceneo.pl/172641546#crid=731418&pid=16557","[""nofollow""]",,"[""bezworkowy""]",110,21000,3,"Jest",,,,460,,80,"Jest",,"[""Akumulatorowe""]","80","5",21.6,4600,"Jest","Jest","Jest","Brak",0.6,0.45,0.3,"Jest","Jest","Brak","Jest","Brak","Jest","[""LED""]","4-stopniowy","Jest","Jest","Jest","Brak","Brak","Brak","Brak","Brak","Jest","Brak","[""samostojacakonstrukcja""]",,"Tak","Tak",4.6,24,89,91,,,,"https://ranking-oczyszczaczy.pl/odkurzacz/jimmy/pw11-pro/",,40,"Jest","Jest","Procentowo","80","40",,"1","tak","odkurzaczmyjacy",false,false,
64,"published",,"e7bcdc1c-c375-4e8c-80b7-b5e5af3507f6","2025-03-25T11:09:45.000Z","309a04ad-6ef4-473d-a546-8f933d59bfd8","2025-04-07T09:23:07.000Z","Hizero","F500","[""biały""]","8b9940c4-745d-4b83-91db-d0cddf1d471a",3549,"2025-03-25",,,,,"[]",,"https://www.ceneo.pl/171983012?srsltid=AfmBOorauBtMs6111jfHhsLcL4SCk0woLyQ2910awL8ODwTB-qKI5Xic#crid=731442&pid=16557","[""nofollow""]",,"[""bezworkowy""]",,,,"Brak",,,,38,90,60,"Brak",,"[""Akumulatorowe""]","60","5",18.25,2150,"Jest","Jest","Jest","Brak",0.5,0.5,,"Brak","Brak","Brak","Brak","Brak","Jest","[""LED""]",,"Brak",,,,"Jest","Brak","Brak","Brak","Brak","Brak","[""samostojacakonstrukcja""]","[""detergent""]","Tak","Tak",4.1,24,37,51,,,,"https://ranking-oczyszczaczy.pl/odkurzacz/hizero/f500/",60,,"Brak","Jest","Wskaźnik",,,,"1","tak","electricmop",false,false,
65,"published",,"e7bcdc1c-c375-4e8c-80b7-b5e5af3507f6","2025-03-27T11:03:37.000Z","e7bcdc1c-c375-4e8c-80b7-b5e5af3507f6","2025-05-15T07:21:32.000Z","Electrolux","Power Hygienic 800 EP81HB25WU","[""granatowo-złoty""]","9dae1e64-8f61-4036-83bc-bed89605a376",2399,"2025-03-27",,,,,"[""nofollow"",""noopener""]",,"https://www.ceneo.pl/131301089#crid=705817&pid=16557","[""nofollow""]",,"[""bezworkowy""]",153,,4,"Jest",,,,,260,79,"Jest",,"[""Akumulatorowe""]","60","2,5",25.2,2500,"Jest","Jest","Jest","Jest",,,0.4,"Jest","Jest","Jest","Jest","Brak","Jest","[""LED""]","5-stopniowy","Jest","Jest","Jest","Brak","Jest","Jest","Brak","Brak","Brak","Jest","[""samostojacakonstrukcja""]",,"Nie","Tak",2.9,24,66,63,,,,"https://ranking-oczyszczaczy.pl/odkurzacz/electrolux/power-hygienic-800/",,,"Jest","Jest","Procentowo",,,,"3","tak","stick_wet",false,false,
66,"published",,"f76fde35-7e8f-49bd-893d-9706def1e294","2025-04-01T10:04:22.000Z","e7bcdc1c-c375-4e8c-80b7-b5e5af3507f6","2025-05-15T06:26:24.000Z","Vileda","PureClean S5 Plus","[""czarny""]","8448168c-bd16-459f-bd68-1efc4ff3c2ae",1199,"2025-03-31",,,,,"[""nofollow"",""noopener""]",,"https://www.ceneo.pl/180930429#crid=732693&pid=16557","[""nofollow"",""noopener""]","Sprawdź na Ceneo.pl","[""bezworkowy""]",,,2,"Brak",,,,25,550,78,"Jest",,"[""Akumulatorowe""]","30",,31,,"Jest","Jest","Jest","Brak",0.45,0.5,,"Brak","Brak","Brak","Brak","Brak","Jest","[""LED""]","1-stopniowy","Brak","Brak","Brak","Jest","Brak","Brak","Brak","Jest","Brak","Brak","[""stojak"",""samostojacakonstrukcja""]","[""dodatkowy filtr""]","Nie","Tak",3.8,24,,,,,,"odkurzacze/vileda/pureclean-s5-plus",30,,"Brak","Brak","Procentowo",,,0.9,"1","tak","odkurzaczmyjacy",false,false,
67,"published",,"f76fde35-7e8f-49bd-893d-9706def1e294","2025-04-02T11:08:04.000Z","309a04ad-6ef4-473d-a546-8f933d59bfd8","2025-04-11T13:10:50.000Z","Beko","ErgoCleanPro VRT84225VB","[""Czarny/srebrny z niebieskimi elementami"",""czarny""]","e1770dec-651e-4c74-a993-9755eef3f656",699,"2025-04-02",,,,,"[""nofollow"",""noopener""]",,"https://www.ceneo.pl/140417286#crid=732880&pid=16557","[""nofollow"",""noopener""]","Sprawdź na Ceneo.pl","[""bezworkowy""]",,,3,"Brak",,,,350,,81,"Jest",,"[""Akumulatorowe""]","45","4",25.2,,"Jest","Brak","Brak","Jest",0.3,,0.4,"Jest","Jest","Brak","Brak","Brak","Brak","[""LED""]","2-stopniowy","Jest","Brak",,"Jest",,"Jest",,,"Brak","Brak","[""stacja do montażu na ścianie"",""samostojacakonstrukcja""]","[""Ssawka szczelinowa"",""Końcówka 2w1 do kurzu"",""Pojemnik na wodę""]",,"Tak",,24,80,69,,,,"/odkurzacz/beko/ergocleanpro-vrt84225vb/",,45,"Jest","Jest","Procentowo","10","45",,"3","tak","stick_wet",false,false,
68,"published",,"e7bcdc1c-c375-4e8c-80b7-b5e5af3507f6","2025-04-04T10:37:55.000Z","309a04ad-6ef4-473d-a546-8f933d59bfd8","2025-04-07T08:59:58.000Z","Dyson","WashG1","[""niebieski""]","bbca73e2-a964-4d29-8851-45b81a2c14a9",2399,"2025-04-04",,,,,"[""nofollow"",""noopener""]",,"https://www.ceneo.pl/173927307#crid=733208&pid=16557","[""noopener"",""nofollow""]",,"[""bezworkowy""]",,,,"Brak",,,,95,,78,"Jest",,"[""Akumulatorowe""]","35","4",,,"Jest","Jest","Jest","Brak",1,0.8,,"Brak","Brak","Brak","Brak","Brak","Jest","[""LCD""]",,"Brak",,,,"Jest","Brak","Brak","Brak","Brak","Brak","[""samostojacakonstrukcja""]",,"Tak","Nie",4.8,24,29,43,,,,"https://ranking-oczyszczaczy.pl/odkurzacz/dyson/washg1/",35,,"Brak","Jest","Procentowo",,,,"1","tak","electricmop",false,false,
69,"published",,"f76fde35-7e8f-49bd-893d-9706def1e294","2025-04-08T07:45:40.000Z","f76fde35-7e8f-49bd-893d-9706def1e294","2025-05-13T12:06:04.000Z","Bissell","SpinWave + Vac Pet Pro 3898N","[""srebrny""]","5e353b7f-f3e7-49e5-9851-0d59f2dd3b81",1499,"2025-04-08",,,,,"[""nofollow"",""noopener""]",,"https://www.ceneo.pl/179159935#crid=733632&pid=16557","[""noopener"",""nofollow""]",,"[""bezworkowy""]",,,3,"Jest",,,,300,,75,"Jest",,"[""Akumulatorowe""]","20","3",25.9,,"Jest","Jest","Brak",,0.74,,0.4,"Brak","Jest",,"Brak",,"Jest","[""LED""]","2-stopniowy","Jest","Brak",,"Jest","Jest","Jest","Brak","Brak","Brak",,"[""stojak""]",,"Tak","Tak",4.3,24,65,53,,,,"/odkurzacz/bissell/spinwave-vac-pet-pro-3898n",70,20,"Brak","Brak","Wskaźnik","20",,,"2","tak","odkurzaczmyjacy",false,false,
70,"published",,"e7bcdc1c-c375-4e8c-80b7-b5e5af3507f6","2025-04-08T11:46:38.000Z","e7bcdc1c-c375-4e8c-80b7-b5e5af3507f6","2025-04-08T12:02:29.000Z","Roborock","F25 ALT","[""czarny""]","a1b71619-780a-4c71-b7bc-de2fd9049945",2089,"2025-04-08",,,,,"[""nofollow"",""noopener""]",,,"[""nofollow"",""noopener""]",,"[""bezworkowy""]",,,3,"Brak",,,,269,450,75,"Brak",,"[""Akumulatorowe""]","60","4",21.6,4000,"Jest","Jest","Jest","Brak",0.74,0.72,,"Brak","Brak","Brak","Brak","Brak","Jest","[""LED""]","5-stopniowy","Jest","Jest","Jest","Brak","Jest","Brak","Brak","Brak","Brak","Brak","[""samostojacakonstrukcja""]",,"Nie","Tak",4.7,24,65,59,,,,"https://ranking-oczyszczaczy.pl/odkurzacz/roborock/F25-alt-ace/",60,,"Brak","Jest","Procentowo",,,,"1","tak","odkurzaczmyjacy",false,false,
71,"published",,"e7bcdc1c-c375-4e8c-80b7-b5e5af3507f6","2025-04-09T09:58:17.000Z","e7bcdc1c-c375-4e8c-80b7-b5e5af3507f6","2025-04-10T06:17:36.000Z","Laresar","V7","[""żółty""]","65e79b1c-5de5-4124-99b7-3d37409795c2",547,"2025-04-09",,,,,"[""nofollow"",""noopener""]",,"https://www.ceneo.pl/176264449?srsltid=AfmBOorx5yU8sqJoGQ1lzvoCGhVfShHGw5jnzhzkyMpjx72_i-PTarC5#crid=733776&pid=16557","[""noopener"",""nofollow""]",,"[""bezworkowy""]",,50000,3,"Jest",,,,500,180,72,"Jest",,"[""Akumulatorowe""]","60","4",25.9,20000,"Brak",,,,,,1.5,"Jest","Jest","Brak","Jest","Brak","Jest","[""LCD""]","5-stopniowy","Jest","Jest","Jest","Brak","Jest","Brak","Brak","Brak","Brak","Brak","[""stacjaładująca""]",,"Nie","Tak",4.1,24,,,,,,"https://ranking-oczyszczaczy.pl/odkurzacz/laresar/v7/",,,"Jest","Jest","Procentowo",,,,,"nie","stick_led",,false,
72,"published",,"e7bcdc1c-c375-4e8c-80b7-b5e5af3507f6","2025-04-10T11:52:14.000Z","e7bcdc1c-c375-4e8c-80b7-b5e5af3507f6","2025-05-15T07:19:03.000Z","Tefal","X-Clean 10 GF7540","[""biały""]","663107e2-7c07-4573-bc94-27f314ca709d",2199,"2025-04-10",,,,,"[""nofollow"",""noopener""]",,"https://www.ceneo.pl/181336780#crid=733999&pid=16557","[""noopener"",""nofollow""]",,"[""bezworkowy""]",,18000,5,"Jest",,,,200,550,72,"Brak",,"[""Akumulatorowe""]","60","3,5",21.6,,"Jest","Jest","Jest","Brak",670,790,,"Brak","Brak","Brak","Jest","Brak","Jest","[""LED""]","1-stopniowy",,"Brak","Brak","Brak","Jest","Brak","Brak","Brak","Brak","Brak","[""samostojacakonstrukcja""]",,"Nie","Nie",4.2,24,68,65,,,,"https://ranking-oczyszczaczy.pl/odkurzacz/tefal/x-clean-10/",,,"Brak","Jest","Procentowo",,,0.8,"1","tak","odkurzaczmyjacy",false,false,
73,"published",,"94875643-bc29-4c6b-89d0-3b59e7ddf858","2025-04-15T07:18:51.000Z","94875643-bc29-4c6b-89d0-3b59e7ddf858","2025-04-15T10:13:40.000Z","Philips","Aqua 7000","[""czarny""]","0ca157bd-e4a7-4a8d-b707-745065127921",1821,"2025-04-15",,,,,"[""nofollow"",""noopener""]",,"https://www.ceneo.pl/157742665#crid=734597&pid=16557","[""noopener"",""nofollow""]",,"[""bezworkowy""]",,,,"Jest",,,,,,,,,"[""Akumulatorowe""]",,,,,"Jest","Brak","Brak","Jest",,,0.6,,"Jest",,,"Jest","Jest","[""LCD""]",,,,,,,,,,"Jest",,"[""brak""]",,,,,,,,,,,,,,,,"Procentowo",,"80",,"3","nie",,,false,
74,"published",,"e7bcdc1c-c375-4e8c-80b7-b5e5af3507f6","2025-04-16T10:54:44.000Z","309a04ad-6ef4-473d-a546-8f933d59bfd8","2025-04-16T12:35:24.000Z","Karcher","FC 8 Smart Signature Line 1.055-711.0","[""biały""]","af76a04f-6c9a-4b2a-a958-1738655914e2",1899,"2025-04-16",,,,,"[""nofollow"",""noopener""]",,"https://www.ceneo.pl/172713674?srsltid=AfmBOoq1J3hwQMCDYDwyKyEq3vr3CFg6e67dmmAPeWAht_paLmlHJI9z#crid=734916&pid=16557","[""nofollow"",""noopener""]",,"[""bezworkowy""]",,,3,"Jest",,,,80,400,59,"Brak",,"[""Akumulatorowe""]","60",,25,2850,"Jest","Jest","Jest","Brak",400,200,,"Brak","Jest","Brak","Brak","Brak","Jest","[""LCD""]","3-stopniowy","Brak","Jest","Jest","Brak","Jest","Brak","Brak","Brak","Brak","Brak","[""samostojacakonstrukcja""]",,"Tak","Tak",4.3,24,65,70,,,,"/odkurzacz/karcher/fc-8-smart-signature-line-1-055-711-0/",,,"Brak","Jest","Procentowo",,,,"1","tak","electricmop",false,false,
75,"published",,"f76fde35-7e8f-49bd-893d-9706def1e294","2025-04-18T10:49:27.000Z","e7bcdc1c-c375-4e8c-80b7-b5e5af3507f6","2025-04-25T06:59:52.000Z","Tesla","Purestar E70 Aqua Pro","[""czarny"",""czarno-niebieski""]","f427bdfc-54b9-4755-9623-1d32f0105872",869,"2025-04-18",,,,,"[""nofollow"",""noopener""]",,"https://www.ceneo.pl/163335477#crid=735200&pid=16557","[""nofollow"",""noopener""]","Sprawdź na Ceneo.pl","[""bezworkowy""]",,,2,"Brak",,,,300,,66,"Jest",,"[""Akumulatorowe""]","60","4",29.6,2200,"Jest","Brak","Brak","Jest",,,1,"Jest","Jest","Brak","Brak","Brak","Brak","[""LED""]","2-stopniowy","Jest","Brak","Jest","Brak","Jest","Jest","Jest","Jest","Brak","Brak","[""uchwytbezładowania""]","[""Ssawka szczelinowa"",""Końcówka 2w1 do kurzu"",""Pojemnik na wodę""]","Nie","Tak",2.5,24,78,67,,,,"https://ranking-oczyszczaczy.pl/odkurzacz/tesla/purestar-e70-aqua-pro/?srsltid=AfmBOoqgcG0I2AJ482MO_ucWM_-LLBq42tzQF_3IW2VY6reOrOOGromF",,60,"Jest","Jest","Wskaźnik","10","60",,"3","tak","stick_wet",false,false,
76,"published",,"e7bcdc1c-c375-4e8c-80b7-b5e5af3507f6","2025-04-22T09:11:00.000Z","309a04ad-6ef4-473d-a546-8f933d59bfd8","2025-05-15T06:18:50.000Z","Jimmy","PW11 Pro Max","[""czarny""]","ed017644-80d9-49cd-a1b3-1fc6537c9f9f",2099,"2025-04-22",,,,,"[""nofollow"",""noopener""]",,"https://www.ceneo.pl/170956779?srsltid=AfmBOoqgSqiRNVVoHmDW6Z9Q8xY0rdOcEV5QSQzh_PtP-2AyVfc08-sg#crid=735474&pid=16557","[""nofollow"",""noopener""]",,"[""bezworkowy""]",110,21000,3,"Jest",,,,460,,80,"Jest",,"[""Akumulatorowe""]","80","5",21.6,4600,"Jest","Jest","Jest","Brak",0.6,0.45,0.3,"Jest","Jest","Jest","Jest","Brak","Jest","[""LED""]","4-stopniowy","Jest","Jest","Jest","Brak","Jest","Brak","Brak","Brak","Jest","Brak","[""samostojacakonstrukcja""]",,"Tak","Tak",4.6,24,87,90,,,,"https://ranking-oczyszczaczy.pl/odkurzacz/jimmy/pw11-pro-max/",,40,"Jest","Jest","Procentowo","80","40",,"1","tak","stick_wet",false,false,
77,"published",,"f76fde35-7e8f-49bd-893d-9706def1e294","2025-04-24T10:48:04.000Z","e7bcdc1c-c375-4e8c-80b7-b5e5af3507f6","2025-05-15T06:32:37.000Z","Dreame","Z30 Aquacycle","[""srebrny"",""czarno-srebrny""]","9f302d30-732a-4ef7-b892-9efc5a86dd99",2599,"2025-04-24",,,,,"[""nofollow"",""noopener""]",,,"[""nofollow"",""noopener""]","Sprawdź na Ceneo.pl","[""bezworkowy""]",310,28000,3,"Jest","28000",,,,,,"Jest",,"[""Akumulatorowe""]","90","4",29.6,3200,"Jest","Jest","Brak","Jest",0.25,,0.6,"Jest","Jest",,"Jest","Jest","Jest","[""LED""]","5-stopniowy","Jest","Jest","Brak","Brak","Jest","Jest","Jest","Jest","Jest",,"[""uchwyt ze stacją ładującą"",""stacja do montażu na ścianie""]","[""Wąż przedłużający"",""Dysza szczelinowa"",""Szczotka wielofunkcyjna"",""Dysza szczotkowa 2w1"",""Minielektroszczotka do materacy""]","Tak","Nie",3.15,,73,76,,,,"https://ranking-oczyszczaczy.pl/odkurzacz/dreame/z30-aquacycle/",40,90,"Jest","Jest","Wskaźnik","10","90",,"1","tak","stick_wet",false,false,
78,"published",,"e7bcdc1c-c375-4e8c-80b7-b5e5af3507f6","2025-04-24T12:10:38.000Z","e7bcdc1c-c375-4e8c-80b7-b5e5af3507f6","2025-05-15T07:09:38.000Z","GÖTZE & JENSEN","VV700","[""czarny""]","d1bb7493-5291-4a79-af9a-c8770ec01f82",1199,"2025-04-24",,,,,"[""nofollow"",""noopener""]",,"https://www.ceneo.pl/160725961?srsltid=AfmBOopXoa2b_jmSzfrUdmNO8Gm3xRoBHA4M4An26srF7IrLmHjL_AvF#crid=735901&pid=16557","[""noopener"",""nofollow""]",,"[""bezworkowy""]",,26500,3,"Brak",,,,450,,60,"Jest",,"[""Akumulatorowe""]","60","3,5",21.6,4000,"Brak","Brak","Brak","Brak",,,0.6,"Jest","Jest","Brak","Brak","Brak","Jest","[""LED""]","5-stopniowy","Jest","Jest","Jest","Brak","Jest","Jest","Brak","Brak","Jest","Brak","[""stacjaładująca""]",,"Tak","Tak",1.6,24,93,92,,,,"https://ranking-oczyszczaczy.pl/odkurzacz/goetze-jensen/vv700/",,,"Jest","Jest","Procentowo",,,,,"tak","stick_led",false,false,
79,"published",,"94875643-bc29-4c6b-89d0-3b59e7ddf858","2025-04-28T08:14:07.000Z","f76fde35-7e8f-49bd-893d-9706def1e294","2025-05-13T12:04:32.000Z","Bissell","CrossWave HydroSteam PET Pro 3528N","[""czarny""]","26bb2fc3-c650-4d45-8c05-d27e48a149ff",2079,"2025-04-28",,,,,"[""nofollow"",""noopener""]",,"https://www.ceneo.pl/158657076#crid=736286&pid=16557","[""nofollow"",""noopener""]",,"[""bezworkowy""]",30,,,,,,,1100,,,,7.5,"[""Sieciowe""]",,,,,"Jest","Jest","Jest","Jest",820,640,,,"Jest","Brak",,,"Brak",,,,,,,,,,,,,,,,,5.67,,,,,,,"https://ranking-oczyszczaczy.pl/odkurzacz/bissell/crosswave-hydrosteam-pet-pro-3528n/",,,,,,,,,"2","nie","odkurzaczmyjacy",,false,
80,"published",,"e7bcdc1c-c375-4e8c-80b7-b5e5af3507f6","2025-05-06T07:03:27.000Z","e7bcdc1c-c375-4e8c-80b7-b5e5af3507f6","2025-05-15T07:09:51.000Z","Shark","Detect Pro IW3611EU","[""biały""]","2b3a4add-4aa1-4b5e-ae87-9be6f0f38262",1159,"2025-05-06",,,,,"[""nofollow"",""noopener""]",,"https://www.ceneo.pl/167806452?srsltid=AfmBOopyX0EmgQg3H41tEK8docqa5M5K4JbtrN8dzA1oaK7Dj9WJhmJ7#crid=737213&pid=16557","[""nofollow"",""noopener""]",,"[""bezworkowy""]",,16000,3,"Jest",,,,240,,80,"Brak",,"[""Akumulatorowe""]","60","4,5",21.6,2500,"Brak",,,,,,,"Jest","Jest","Brak","Jest","Jest","Jest","[""LED""]","3-stopniowy","Jest","Jest","Jest","Brak","Jest","Jest","Brak","Brak","Brak","Brak","[""samostojacakonstrukcja""]",,"Tak","Tak",2.78,60,61,82,,,,"https://ranking-oczyszczaczy.pl/odkurzacz/shark/detect-pro-iw3611eu/",,,"Jest","Jest","Procentowo",,,,,"tak","stick_electro",false,false,
81,"published",,"f76fde35-7e8f-49bd-893d-9706def1e294","2025-05-06T11:36:29.000Z","f76fde35-7e8f-49bd-893d-9706def1e294","2025-05-09T14:16:22.000Z","Dreame","H15 Pro","[""czarny""]","43e8838b-2878-4bae-a911-3c208dbad1ad",2299,"2025-05-06",,,,,"[""nofollow"",""noopener""]",,"https://www.ceneo.pl/181476191#crid=737260&pid=16557","[""nofollow"",""noopener""]","Sprawdź na Ceneo.pl","[""bezworkowy""]",,21000,3,"Jest","21000",,,,,76,"Jest",,"[""Akumulatorowe""]","60","4",21.6,5200,"Jest","Jest","Brak","Jest",0.78,0.7,,"Jest","Jest",,"Jest","Jest","Jest","[""LED""]","5-stopniowy","Jest","Jest","Brak","Jest","Jest","Jest","Brak","Jest","Brak",,"[""uchwyt ze stacją ładującą"",""stacja do montażu na ścianie""]","[""Dysza szczelinowa"",""Szczotka wielofunkcyjna"",""Dysza szczotkowa 2w1"",""Minielektroszczotka do materacy""]","Tak","Nie",5.8,24,,,,,,"/odkurzacz/dreame/h15-pro",40,60,"Jest","Jest","Procentowo","10","60",,"1","nie","odkurzaczmyjacy",false,false,
82,"published",,"e7bcdc1c-c375-4e8c-80b7-b5e5af3507f6","2025-05-07T09:55:31.000Z","e7bcdc1c-c375-4e8c-80b7-b5e5af3507f6","2025-05-15T07:12:12.000Z","Samsung","Jet 75E Complete","[""srebrny""]","5ae2a1d5-60c0-4e41-ba21-5af449fd77f6",1499,"2025-05-07",,,,,"[""nofollow"",""noopener""]",,"https://www.ceneo.pl/156419089?srsltid=AfmBOopP5mzS1vqv2T1z7Z9HbmhwkYPv5Y6IvGVIAWbctEWvcnsSYGiS#crid=737235&pid=16557","[""nofollow"",""noopener""]",,"[""bezworkowy""]",,,3,"Brak",,,,550,,86,"Jest",,"[""Akumulatorowe""]","60","3,5",21.6,2000,"Brak",,,,,,0.8,"Jest","Jest","Brak","Brak","Brak","Jest","[""LED""]","5-stopniowy","Jest","Jest","Jest","Brak","Jest","Brak","Brak","Brak","Brak","Brak","[""uchwytbezładowania""]",,"Tak","Tak",2.6,24,68,57,,,,"https://ranking-oczyszczaczy.pl/odkurzacz/samsung/jet-75e-complete/",,,"Jest","Jest","Wskaźnik",,,,,"tak","stick",false,false,
83,"published",,"e7bcdc1c-c375-4e8c-80b7-b5e5af3507f6","2025-05-09T12:28:58.000Z","e7bcdc1c-c375-4e8c-80b7-b5e5af3507f6","2025-05-15T07:15:14.000Z","Dyson","V15S Detect Submarine","[""srebrny""]","d73ec860-f657-4ef3-8030-2c84f75a18df",3244,"2025-05-09",,,,,"[""nofollow"",""noopener""]",,"https://www.ceneo.pl/159411838?srsltid=AfmBOoqt3WyG4xsV6E2oOI9th5yBv9Gu-T98I8A0bBgVxTcBILV4_PFZ#crid=737947&pid=16557","[""nofollow"",""noopener""]",,"[""bezworkowy""]",240,,3,"Jest",,,,550,,76,"Jest",,"[""Akumulatorowe""]","120","4",25.2,3600,"Jest","Jest","Brak","Brak",0.3,0.36,0.77,"Jest","Jest","Brak","Jest","Jest","Jest","[""LCD""]","5-stopniowy","Jest","Jest","Jest","Brak","Jest","Brak","Brak","Brak","Jest","Brak","[""stacjaładująca""]",,"Tak","Tak",2.7,24,80,88,,,,"https://ranking-oczyszczaczy.pl/odkurzacz/dyson/v15s-detect-submarine/",120,60,"Jest","Jest","Procentowo","20","60",,"1","tak","stick_wet",false,false,
84,"published",,"e7bcdc1c-c375-4e8c-80b7-b5e5af3507f6","2025-05-14T10:38:39.000Z","e7bcdc1c-c375-4e8c-80b7-b5e5af3507f6","2025-05-15T07:13:55.000Z","Xiaomi","Truclean W10 Ultra Wet Dry Vacuum","[""biały""]","261b7e32-2643-4c1c-8b7e-f658098bebd2",2299,"2025-05-14",,,,,"[""nofollow"",""noopener""]",,"https://www.ceneo.pl/140540423#crid=738471&pid=16557","[""nofollow"",""noopener""]",,"[""bezworkowy""]",,,3,"Jest",,,,220,900,83,"Jest",,"[""Akumulatorowe""]","35","5",21.6,3860,"Jest","Jest","Jest","Brak",745,640,,"Brak","Brak","Brak","Jest","Brak","Jest","[""LED""]","3-stopniowy","Brak","Jest","Brak","Brak","Jest","Brak","Brak","Brak","Brak","Brak","[""samostojacakonstrukcja""]",,"Tak","Tak",5.4,24,49,43,,,,"https://ranking-oczyszczaczy.pl/odkurzacz/xiaomi/truclean-w10-ultra-wet-dry-vacuum/",,,"Brak","Jest","Procentowo",,,,"1","tak","odkurzaczmyjacy",false,false,
85,"published",,"94875643-bc29-4c6b-89d0-3b59e7ddf858","2025-05-20T09:18:57.000Z","94875643-bc29-4c6b-89d0-3b59e7ddf858","2025-05-21T10:13:39.000Z","Dreame","R20 Aqua","[""srebrny""]","32b3b324-9ba9-4428-b247-5c3ae676945f",1503,"2025-05-20",,,,,"[""nofollow"",""noopener""]",,"https://www.ceneo.pl/176099758#crid=739085&pid=16557","[""nofollow"",""noopener""]",,"[""bezworkowy""]",,27000,,,,,,190,,,"Jest",,"[""Akumulatorowe""]","90","4",,,"Jest","Jest",,"Jest",0.2,,0.2,"Jest","Jest",,"Jest",,"Jest","[]",,,,,"Jest","Jest",,,"Jest","Jest",,,,,,1.76,,,,,,,"https://ranking-oczyszczaczy.pl/odkurzacz/dreame/r20-aqua/",,,"Jest",,"Procentowo",,,,"2","nie","stick_wet",,false,
86,"published",,"94875643-bc29-4c6b-89d0-3b59e7ddf858","2025-06-11T08:10:06.000Z",,,"Zelmer","Zelmer ZSVC912BF PET Paweł","[""czarny""]","46b0a57a-eda0-461c-af26-1f7d7b193980",1099,"2025-06-11",,,,,"[""nofollow"",""noopener""]",,"https://www.ceneo.pl/183770002#crid=741464&pid=16557","[""nofollow"",""noopener""]",,"[""bezworkowy""]",,,,,,,,500,,78,"Jest",,"[""Akumulatorowe""]","55","5",,,"Brak",,,,,,0.6,"Jest","Jest",,"Jest",,"Jest",,,,,,"Jest","Jest","Jest","Jest",,,,"[""brak""]",,,,4.3,,,,,,,,,,,,,,,,,"nie","stick_electro",,false,
87,"published",,"e7bcdc1c-c375-4e8c-80b7-b5e5af3507f6","2025-06-18T06:58:32.000Z","e7bcdc1c-c375-4e8c-80b7-b5e5af3507f6","2025-06-18T10:22:56.000Z","Beldray","Odkurzacz pionowy z technologią cyklonową","[""srebrny""]","1773d6f5-90e8-418f-8229-36af2cc9ceca",169,"2025-06-18",,,,,"[""nofollow"",""noopener""]",,"https://www.lidl.pl/p/beldray-odkurzacz-pionowy-z-technologia-cyklonowa-600-w/p100389852","[""nofollow"",""noopener""]",,"[""bezworkowy""]",,,,"Brak",,,,600,,,"Brak",5,"[""Sieciowe""]",,,,,"Brak","Brak","Brak","Brak",,,,"Jest","Brak","Brak","Brak","Brak","Brak",,,"Jest","Brak","Brak","Brak","Jest","Brak","Brak","Jest","Brak","Jest","[""brak""]",,"Nie","Nie",2.75,24,,,,,,"https://ranking-oczyszczaczy.pl/odkurzacz/pionowy/lidl/",,,"Jest","Brak","Brak",,,,,"nie","stick",,false,
88,"published",,"e7bcdc1c-c375-4e8c-80b7-b5e5af3507f6","2025-06-24T07:40:09.000Z",,,"Greenote","GSC60","[""niebieski""]","8cdd50ca-ca49-489e-ab56-87732892d1ca",499,"2025-06-24",,,,,"[""nofollow"",""noopener""]",,"https://home.biedronka.pl/greenote-odkurzacz-pionowy-greenote-gsc60-bezprzewodowy-33-kpa-z-akcesoriami-000000000000596331.html","[""nofollow"",""noopener""]",,"[""bezworkowy""]",,33000,3,"Brak",,,,480,180000,70,"Jest",,"[""Akumulatorowe""]","55","3,5",,2500,"Brak","Brak","Brak","Brak",,,1.2,"Jest","Jest","Brak","Brak","Brak","Jest","[""LED""]","5-stopniowy","Jest","Jest","Jest","Brak","Jest","Brak","Brak","Jest","Jest","Jest","[""uchwytbezładowania""]",,"Tak","Tak",2.3,24,,,,,,,,,"Jest","Jest","Procentowo","13",,,,"nie","stick",,false,